Date,Time,Step,Temp_C,Dist_km,Rad_cm,Spd_kph,Req_Ld_kg,Act_Ld_kg,Req_Inf_psi,Act_Inf_psi,Camb_deg,Defl_mm,Tire_Spd_rpm,CAT_C,Ir_A_C,Ir_B_C,Ir_C_C
2022-03-07 00:00:00,13:09:01,1,30.1,0.0,49.9,0.0,2343.0,2337.05,0.0,-1.2,0.0,25.7,0.0,199.4,31.0,30.3,29.4
2022-03-07 00:00:00,13:10:01,1,29.0,0.0,49.9,72.0,2343.0,2343.24,0.0,-1.2,0.0,25.8,374.35,199.4,32.2,35.5,30.6
2022-03-07 00:00:00,13:11:01,1,29.1,0.0,49.9,72.0,2343.0,2342.71,0.0,-1.2,0.0,25.7,373.83,199.4,33.6,37.4,31.2
2022-03-07 00:00:00,13:12:01,1,29.1,0.0,49.9,72.0,2343.0,2342.75,0.0,-1.2,0.0,25.6,373.66,199.4,34.6,38.6,31.8
2022-03-07 00:00:00,13:13:01,1,29.2,0.0,49.9,72.0,2343.0,2342.46,0.0,-1.2,0.0,25.5,373.53,199.4,35.4,39.6,32.1
2022-03-07 00:00:00,13:14:01,1,29.2,0.0,50.0,72.0,2343.0,2342.67,0.0,-1.2,0.0,25.4,373.42,199.4,36.0,40.3,32.4
2022-03-07 00:00:00,13:15:01,1,29.3,0.0,50.0,72.0,2343.0,2342.89,0.0,-1.2,0.0,25.3,373.3,199.4,36.5,40.9,32.7
2022-03-07 00:00:00,13:16:01,1,29.2,0.0,50.0,72.0,2343.0,2342.36,0.0,-1.2,0.0,25.3,373.21,199.4,37.0,41.4,33.0
2022-03-07 00:00:00,13:17:01,1,29.2,0.0,50.0,72.0,2343.0,2342.14,0.0,-1.2,0.0,25.2,373.12,199.4,37.3,41.9,33.3
2022-03-07 00:00:00,13:18:01,1,29.2,0.0,50.0,72.0,2343.0,2342.21,0.0,-1.2,0.0,25.1,373.03,199.4,37.6,42.2,33.5
2022-03-07 00:00:00,13:19:01,1,29.1,0.0,50.0,72.0,2343.0,2342.67,0.0,-1.2,0.0,25.1,372.95,199.4,37.8,42.6,33.9
2022-03-07 00:00:00,13:20:01,1,29.0,0.0,50.0,72.0,2343.0,2342.25,0.0,-1.2,0.0,25.0,372.86,199.4,38.1,42.9,34.0
2022-03-07 00:00:00,13:21:01,1,29.1,0.0,50.0,72.0,2343.0,2342.21,0.0,-1.2,0.0,24.9,372.8,199.4,38.3,43.2,34.2
2022-03-07 00:00:00,13:22:01,1,29.2,0.0,50.0,72.0,2343.0,2343.1,0.0,-1.2,0.0,24.9,372.73,199.4,38.4,43.5,34.3
2022-03-07 00:00:00,13:23:01,1,29.1,0.0,50.0,72.0,2343.0,2343.17,0.0,-1.2,0.0,24.8,372.69,199.4,38.5,43.8,34.5
2022-03-07 00:00:00,13:24:01,1,29.2,0.0,50.0,72.0,2343.0,2342.46,0.0,-1.2,0.0,24.7,372.62,199.4,38.7,44.0,34.6
2022-03-07 00:00:00,13:25:01,1,29.2,0.0,50.0,72.0,2343.0,2343.03,0.0,-1.2,0.0,24.7,372.56,199.4,39.0,44.1,34.6
2022-03-07 00:00:00,13:26:01,1,29.1,0.0,50.0,72.0,2343.0,2342.36,0.0,-1.2,0.0,24.6,372.52,199.4,39.0,44.3,34.7
2022-03-07 00:00:00,13:27:01,1,29.2,0.0,50.0,72.0,2343.0,2342.89,0.0,-1.2,0.0,24.6,372.46,199.4,39.1,44.5,34.9
2022-03-07 00:00:00,13:28:01,1,29.1,0.0,50.1,72.0,2343.0,2342.25,0.0,-1.2,0.0,24.5,372.42,199.4,39.3,44.6,34.9
2022-03-07 00:00:00,13:29:01,1,29.2,0.0,50.1,72.0,2343.0,2342.85,0.0,-1.2,0.0,24.4,372.37,199.4,39.3,45.0,35.0
2022-03-07 00:00:00,13:30:01,1,29.2,0.0,50.1,72.0,2343.0,2342.67,0.0,-1.2,0.0,24.4,372.33,199.4,39.5,45.2,35.0
2022-03-07 00:00:00,13:31:01,1,29.3,0.0,50.1,72.0,2343.0,2342.25,0.0,-1.2,0.0,24.4,372.3,199.4,39.7,45.3,35.0
2022-03-07 00:00:00,13:32:01,1,29.2,0.0,50.1,72.0,2343.0,2342.99,0.0,-1.2,0.0,24.3,372.25,199.4,39.8,45.4,35.2
2022-03-07 00:00:00,13:33:01,1,29.2,0.0,50.1,72.0,2343.0,2342.96,0.0,-1.2,0.0,24.3,372.23,199.4,39.8,45.7,35.3
2022-03-07 00:00:00,13:34:01,1,29.2,0.0,50.1,72.0,2343.0,2342.43,0.0,-1.2,0.0,24.3,372.19,199.4,40.0,45.7,35.3
2022-03-07 00:00:00,13:35:01,1,29.2,0.0,50.1,72.0,2343.0,2342.32,0.0,-1.2,0.0,24.2,372.15,199.4,40.1,45.8,35.3
2022-03-07 00:00:00,13:36:01,1,29.1,0.0,50.1,72.0,2343.0,2342.25,0.0,-1.2,0.0,24.2,372.12,199.4,40.2,45.9,35.4
2022-03-07 00:00:00,13:37:01,1,29.1,0.0,50.1,72.0,2343.0,2342.64,0.0,-1.2,0.0,24.2,372.09,199.4,40.2,46.1,35.5
2022-03-07 00:00:00,13:38:01,1,29.1,0.0,50.1,72.0,2343.0,2343.1,0.0,-1.2,0.0,24.1,372.06,199.4,40.4,46.2,35.6
2022-03-07 00:00:00,13:39:01,1,29.1,0.0,50.1,72.0,2343.0,2343.17,0.0,-1.2,0.0,24.1,372.04,199.4,40.3,46.3,35.5
2022-03-07 00:00:00,13:40:01,1,29.2,0.0,50.1,72.0,2343.0,2342.64,0.0,-1.2,0.0,24.1,372.02,199.4,40.6,46.4,35.6
2022-03-07 00:00:00,13:41:01,1,29.0,0.0,50.1,72.0,2343.0,2342.99,0.0,-1.2,0.0,24.1,371.99,199.4,40.6,46.3,35.6
2022-03-07 00:00:00,13:42:01,1,29.2,0.0,50.1,72.0,2343.0,2343.03,0.0,-1.2,0.0,24.1,371.97,199.4,40.6,46.4,35.6
2022-03-07 00:00:00,13:43:01,1,29.0,0.0,50.1,72.0,2343.0,2342.92,0.0,-1.2,0.0,24.0,371.95,199.4,40.9,46.5,35.8
2022-03-07 00:00:00,13:44:01,1,29.3,0.0,50.1,72.0,2343.0,2342.75,0.0,-1.2,0.0,24.0,371.92,199.4,41.0,46.7,35.7
2022-03-07 00:00:00,13:45:01,1,29.2,0.0,50.1,72.0,2343.0,2342.18,0.0,-1.2,0.0,23.9,371.91,199.4,41.0,46.7,35.9
2022-03-07 00:00:00,13:46:01,1,29.2,0.0,50.1,72.0,2343.0,2342.07,0.0,-1.2,0.0,23.9,371.89,199.4,41.1,46.8,35.8
2022-03-07 00:00:00,13:47:01,1,29.3,0.0,50.1,72.0,2343.0,2342.18,0.0,-1.2,0.0,23.9,371.87,199.4,41.1,46.8,35.8
2022-03-07 00:00:00,13:48:01,1,29.3,0.0,50.1,72.0,2343.0,2342.92,0.0,-1.2,0.0,23.9,371.85,199.4,41.2,46.9,35.8
2022-03-07 00:00:00,13:49:01,1,29.3,0.0,50.1,72.0,2343.0,2343.03,0.0,-1.2,0.0,23.8,371.83,199.4,41.3,47.0,35.8
2022-03-07 00:00:00,13:50:01,1,29.3,0.0,50.1,72.0,2343.0,2342.6,0.0,-1.2,0.0,23.8,371.81,199.4,41.3,47.0,36.0
2022-03-07 00:00:00,13:51:01,1,29.4,0.0,50.1,72.0,2343.0,2342.96,0.0,-1.2,0.0,23.8,371.81,199.4,41.4,47.0,35.9
2022-03-07 00:00:00,13:52:01,1,29.1,0.0,50.1,72.0,2343.0,2341.93,0.0,-1.2,0.0,23.8,371.79,199.4,41.4,47.0,35.9
2022-03-07 00:00:00,13:53:01,1,29.2,0.0,50.1,72.0,2343.0,2342.96,0.0,-1.2,0.0,23.8,371.78,199.4,41.5,47.2,36.0
2022-03-07 00:00:00,13:54:01,1,29.3,0.0,50.1,72.0,2343.0,2342.99,0.0,-1.2,0.0,23.8,371.76,199.4,41.5,47.2,35.9
2022-03-07 00:00:00,13:55:01,1,29.4,0.0,50.1,72.0,2343.0,2342.92,0.0,-1.2,0.0,23.7,371.75,199.4,41.5,47.2,36.0
2022-03-07 00:00:00,13:56:01,1,29.4,0.0,50.1,72.0,2343.0,2342.11,0.0,-1.2,0.0,23.7,371.75,199.4,41.6,47.1,36.0
2022-03-07 00:00:00,13:57:01,1,29.3,0.0,50.1,72.0,2343.0,2342.57,0.0,-1.2,0.0,23.7,371.72,199.4,41.7,47.3,36.1
2022-03-07 00:00:00,13:58:01,1,29.2,0.0,50.1,72.0,2343.0,2342.99,0.0,-1.2,0.0,23.7,371.71,199.4,41.8,47.4,36.0
2022-03-07 00:00:00,13:59:01,1,29.4,0.0,50.1,72.0,2343.0,2342.78,0.0,-1.2,0.0,23.7,371.69,199.4,41.7,47.4,36.1
2022-03-07 00:00:00,14:00:01,1,29.4,0.0,50.1,72.0,2343.0,2342.04,0.0,-1.2,0.0,23.7,371.69,199.4,41.8,47.3,36.1
2022-03-07 00:00:00,14:01:01,1,29.4,0.0,50.1,72.0,2343.0,2342.96,0.0,-1.2,0.0,23.7,371.68,199.4,41.9,47.5,36.2
2022-03-07 00:00:00,14:02:01,1,29.4,0.0,50.1,72.0,2343.0,2343.17,0.0,-1.2,0.0,23.6,371.66,199.4,41.9,47.4,36.1
2022-03-07 00:00:00,14:03:01,1,29.4,0.0,50.1,72.0,2343.0,2341.75,0.0,-1.2,0.0,23.6,371.66,199.4,41.8,47.6,36.2
2022-03-07 00:00:00,14:04:01,1,29.9,0.0,50.1,72.0,2343.0,2342.82,0.0,-1.2,0.0,23.6,371.66,199.4,42.1,47.6,36.3
2022-03-07 00:00:00,14:05:01,1,29.6,0.0,50.1,72.0,2343.0,2343.21,0.0,-1.2,0.0,23.6,371.64,199.4,42.1,47.5,36.1
2022-03-07 00:00:00,14:06:01,1,29.9,0.0,50.1,72.0,2343.0,2342.18,0.0,-1.2,0.0,23.6,371.63,199.4,42.3,47.8,36.4
2022-03-07 00:00:00,14:07:01,1,30.3,0.0,50.1,72.0,2343.0,2342.85,0.0,-1.2,0.0,23.6,371.62,199.4,42.4,47.8,36.3
2022-03-07 00:00:00,14:08:01,1,30.7,0.0,50.1,72.0,2343.0,2342.21,0.0,-1.2,0.0,23.6,371.6,199.4,42.4,47.9,36.5
2022-03-07 00:00:00,14:09:01,1,31.0,0.0,50.1,72.0,2343.0,2343.1,0.0,-1.2,0.0,23.6,371.61,199.4,42.6,48.0,36.4
2022-03-07 00:00:00,14:10:01,1,31.1,0.0,50.1,72.0,2343.0,2342.96,0.0,-1.2,0.0,23.6,371.59,199.4,42.6,48.0,36.4
2022-03-07 00:00:00,14:11:01,1,31.1,0.0,50.1,72.0,2343.0,2342.11,0.0,-1.2,0.0,23.6,371.59,199.4,42.8,48.0,36.4
2022-03-07 00:00:00,14:12:01,1,31.2,0.0,50.1,72.0,2343.0,2343.03,0.0,-1.2,0.0,23.5,371.57,199.4,42.8,48.2,36.4
2022-03-07 00:00:00,14:13:01,1,31.3,0.0,50.1,72.0,2343.0,2341.61,0.0,-1.2,0.0,23.5,371.56,199.4,43.0,48.2,36.4
2022-03-07 00:00:00,14:14:01,1,31.4,0.0,50.1,72.0,2343.0,2343.31,0.0,-1.2,0.0,23.5,371.56,199.4,43.0,48.4,36.4
2022-03-07 00:00:00,14:15:01,1,31.5,0.0,50.1,72.0,2343.0,2342.89,0.0,-1.2,0.0,23.5,371.56,199.4,43.1,48.4,36.4
2022-03-07 00:00:00,14:16:01,1,31.6,0.0,50.1,72.0,2343.0,2342.78,0.0,-1.2,0.0,23.5,371.53,199.4,43.2,48.5,36.4
2022-03-07 00:00:00,14:17:01,1,31.6,0.0,50.2,72.0,2343.0,2343.35,0.0,-1.2,0.0,23.5,371.54,199.4,43.3,48.7,36.5
2022-03-07 00:00:00,14:18:01,1,31.7,0.0,50.2,72.0,2343.0,2342.5,0.0,-1.2,0.0,23.5,371.52,199.4,43.4,48.7,36.6
2022-03-07 00:00:00,14:19:01,1,31.7,0.0,50.2,72.0,2343.0,2342.67,0.0,-1.2,0.0,23.5,371.52,199.4,43.5,48.8,36.7
2022-03-07 00:00:00,14:20:01,1,31.8,0.0,50.2,72.0,2343.0,2341.93,0.0,-1.2,0.0,23.5,371.51,199.4,43.5,49.1,36.9
2022-03-07 00:00:00,14:21:01,1,31.9,0.0,50.2,72.0,2343.0,2343.03,0.0,-1.2,0.0,23.5,371.49,199.4,43.6,49.1,36.9
2022-03-07 00:00:00,14:22:01,1,32.0,0.0,50.2,72.0,2343.0,2342.04,0.0,-1.2,0.0,23.5,371.51,199.4,43.8,49.2,36.9
2022-03-07 00:00:00,14:23:01,1,32.0,0.0,50.2,72.0,2343.0,2342.85,0.0,-1.2,0.0,23.4,371.49,199.4,43.8,49.3,37.1
2022-03-07 00:00:00,14:24:01,1,32.1,0.0,50.2,72.0,2343.0,2342.39,0.0,-1.2,0.0,23.4,371.48,199.4,43.9,49.4,37.1
2022-03-07 00:00:00,14:25:01,1,32.2,0.0,50.2,72.0,2343.0,2342.99,0.0,-1.2,0.0,23.4,371.47,199.4,43.9,49.5,37.1
2022-03-07 00:00:00,14:26:01,1,32.2,0.0,50.2,72.0,2343.0,2342.78,0.0,-1.2,0.0,23.4,371.46,199.4,44.1,49.6,37.3
2022-03-07 00:00:00,14:27:01,1,32.2,0.0,50.2,72.0,2343.0,2343.28,0.0,-1.2,0.0,23.4,371.47,199.4,44.1,49.7,37.4
2022-03-07 00:00:00,14:28:01,1,32.3,0.0,50.2,72.0,2343.0,2343.13,0.0,-1.2,0.0,23.4,371.44,199.4,44.3,49.7,37.3
2022-03-07 00:00:00,14:29:01,1,32.4,0.0,50.2,72.0,2343.0,2342.78,0.0,-1.2,0.0,23.4,371.44,199.4,44.3,50.0,37.5
2022-03-07 00:00:00,14:30:01,1,32.4,0.0,50.2,72.0,2343.0,2343.31,0.0,-1.2,0.0,23.4,371.45,199.4,44.4,50.0,37.5
2022-03-07 00:00:00,14:31:01,1,32.5,0.0,50.2,72.0,2343.0,2342.21,0.0,-1.2,0.0,23.4,371.44,199.4,44.5,50.1,37.7
2022-03-07 00:00:00,14:32:01,1,32.5,0.0,50.2,72.0,2343.0,2342.78,0.0,-1.2,0.0,23.4,371.43,199.4,44.5,50.2,37.9
2022-03-07 00:00:00,14:33:01,1,32.6,0.0,50.2,72.0,2343.0,2342.32,0.0,-1.2,0.0,23.4,371.43,199.4,44.6,50.3,38.0
2022-03-07 00:00:00,14:34:01,1,32.7,0.0,50.2,72.0,2343.0,2343.06,0.0,-1.2,0.0,23.4,371.42,199.4,44.7,50.3,38.0
2022-03-07 00:00:00,14:35:01,1,32.6,0.0,50.2,72.0,2343.0,2342.99,0.0,-1.2,0.0,23.4,371.41,199.4,44.8,50.4,38.0
2022-03-07 00:00:00,14:36:01,1,32.9,0.0,50.2,72.0,2343.0,2342.57,0.0,-1.2,0.0,23.3,371.39,199.4,44.8,50.6,38.3
2022-03-07 00:00:00,14:37:01,1,32.8,0.0,50.2,72.0,2343.0,2343.17,0.0,-1.2,0.0,23.3,371.4,199.4,44.9,50.6,38.2
2022-03-07 00:00:00,14:38:01,1,32.9,0.0,50.2,72.0,2343.0,2342.04,0.0,-1.2,0.0,23.3,371.39,199.4,45.0,50.8,38.3
2022-03-07 00:00:00,14:39:01,1,33.0,0.0,50.2,72.0,2343.0,2342.99,0.0,-1.2,0.0,23.3,371.38,199.4,45.1,50.8,38.4
2022-03-07 00:00:00,14:40:01,1,33.0,0.0,50.2,72.0,2343.0,2343.35,0.0,-1.2,0.0,23.3,371.38,199.4,45.2,50.8,38.5
2022-03-07 00:00:00,14:41:01,1,33.1,0.0,50.2,72.0,2343.0,2342.04,0.0,-1.2,0.0,23.3,371.38,199.4,45.3,50.9,38.5
2022-03-07 00:00:00,14:42:01,1,33.1,0.0,50.2,72.0,2343.0,2342.99,0.0,-1.2,0.0,23.3,371.37,199.4,45.4,51.0,38.7
2022-03-07 00:00:00,14:43:01,1,33.1,0.0,50.2,72.0,2343.0,2342.53,0.0,-1.2,0.0,23.3,371.36,199.4,45.4,50.9,38.7
2022-03-07 00:00:00,14:44:01,1,33.2,0.0,50.2,72.0,2343.0,2343.06,0.0,-1.2,0.0,23.3,371.36,199.4,45.6,51.1,38.9
2022-03-07 00:00:00,14:45:01,1,33.2,0.0,50.2,72.0,2343.0,2343.1,0.0,-1.2,0.0,23.3,371.36,199.4,45.5,51.2,38.8
2022-03-07 00:00:00,14:46:01,1,33.2,0.0,50.2,72.0,2343.0,2342.14,0.0,-1.2,0.0,23.3,371.35,199.4,45.6,51.3,39.0
2022-03-07 00:00:00,14:47:01,1,33.3,0.0,50.2,72.0,2343.0,2343.17,0.0,-1.2,0.0,23.3,371.33,199.4,45.7,51.4,39.1
2022-03-07 00:00:00,14:48:01,1,33.3,0.0,50.2,72.0,2343.0,2343.06,0.0,-1.2,0.0,23.3,371.33,199.4,45.8,51.5,39.1
2022-03-07 00:00:00,14:49:01,1,33.5,0.0,50.2,72.0,2343.0,2342.18,0.0,-1.2,0.0,23.3,371.33,199.4,45.9,51.6,39.3
2022-03-07 00:00:00,14:50:01,1,33.5,0.0,50.2,72.0,2343.0,2343.1,0.0,-1.2,0.0,23.3,371.32,199.4,45.9,51.6,39.3
2022-03-07 00:00:00,14:51:01,1,33.6,0.0,50.2,72.0,2343.0,2343.24,0.0,-1.2,0.0,23.3,371.31,199.4,46.0,51.7,39.4
2022-03-07 00:00:00,14:52:01,1,33.5,0.0,50.2,72.0,2343.0,2341.9,0.0,-1.2,0.0,23.3,371.31,199.4,46.1,51.7,39.5
2022-03-07 00:00:00,14:53:01,1,33.7,0.0,50.2,72.0,2343.0,2343.21,0.0,-1.2,0.0,23.3,371.31,199.4,46.0,51.9,39.7
2022-03-07 00:00:00,14:54:01,1,33.7,0.0,50.2,72.0,2343.0,2343.03,0.0,-1.2,0.0,23.3,371.31,199.4,46.1,51.9,39.7
2022-03-07 00:00:00,14:55:01,1,33.7,0.0,50.2,72.0,2343.0,2342.25,0.0,-1.2,0.0,23.3,371.29,199.4,46.2,52.0,39.8
2022-03-07 00:00:00,14:56:01,1,33.8,0.0,50.2,72.0,2343.0,2342.36,0.0,-1.2,0.0,23.3,371.29,199.4,46.3,52.0,39.8
2022-03-07 00:00:00,14:57:01,1,33.8,0.0,50.2,72.0,2343.0,2343.06,0.0,-1.2,0.0,23.3,371.29,199.4,46.3,52.1,39.9
2022-03-07 00:00:00,14:58:01,1,33.9,0.0,50.2,72.0,2343.0,2343.56,0.0,-1.2,0.0,23.3,371.29,199.4,46.4,52.2,40.1
2022-03-07 00:00:00,14:59:01,1,33.9,0.0,50.2,72.0,2343.0,2341.97,0.0,-1.2,0.0,23.3,371.28,199.4,46.4,52.4,40.1
2022-03-07 00:00:00,15:00:01,1,34.1,0.0,50.2,72.0,2343.0,2343.28,0.0,-1.2,0.0,23.3,371.29,199.4,46.5,52.4,40.1
2022-03-07 00:00:00,15:01:01,1,34.1,0.0,50.2,72.0,2343.0,2343.06,0.0,-1.2,0.0,23.3,371.27,199.4,46.6,52.4,40.3
2022-03-07 00:00:00,15:02:01,1,34.1,0.0,50.2,72.0,2343.0,2342.18,0.0,-1.2,0.0,23.3,371.26,199.4,46.6,52.6,40.3
2022-03-07 00:00:00,15:03:01,1,34.1,0.0,50.2,72.0,2343.0,2342.25,0.0,-1.2,0.0,23.3,371.28,199.4,46.7,52.6,40.3
2022-03-07 00:00:00,15:04:01,1,34.2,0.0,50.2,72.0,2343.0,2343.13,0.0,-1.2,0.0,23.3,371.26,199.4,46.6,52.7,40.5
2022-03-07 00:00:00,15:05:01,1,34.2,0.0,50.2,72.0,2343.0,2343.21,0.0,-1.2,0.0,23.3,371.26,199.4,46.7,52.7,40.6
2022-03-07 00:00:00,15:06:01,1,34.3,0.0,50.2,72.0,2343.0,2342.39,0.0,-1.2,0.0,23.3,371.26,199.4,46.8,52.8,40.7
2022-03-07 00:00:00,15:07:01,1,34.2,0.0,50.2,72.0,2343.0,2342.6,0.0,-1.2,0.0,23.3,371.25,199.4,46.8,52.7,40.7
2022-03-07 00:00:00,15:08:01,1,34.2,0.0,50.2,72.0,2343.0,2342.96,0.0,-1.2,0.0,23.2,371.25,199.4,46.9,52.9,40.8
2022-03-07 00:00:00,15:09:01,1,34.3,0.0,50.2,72.0,2343.0,2343.21,0.0,-1.2,0.0,23.2,371.25,199.4,47.0,53.0,41.0
2022-03-07 00:00:00,15:10:01,1,34.4,0.0,50.2,72.0,2343.0,2342.25,0.0,-1.2,0.0,23.2,371.24,199.4,47.0,52.9,40.8
2022-03-07 00:00:00,15:11:01,1,34.4,0.0,50.2,72.0,2343.0,2341.97,0.0,-1.2,0.0,23.2,371.23,199.4,47.1,53.1,41.1
2022-03-07 00:00:00,15:12:01,1,34.5,0.0,50.2,72.0,2343.0,2342.92,0.0,-1.2,0.0,23.2,371.24,199.4,47.1,53.2,41.1
2022-03-07 00:00:00,15:13:01,1,34.5,0.0,50.2,72.0,2343.0,2343.38,0.0,-1.2,0.0,23.2,371.22,199.4,47.2,53.2,41.2
2022-03-07 00:00:00,15:14:01,1,34.6,0.0,50.2,72.0,2343.0,2342.53,0.0,-1.2,0.0,23.2,371.21,199.4,47.2,53.4,41.2
2022-03-07 00:00:00,15:15:01,1,34.6,0.0,50.2,72.0,2343.0,2341.54,0.0,-1.2,0.0,23.2,371.23,199.4,47.2,53.4,41.3
2022-03-07 00:00:00,15:16:01,1,34.6,0.0,50.2,72.0,2343.0,2343.1,0.0,-1.2,0.0,23.2,371.22,199.4,47.3,53.3,41.4
2022-03-07 00:00:00,15:17:01,1,34.8,0.0,50.2,72.0,2343.0,2342.89,0.0,-1.2,0.0,23.2,371.22,199.4,47.3,53.6,41.4
2022-03-07 00:00:00,15:18:01,1,34.7,0.0,50.2,72.0,2343.0,2343.13,0.0,-1.2,0.0,23.2,371.21,199.4,47.3,53.6,41.5
2022-03-07 00:00:00,15:19:01,1,34.7,0.0,50.2,72.0,2343.0,2342.18,0.0,-1.2,0.0,23.2,371.2,199.4,47.5,53.7,41.6
2022-03-07 00:00:00,15:20:01,1,34.8,0.0,50.2,72.0,2343.0,2341.97,0.0,-1.2,0.0,23.2,371.2,199.4,47.5,53.9,41.7
2022-03-07 00:00:00,15:21:01,1,34.8,0.0,50.2,72.0,2343.0,2343.06,0.0,-1.2,0.0,23.2,371.2,199.4,47.5,53.9,41.8
2022-03-07 00:00:00,15:22:01,1,34.9,0.0,50.2,72.0,2343.0,2342.78,0.0,-1.2,0.0,23.2,371.2,199.4,47.6,53.9,41.7
2022-03-07 00:00:00,15:23:01,1,34.9,0.0,50.2,72.0,2343.0,2343.21,0.0,-1.2,0.0,23.2,371.18,199.4,47.7,53.9,41.8
2022-03-07 00:00:00,15:24:01,1,35.0,0.0,50.2,72.0,2343.0,2342.18,0.0,-1.2,0.0,23.2,371.19,199.4,47.8,54.1,41.8
2022-03-07 00:00:00,15:25:01,1,35.0,0.0,50.2,72.0,2343.0,2341.93,0.0,-1.2,0.0,23.2,371.19,199.4,47.7,54.1,42.1
2022-03-07 00:00:00,15:26:01,1,35.0,0.0,50.2,72.0,2343.0,2342.78,0.0,-1.2,0.0,23.2,371.18,199.4,47.7,54.3,42.0
2022-03-07 00:00:00,15:27:01,1,35.0,0.0,50.2,72.0,2343.0,2343.06,0.0,-1.2,0.0,23.2,371.18,199.4,47.8,54.3,42.3
2022-03-07 00:00:00,15:28:01,1,35.1,0.0,50.2,72.0,2343.0,2342.85,0.0,-1.2,0.0,23.2,371.16,199.4,47.9,54.2,42.3
2022-03-07 00:00:00,15:29:01,1,35.1,0.0,50.2,72.0,2343.0,2343.45,0.0,-1.2,0.0,23.2,371.16,199.4,47.8,54.4,42.4
2022-03-07 00:00:00,15:30:01,1,35.1,0.0,50.2,72.0,2343.0,2342.04,0.0,-1.2,0.0,23.2,371.16,199.4,48.0,54.4,42.4
2022-03-07 00:00:00,15:31:01,1,35.3,0.0,50.2,72.0,2343.0,2341.93,0.0,-1.2,0.0,23.2,371.17,199.4,48.0,54.3,42.5
2022-03-07 00:00:00,15:32:01,1,35.3,0.0,50.2,72.0,2343.0,2343.1,0.0,-1.2,0.0,23.2,371.16,199.4,48.0,54.6,42.6
2022-03-07 00:00:00,15:33:01,1,35.4,0.0,50.2,72.0,2343.0,2342.75,0.0,-1.2,0.0,23.2,371.16,199.4,48.0,54.5,42.6
2022-03-07 00:00:00,15:34:01,1,35.4,0.0,50.2,72.0,2343.0,2342.78,0.0,-1.2,0.0,23.2,371.15,199.4,48.1,54.5,42.7
2022-03-07 00:00:00,15:35:01,1,35.4,0.0,50.2,72.0,2343.0,2343.24,0.0,-1.2,0.0,23.2,371.16,199.4,48.2,54.6,42.8
2022-03-07 00:00:00,15:36:01,1,35.5,0.0,50.2,72.0,2343.0,2342.07,0.0,-1.2,0.0,23.2,371.14,199.4,48.1,54.8,42.8
2022-03-07 00:00:00,15:37:01,1,35.5,0.0,50.2,72.0,2343.0,2341.97,0.0,-1.2,0.0,23.2,371.15,199.4,48.2,54.7,42.8
2022-03-07 00:00:00,15:38:01,1,35.6,0.0,50.2,72.0,2343.0,2342.5,0.0,-1.2,0.0,23.1,371.15,199.4,48.3,54.7,42.9
2022-03-07 00:00:00,15:39:01,1,35.7,0.0,50.2,72.0,2343.0,2343.13,0.0,-1.2,0.0,23.1,371.15,199.4,48.4,54.9,43.0
2022-03-07 00:00:00,15:40:01,1,35.6,0.0,50.2,72.0,2343.0,2342.82,0.0,-1.2,0.0,23.1,371.14,199.4,48.4,54.9,43.0
2022-03-07 00:00:00,15:41:01,1,35.8,0.0,50.2,72.0,2343.0,2343.1,0.0,-1.2,0.0,23.1,371.13,199.4,48.4,54.8,43.1
2022-03-07 00:00:00,15:42:01,1,35.8,0.0,50.2,72.0,2343.0,2343.35,0.0,-1.2,0.0,23.2,371.13,199.4,48.4,55.0,43.2
2022-03-07 00:00:00,15:43:01,1,35.7,0.0,50.2,72.0,2343.0,2342.71,0.0,-1.2,0.0,23.1,371.13,199.4,48.6,55.1,43.3
2022-03-07 00:00:00,15:44:01,1,35.7,0.0,50.2,72.0,2343.0,2341.93,0.0,-1.2,0.0,23.1,371.12,199.4,48.5,55.1,43.3
2022-03-07 00:00:00,15:45:01,1,35.6,0.0,50.2,72.0,2343.0,2341.97,0.0,-1.2,0.0,23.1,371.12,199.4,48.5,55.1,43.1
2022-03-07 00:00:00,15:46:01,1,35.4,0.0,50.2,72.0,2343.0,2342.46,0.0,-1.2,0.0,23.1,371.12,199.4,48.4,55.0,43.2
2022-03-07 00:00:00,15:47:01,1,35.3,0.0,50.2,72.0,2343.0,2343.1,0.0,-1.2,0.0,23.1,371.12,199.4,48.3,54.9,43.2
2022-03-07 00:00:00,15:48:01,1,35.1,0.0,50.2,72.0,2343.0,2342.71,0.0,-1.2,0.0,23.1,371.1,199.4,48.3,55.0,43.3
2022-03-07 00:00:00,15:49:01,1,35.0,0.0,50.2,72.0,2343.0,2343.03,0.0,-1.2,0.0,23.1,371.11,199.4,48.1,55.1,43.4
2022-03-07 00:00:00,15:50:01,1,34.8,0.0,50.2,72.0,2343.0,2343.31,0.0,-1.2,0.0,23.1,371.12,199.4,48.1,55.0,43.5
2022-03-07 00:00:00,15:51:01,1,34.7,0.0,50.2,72.0,2343.0,2342.75,0.0,-1.2,0.0,23.1,371.11,199.4,48.1,55.1,43.5
2022-03-07 00:00:00,15:52:01,1,34.6,0.0,50.2,72.0,2343.0,2341.9,0.0,-1.2,0.0,23.1,371.11,199.4,48.2,54.9,43.6
2022-03-07 00:00:00,15:53:01,1,34.8,0.0,50.2,72.0,2343.0,2342.07,0.0,-1.2,0.0,23.1,371.12,199.4,48.2,55.1,43.7
2022-03-07 00:00:00,15:54:01,1,35.0,0.0,50.2,72.0,2343.0,2341.86,0.0,-1.2,0.0,23.1,371.11,199.4,48.2,55.1,43.9
2022-03-07 00:00:00,15:55:01,1,35.2,0.0,50.2,72.0,2343.0,2342.64,0.0,-1.2,0.0,23.1,371.11,199.4,48.3,55.2,44.0
2022-03-07 00:00:00,15:56:01,1,35.5,0.0,50.2,72.0,2343.0,2343.35,0.0,-1.2,0.0,23.1,371.1,199.4,48.5,55.0,43.8
2022-03-07 00:00:00,15:57:01,1,35.5,0.0,50.2,72.0,2343.0,2342.53,0.0,-1.2,0.0,23.1,371.1,199.4,48.5,55.1,43.7
2022-03-07 00:00:00,15:58:01,1,35.5,0.0,50.2,72.0,2343.0,2342.99,0.0,-1.2,0.0,23.1,371.1,199.4,48.5,55.1,43.8
2022-03-07 00:00:00,15:59:01,1,35.5,0.0,50.2,72.0,2343.0,2343.17,0.0,-1.2,0.0,23.1,371.1,199.4,48.6,55.1,43.8
2022-03-07 00:00:00,16:00:01,1,35.5,0.0,50.2,72.0,2343.0,2343.06,0.0,-1.2,0.0,23.1,371.1,199.4,48.7,55.2,43.7
2022-03-07 00:00:00,16:01:01,1,35.6,0.0,50.2,72.0,2343.0,2342.64,0.0,-1.2,0.0,23.1,371.1,199.4,48.7,55.2,43.7
2022-03-07 00:00:00,16:02:01,1,35.6,0.0,50.2,72.0,2343.0,2342.04,0.0,-1.2,0.0,23.1,371.09,199.4,48.6,55.3,43.8
2022-03-07 00:00:00,16:03:01,1,35.7,0.0,50.2,72.0,2343.0,2341.72,0.0,-1.2,0.0,23.1,371.09,199.4,48.7,55.2,43.8
2022-03-07 00:00:00,16:04:01,1,35.7,0.0,50.2,72.0,2343.0,2342.04,0.0,-1.2,0.0,23.1,371.1,199.4,48.7,55.4,43.9
2022-03-07 00:00:00,16:05:01,1,35.7,0.0,50.2,72.0,2343.0,2342.85,0.0,-1.2,0.0,23.1,371.1,199.4,48.8,55.3,43.8
2022-03-07 00:00:00,16:06:01,1,36.0,0.0,50.2,72.0,2343.0,2342.96,0.0,-1.2,0.0,23.1,371.1,199.4,48.8,55.4,43.9
2022-03-07 00:00:00,16:07:01,1,35.9,0.0,50.2,72.0,2343.0,2342.92,0.0,-1.2,0.0,23.1,371.09,199.4,48.8,55.4,44.0
2022-03-07 00:00:00,16:08:01,1,36.0,0.0,50.2,72.0,2343.0,2343.17,0.0,-1.2,0.0,23.1,371.09,199.4,48.8,55.5,44.0
2022-03-07 00:00:00,16:09:01,1,35.9,0.0,50.2,72.0,2343.0,2342.99,0.0,-1.2,0.0,23.1,371.08,199.4,48.9,55.5,44.0
2022-03-07 00:00:00,16:10:01,1,36.1,0.0,50.2,72.0,2343.0,2343.13,0.0,-1.2,0.0,23.1,371.08,199.4,49.0,55.6,44.0
2022-03-07 00:00:00,16:11:01,1,36.0,0.0,50.2,72.0,2343.0,2343.28,0.0,-1.2,0.0,23.1,371.07,199.4,48.9,55.6,44.2
2022-03-07 00:00:00,16:12:01,1,36.1,0.0,50.2,72.0,2343.0,2342.92,0.0,-1.2,0.0,23.1,371.07,199.4,49.0,55.6,44.2
2022-03-07 00:00:00,16:13:01,1,36.2,0.0,50.2,72.0,2343.0,2341.97,0.0,-1.2,0.0,23.1,371.07,199.4,49.0,55.7,44.2
2022-03-07 00:00:00,16:14:01,1,36.2,0.0,50.2,72.0,2343.0,2341.83,0.0,-1.2,0.0,23.1,371.07,199.4,49.1,55.8,44.2
2022-03-07 00:00:00,16:15:01,1,36.1,0.0,50.2,72.0,2343.0,2341.93,0.0,-1.2,0.0,23.1,371.08,199.4,49.2,55.8,44.2
2022-03-07 00:00:00,16:16:01,1,36.3,0.0,50.2,72.0,2343.0,2341.86,0.0,-1.2,0.0,23.1,371.07,199.4,49.1,55.9,44.3
2022-03-07 00:00:00,16:17:01,1,36.4,0.0,50.2,72.0,2343.0,2342.07,0.0,-1.2,0.0,23.1,371.07,199.4,49.2,55.8,44.4
2022-03-07 00:00:00,16:18:01,1,36.3,0.0,50.2,72.0,2343.0,2342.75,0.0,-1.2,0.0,23.1,371.07,199.4,49.3,55.9,44.4
2022-03-07 00:00:00,16:19:01,1,36.2,0.0,50.2,72.0,2343.0,2342.99,0.0,-1.2,0.0,23.1,371.07,199.4,49.4,56.0,44.4
2022-03-07 00:00:00,16:20:01,1,36.3,0.0,50.2,72.0,2343.0,2342.99,0.0,-1.2,0.0,23.1,371.07,199.4,49.3,56.0,44.6
2022-03-07 00:00:00,16:21:01,1,36.3,0.0,50.2,72.0,2343.0,2342.92,0.0,-1.2,0.0,23.1,371.06,199.4,49.3,56.0,44.5
2022-03-07 00:00:00,16:22:01,1,36.2,0.0,50.2,72.0,2343.0,2342.96,0.0,-1.2,0.0,23.1,371.06,199.4,49.2,56.0,44.4
2022-03-07 00:00:00,16:23:01,1,36.1,0.0,50.2,72.0,2343.0,2342.78,0.0,-1.2,0.0,23.1,371.06,199.4,49.2,55.8,44.3
2022-03-07 00:00:00,16:24:01,1,35.9,0.0,50.2,72.0,2343.0,2343.24,0.0,-1.2,0.0,23.1,371.06,199.4,49.0,55.9,44.4
2022-03-07 00:00:00,16:25:01,1,35.8,0.0,50.2,72.0,2343.0,2343.03,0.0,-1.2,0.0,23.1,371.07,199.4,49.1,55.9,44.4
2022-03-07 00:00:00,16:26:01,1,35.6,0.0,50.2,72.0,2343.0,2343.21,0.0,-1.2,0.0,23.1,371.05,199.4,49.0,56.0,44.5
2022-03-07 00:00:00,16:27:01,1,35.4,0.0,50.2,72.0,2343.0,2343.03,0.0,-1.2,0.0,23.1,371.05,199.4,48.9,55.9,44.5
2022-03-07 00:00:00,16:28:01,1,35.2,0.0,50.2,72.0,2343.0,2342.67,0.0,-1.2,0.0,23.1,371.06,199.4,48.7,55.8,44.6
2022-03-07 00:00:00,16:29:01,1,35.1,0.0,50.2,72.0,2343.0,2342.0,0.0,-1.2,0.0,23.1,371.05,199.4,48.8,55.9,44.6
2022-03-07 00:00:00,16:30:01,1,35.1,0.0,50.2,72.0,2343.0,2341.83,0.0,-1.2,0.0,23.1,371.05,199.4,48.8,55.8,44.7
2022-03-07 00:00:00,16:31:01,1,35.3,0.0,50.2,72.0,2343.0,2341.97,0.0,-1.2,0.0,23.1,371.05,199.4,48.9,55.8,44.8
2022-03-07 00:00:00,16:32:01,1,35.4,0.0,50.2,72.0,2343.0,2341.86,0.0,-1.2,0.0,23.1,371.07,199.4,49.0,55.8,44.9
2022-03-07 00:00:00,16:33:01,1,35.6,0.0,50.2,72.0,2343.0,2342.04,0.0,-1.2,0.0,23.1,371.05,199.4,49.1,56.0,45.0
2022-03-07 00:00:00,16:34:01,1,35.8,0.0,50.2,72.0,2343.0,2342.39,0.0,-1.2,0.0,23.0,371.05,199.4,49.1,55.9,44.8
2022-03-07 00:00:00,16:35:01,1,36.0,0.0,50.2,72.0,2343.0,2342.64,0.0,-1.2,0.0,23.1,371.06,199.4,49.2,55.7,44.7
2022-03-07 00:00:00,16:36:01,1,36.0,0.0,50.2,72.0,2343.0,2343.13,0.0,-1.2,0.0,23.1,371.05,199.4,49.3,55.8,44.8
2022-03-07 00:00:00,16:37:01,1,36.1,0.0,50.2,72.0,2343.0,2343.06,0.0,-1.2,0.0,23.1,371.05,199.4,49.2,55.9,44.7
2022-03-07 00:00:00,16:38:01,1,36.0,0.0,50.2,72.0,2343.0,2342.92,0.0,-1.2,0.0,23.0,371.04,199.4,49.3,55.9,44.6
2022-03-07 00:00:00,16:39:01,1,36.1,0.0,50.2,72.0,2343.0,2342.78,0.0,-1.2,0.0,23.0,371.05,199.4,49.3,55.9,44.7
2022-03-07 00:00:00,16:40:01,1,36.2,0.0,50.2,72.0,2343.0,2342.82,0.0,-1.2,0.0,23.0,371.04,199.4,49.5,56.0,44.8
2022-03-07 00:00:00,16:41:01,1,36.3,0.0,50.2,72.0,2343.0,2342.96,0.0,-1.2,0.0,23.1,371.04,199.4,49.5,56.0,44.7
2022-03-07 00:00:00,16:42:01,1,36.4,0.0,50.2,72.0,2343.0,2343.17,0.0,-1.2,0.0,23.0,371.04,199.4,49.5,56.1,44.8
2022-03-07 00:00:00,16:43:01,1,36.3,0.0,50.2,72.0,2343.0,2343.35,0.0,-1.2,0.0,23.1,371.04,199.4,49.5,56.2,44.7
2022-03-07 00:00:00,16:44:01,1,36.5,0.0,50.2,72.0,2343.0,2343.28,0.0,-1.2,0.0,23.0,371.04,199.4,49.5,56.1,44.9
2022-03-07 00:00:00,16:45:01,1,36.5,0.0,50.2,72.0,2343.0,2343.13,0.0,-1.2,0.0,23.0,371.03,199.4,49.7,56.3,44.8
2022-03-07 00:00:00,16:46:01,1,36.4,0.0,50.2,72.0,2343.0,2343.31,0.0,-1.2,0.0,23.0,371.03,199.4,49.6,56.2,44.8
2022-03-07 00:00:00,16:47:01,1,36.5,0.0,50.2,72.0,2343.0,2343.06,0.0,-1.2,0.0,23.1,371.04,199.4,49.7,56.3,45.0
2022-03-07 00:00:00,16:48:01,1,36.5,0.0,50.2,72.0,2343.0,2342.89,0.0,-1.2,0.0,23.0,371.03,199.4,49.8,56.3,44.9
2022-03-07 00:00:00,16:49:01,1,36.6,0.0,50.2,72.0,2343.0,2342.43,0.0,-1.2,0.0,23.0,371.03,199.4,49.8,56.4,44.9
2022-03-07 00:00:00,16:50:01,1,36.7,0.0,50.2,72.0,2343.0,2342.07,0.0,-1.2,0.0,23.0,371.03,199.4,49.9,56.3,44.9
2022-03-07 00:00:00,16:51:01,1,36.7,0.0,50.2,72.0,2343.0,2342.25,0.0,-1.2,0.0,23.0,371.03,199.4,49.9,56.3,45.0
2022-03-07 00:00:00,16:52:01,1,36.6,0.0,50.2,72.0,2343.0,2341.83,0.0,-1.2,0.0,23.0,371.03,199.4,49.9,56.4,44.9
2022-03-07 00:00:00,16:53:01,1,36.6,0.0,50.2,72.0,2343.0,2341.9,0.0,-1.2,0.0,23.0,371.03,199.4,49.9,56.4,45.1
2022-03-07 00:00:00,16:54:01,1,36.6,0.0,50.2,72.0,2343.0,2342.07,0.0,-1.2,0.0,23.0,371.03,199.4,50.0,56.4,45.1
2022-03-07 00:00:00,16:55:01,1,36.5,0.0,50.2,72.0,2343.0,2341.86,0.0,-1.2,0.0,23.1,371.03,199.4,49.8,56.5,45.0
2022-03-07 00:00:00,16:56:01,1,36.4,0.0,50.2,72.0,2343.0,2341.75,0.0,-1.2,0.0,23.1,371.03,199.4,49.7,56.4,45.0
2022-03-07 00:00:00,16:57:01,1,36.2,0.0,50.2,72.0,2343.0,2342.11,0.0,-1.2,0.0,23.0,371.03,199.4,49.7,56.4,45.0
2022-03-07 00:00:00,16:58:01,1,36.1,0.0,50.2,72.0,2343.0,2341.86,0.0,-1.2,0.0,23.0,371.03,199.4,49.5,56.4,45.1
2022-03-07 00:00:00,16:59:01,1,35.9,0.0,50.2,72.0,2343.0,2341.97,0.0,-1.2,0.0,23.1,371.03,199.4,49.4,56.4,45.1
2022-03-07 00:00:00,17:00:01,1,35.7,0.0,50.2,72.0,2343.0,2342.5,0.0,-1.2,0.0,23.1,371.03,199.4,49.3,56.3,45.1
2022-03-07 00:00:00,17:01:01,1,35.4,0.0,50.2,72.0,2343.0,2342.53,0.0,-1.2,0.0,23.1,371.03,199.4,49.3,56.2,45.1
2022-03-07 00:00:00,17:02:01,1,35.3,0.0,50.2,72.0,2343.0,2342.71,0.0,-1.2,0.0,23.1,371.03,199.4,49.1,56.3,45.1
2022-03-07 00:00:00,17:03:01,1,35.3,0.0,50.2,72.0,2343.0,2343.24,0.0,-1.2,0.0,23.1,371.03,199.4,49.2,56.2,45.2
2022-03-07 00:00:00,17:04:01,1,35.5,0.0,50.2,72.0,2343.0,2343.24,0.0,-1.2,0.0,23.1,371.03,199.4,49.3,56.3,45.4
2022-03-07 00:00:00,17:05:01,1,35.7,0.0,50.2,72.0,2343.0,2342.96,0.0,-1.2,0.0,23.0,371.03,199.4,49.4,56.3,45.5
2022-03-07 00:00:00,17:06:01,1,35.9,0.0,50.2,72.0,2343.0,2343.21,0.0,-1.2,0.0,23.0,371.03,199.4,49.6,56.3,45.4
2022-03-07 00:00:00,17:07:01,1,36.2,0.0,50.2,72.0,2343.0,2343.24,0.0,-1.2,0.0,23.0,371.03,199.4,49.6,56.3,45.4
2022-03-07 00:00:00,17:08:01,1,36.4,0.0,50.2,72.0,2343.0,2342.82,0.0,-1.2,0.0,23.0,371.03,199.4,49.7,56.2,45.2
2022-03-07 00:00:00,17:09:01,1,36.3,0.0,50.2,72.0,2343.0,2342.96,0.0,-1.2,0.0,23.0,371.03,199.4,49.7,56.3,45.3
2022-03-07 00:00:00,17:10:01,1,36.3,0.0,50.2,72.0,2343.0,2342.92,0.0,-1.2,0.0,23.0,371.03,199.4,49.8,56.3,45.2
2022-03-07 00:00:00,17:11:01,1,36.5,0.0,50.2,72.0,2343.0,2343.03,0.0,-1.2,0.0,23.0,371.03,199.4,49.8,56.4,45.2
2022-03-07 00:00:00,17:12:01,1,36.5,0.0,50.2,72.0,2343.0,2342.92,0.0,-1.2,0.0,23.1,371.03,199.4,49.8,56.4,45.1
2022-03-07 00:00:00,17:13:01,1,36.6,0.0,50.2,72.0,2343.0,2343.06,0.0,-1.2,0.0,23.0,371.03,199.4,49.8,56.4,45.2
2022-03-07 00:00:00,17:14:01,1,36.6,0.0,50.2,72.0,2343.0,2343.06,0.0,-1.2,0.0,23.0,371.03,199.4,49.9,56.3,45.2
2022-03-07 00:00:00,17:15:01,1,36.6,0.0,50.2,72.0,2343.0,2343.21,0.0,-1.2,0.0,23.0,371.02,199.4,49.9,56.5,45.1
2022-03-07 00:00:00,17:16:01,1,36.7,0.0,50.2,72.0,2343.0,2343.35,0.0,-1.2,0.0,23.0,371.03,199.4,50.0,56.4,45.2
2022-03-07 00:00:00,17:17:01,1,36.8,0.0,50.2,72.0,2343.0,2343.31,0.0,-1.2,0.0,23.0,371.03,199.4,50.0,56.5,45.2
2022-03-07 00:00:00,17:18:01,1,36.8,0.0,50.2,72.0,2343.0,2342.92,0.0,-1.2,0.0,23.0,371.02,199.4,50.0,56.5,45.3
2022-03-07 00:00:00,17:19:01,1,36.8,0.0,50.2,72.0,2343.0,2343.31,0.0,-1.2,0.0,23.0,371.03,199.4,50.1,56.6,45.2
2022-03-07 00:00:00,17:20:01,1,36.9,0.0,50.2,72.0,2343.0,2343.17,0.0,-1.2,0.0,23.0,371.02,199.4,50.1,56.6,45.2
2022-03-07 00:00:00,17:21:01,1,36.9,0.0,50.2,72.0,2343.0,2343.1,0.0,-1.2,0.0,23.0,371.01,199.4,50.1,56.7,45.3
2022-03-07 00:00:00,17:22:01,1,36.9,0.0,50.2,72.0,2343.0,2343.31,0.0,-1.2,0.0,23.0,371.02,199.4,50.2,56.6,45.4
2022-03-07 00:00:00,17:23:01,1,37.0,0.0,50.2,72.0,2343.0,2343.31,0.0,-1.2,0.0,23.0,371.01,199.4,50.2,56.7,45.4
2022-03-07 00:00:00,17:24:01,1,37.0,0.0,50.2,72.0,2343.0,2343.1,0.0,-1.2,0.0,23.0,371.01,199.4,50.3,56.8,45.4
2022-03-07 00:00:00,17:25:01,1,36.9,0.0,50.2,72.0,2343.0,2343.31,0.0,-1.2,0.0,23.0,371.01,199.4,50.3,56.8,45.5
2022-03-07 00:00:00,17:26:01,1,36.9,0.0,50.2,72.0,2343.0,2343.28,0.0,-1.2,0.0,23.0,371.01,199.4,50.2,56.8,45.4
2022-03-07 00:00:00,17:27:01,1,36.9,0.0,50.2,72.0,2343.0,2342.99,0.0,-1.2,0.0,23.0,371.01,199.4,50.2,56.8,45.3
2022-03-07 00:00:00,17:28:01,1,36.7,0.0,50.2,72.0,2343.0,2342.96,0.0,-1.2,0.0,23.0,371.01,199.4,50.1,56.7,45.3
2022-03-07 00:00:00,17:29:01,1,36.5,0.0,50.2,72.0,2343.0,2343.1,0.0,-1.2,0.0,23.0,371.01,199.4,50.0,56.7,45.3
2022-03-07 00:00:00,17:30:01,1,36.3,0.0,50.2,72.0,2343.0,2342.85,0.0,-1.2,0.0,23.0,371.01,199.4,49.9,56.7,45.4
2022-03-07 00:00:00,17:31:01,1,36.1,0.0,50.2,72.0,2343.0,2342.71,0.0,-1.2,0.0,23.0,371.01,199.4,49.8,56.7,45.4
2022-03-07 00:00:00,17:32:01,1,35.9,0.0,50.2,72.0,2343.0,2342.67,0.0,-1.2,0.0,23.0,371.02,199.4,49.7,56.7,45.4
2022-03-07 00:00:00,17:33:01,1,35.7,0.0,50.2,72.0,2343.0,2342.36,0.0,-1.2,0.0,23.0,371.01,199.4,49.7,56.5,45.5
2022-03-07 00:00:00,17:34:01,1,35.6,0.0,50.2,72.0,2343.0,2342.39,0.0,-1.2,0.0,23.0,371.02,199.4,49.6,56.6,45.5
2022-03-07 00:00:00,17:35:01,1,35.5,0.0,50.2,72.0,2343.0,2342.29,0.0,-1.2,0.0,23.0,371.01,199.4,49.6,56.5,45.5
2022-03-07 00:00:00,17:36:01,1,35.5,0.0,50.2,72.0,2343.0,2342.07,0.0,-1.2,0.0,23.0,371.02,199.4,49.5,56.5,45.7
2022-03-07 00:00:00,17:37:01,1,35.8,0.0,50.2,72.0,2343.0,2341.97,0.0,-1.2,0.0,23.0,371.0,199.4,49.8,56.5,45.8
2022-03-07 00:00:00,17:38:01,1,35.9,0.0,50.2,72.0,2343.0,2342.0,0.0,-1.2,0.0,23.0,371.01,199.4,49.8,56.7,45.9
2022-03-07 00:00:00,17:39:01,1,36.2,0.0,50.2,72.0,2343.0,2341.97,0.0,-1.2,0.0,23.0,371.03,199.4,49.9,56.7,45.8
2022-03-07 00:00:00,17:40:01,1,36.5,0.0,50.2,72.0,2343.0,2341.9,0.0,-1.2,0.0,23.0,371.02,199.4,50.0,56.5,45.7
2022-03-07 00:00:00,17:41:01,1,36.7,0.0,50.2,72.0,2343.0,2341.83,0.0,-1.2,0.0,23.0,371.02,199.4,50.0,56.4,45.5
2022-03-07 00:00:00,17:42:01,1,36.7,0.0,50.2,72.0,2343.0,2341.83,0.0,-1.2,0.0,23.0,371.02,199.4,50.1,56.5,45.5
2022-03-07 00:00:00,17:43:01,1,36.6,0.0,50.2,72.0,2343.0,2342.0,0.0,-1.2,0.0,23.0,371.0,199.4,50.1,56.5,45.4
2022-03-07 00:00:00,17:44:01,1,36.6,0.0,50.2,72.0,2343.0,2341.79,0.0,-1.2,0.0,23.0,371.01,199.4,50.1,56.6,45.5
2022-03-07 00:00:00,17:45:01,1,36.7,0.0,50.2,72.0,2343.0,2341.83,0.0,-1.2,0.0,23.0,371.01,199.4,50.2,56.6,45.4
2022-03-07 00:00:00,17:46:01,1,36.8,0.0,50.2,72.0,2343.0,2342.14,0.0,-1.2,0.0,23.0,371.02,199.4,50.2,56.7,45.4
2022-03-07 00:00:00,17:47:01,1,36.8,0.0,50.2,72.0,2343.0,2341.79,0.0,-1.2,0.0,23.0,371.01,199.4,50.2,56.7,45.5
2022-03-07 00:00:00,17:48:01,1,37.0,0.0,50.2,72.0,2343.0,2342.04,0.0,-1.2,0.0,23.0,371.0,199.4,50.2,56.6,45.5
2022-03-07 00:00:00,17:49:01,1,36.9,0.0,50.2,72.0,2343.0,2342.04,0.0,-1.3,0.0,23.0,371.0,199.4,50.2,56.8,45.5
2022-03-07 00:00:00,17:50:01,1,37.0,0.0,50.2,72.0,2343.0,2342.04,0.0,-1.3,0.0,23.0,371.01,199.4,50.2,56.8,45.6
2022-03-07 00:00:00,17:51:01,1,36.9,0.0,50.2,72.0,2343.0,2341.93,0.0,-1.2,0.0,23.0,371.0,199.4,50.3,56.8,45.4
2022-03-07 00:00:00,17:52:01,1,37.0,0.0,50.2,72.0,2343.0,2342.0,0.0,-1.2,0.0,23.0,371.0,199.4,50.4,56.9,45.5
2022-03-07 00:00:00,17:53:01,1,37.1,0.0,50.2,72.0,2343.0,2342.0,0.0,-1.2,0.0,23.0,371.01,199.4,50.3,56.9,45.5
2022-03-07 00:00:00,17:54:01,1,37.0,0.0,50.2,72.0,2343.0,2341.9,0.0,-1.2,0.0,23.0,371.0,199.4,50.4,56.9,45.5
2022-03-07 00:00:00,17:55:01,1,37.1,0.0,50.2,72.0,2343.0,2341.72,0.0,-1.2,0.0,23.0,371.0,199.4,50.4,56.9,45.5
2022-03-07 00:00:00,17:56:01,1,37.3,0.0,50.2,72.0,2343.0,2342.04,0.0,-1.2,0.0,23.0,371.01,199.4,50.5,57.0,45.7
2022-03-07 00:00:00,17:57:01,1,37.4,0.0,50.2,72.0,2343.0,2341.97,0.0,-1.2,0.0,23.0,371.0,199.4,50.5,57.1,45.7
2022-03-07 00:00:00,17:58:01,1,37.2,0.0,50.2,72.0,2343.0,2342.11,0.0,-1.2,0.0,23.0,371.0,199.4,50.5,57.0,45.7
2022-03-07 00:00:00,17:59:01,1,37.0,0.0,50.2,72.0,2343.0,2341.97,0.0,-1.2,0.0,23.0,371.0,199.4,50.4,57.0,45.5
2022-03-07 00:00:00,18:00:01,1,36.9,0.0,50.2,72.0,2343.0,2341.65,0.0,-1.2,0.0,23.0,371.0,199.4,50.3,56.9,45.5
2022-03-07 00:00:00,18:01:01,1,36.7,0.0,50.2,72.0,2343.0,2341.93,0.0,-1.2,0.0,23.0,371.0,199.4,50.2,56.9,45.6
2022-03-07 00:00:00,18:02:01,1,36.5,0.0,50.2,72.0,2343.0,2342.29,0.0,-1.3,0.0,23.0,371.0,199.4,50.2,56.9,45.6
2022-03-07 00:00:00,18:03:01,1,36.3,0.0,50.2,72.0,2343.0,2341.9,0.0,-1.2,0.0,23.0,371.01,199.4,50.1,56.9,45.6
2022-03-07 00:00:00,18:04:01,1,36.0,0.0,50.2,72.0,2343.0,2341.65,0.0,-1.2,0.0,23.0,371.0,199.4,50.0,56.8,45.6
2022-03-07 00:00:00,18:05:01,1,36.0,0.0,50.2,72.0,2343.0,2342.29,0.0,-1.2,0.0,23.0,371.0,199.4,50.0,56.8,45.7
2022-03-07 00:00:00,18:06:01,1,35.8,0.0,50.2,72.0,2343.0,2342.07,0.0,-1.2,0.0,23.0,371.01,199.4,49.9,56.8,45.9
2022-03-07 00:00:00,18:07:01,1,35.7,0.0,50.2,72.0,2343.0,2341.79,0.0,-1.2,0.0,23.0,371.0,199.4,49.9,56.7,45.8
2022-03-07 00:00:00,18:08:01,1,35.8,0.0,50.2,72.0,2343.0,2341.72,0.0,-1.2,0.0,23.0,371.0,199.4,49.9,56.7,45.9
2022-03-07 00:00:00,18:09:01,1,36.1,0.0,50.2,72.0,2343.0,2342.18,0.0,-1.2,0.0,23.0,371.0,199.4,50.0,56.8,46.1
2022-03-07 00:00:00,18:10:01,1,36.3,0.0,50.2,72.0,2343.0,2341.93,0.0,-1.2,0.0,23.0,371.01,199.4,50.1,56.8,46.1
2022-03-07 00:00:00,18:11:01,1,36.5,0.0,50.2,72.0,2343.0,2342.18,0.0,-1.2,0.0,23.0,371.0,199.4,50.2,56.8,46.0
2022-03-07 00:00:00,18:12:01,1,36.9,0.0,50.2,72.0,2343.0,2342.21,0.0,-1.2,0.0,23.0,371.01,199.4,50.3,56.7,45.9
2022-03-07 00:00:00,18:13:01,1,36.9,0.0,50.2,72.0,2343.0,2342.18,0.0,-1.2,0.0,23.0,371.0,199.4,50.3,56.7,45.7
2022-03-07 00:00:00,18:14:01,1,36.8,0.0,50.2,72.0,2343.0,2341.83,0.0,-1.2,0.0,23.0,371.0,199.4,50.3,56.7,45.8
2022-03-07 00:00:00,18:15:01,1,36.9,0.0,50.2,72.0,2343.0,2342.14,0.0,-1.2,0.0,23.0,370.99,199.4,50.3,56.8,45.7
2022-03-07 00:00:00,18:16:01,1,36.9,0.0,50.2,72.0,2343.0,2342.04,0.0,-1.2,0.0,23.0,371.0,199.4,50.3,56.9,45.6
2022-03-07 00:00:00,18:17:01,1,36.9,0.0,50.2,72.0,2343.0,2341.83,0.0,-1.3,0.0,23.0,371.0,199.4,50.4,56.9,45.7
2022-03-07 00:00:00,18:18:01,1,37.1,0.0,50.2,72.0,2343.0,2342.04,0.0,-1.2,0.0,23.0,371.0,199.4,50.4,56.8,45.7
2022-03-07 00:00:00,18:19:01,1,37.0,0.0,50.2,72.0,2343.0,2342.11,0.0,-1.2,0.0,23.0,371.01,199.4,50.4,56.8,45.7
2022-03-07 00:00:00,18:20:01,1,37.1,0.0,50.2,72.0,2343.0,2342.18,0.0,-1.2,0.0,23.0,371.0,199.4,50.5,56.9,45.6
2022-03-07 00:00:00,18:21:01,1,37.2,0.0,50.2,72.0,2343.0,2342.04,0.0,-1.2,0.0,23.0,371.0,199.4,50.5,56.9,45.7
2022-03-07 00:00:00,18:22:01,1,37.2,0.0,50.2,72.0,2343.0,2342.04,0.0,-1.2,0.0,23.0,371.0,199.4,50.5,57.0,45.7
2022-03-07 00:00:00,18:23:01,1,37.2,0.0,50.2,72.0,2343.0,2342.14,0.0,-1.2,0.0,23.0,371.0,199.4,50.6,56.9,45.6
2022-03-07 00:00:00,18:24:01,1,37.3,0.0,50.2,72.0,2343.0,2342.04,0.0,-1.2,0.0,23.0,371.0,199.4,50.6,57.0,45.7
2022-03-07 00:00:00,18:25:01,1,37.3,0.0,50.2,72.0,2343.0,2342.07,0.0,-1.2,0.0,23.0,371.0,199.4,50.6,57.1,45.7
2022-03-07 00:00:00,18:26:01,1,37.3,0.0,50.2,72.0,2343.0,2342.04,0.0,-1.2,0.0,23.0,371.0,199.4,50.6,57.2,45.9
2022-03-07 00:00:00,18:27:01,1,37.4,0.0,50.2,72.0,2343.0,2341.86,0.0,-1.2,0.0,23.0,371.0,199.4,50.7,57.1,45.9
2022-03-07 00:00:00,18:28:01,1,37.3,0.0,50.2,72.0,2343.0,2341.97,0.0,-1.2,0.0,23.0,371.0,199.4,50.7,57.1,45.8
2022-03-07 00:00:00,18:29:01,1,37.2,0.0,50.2,72.0,2343.0,2342.07,0.0,-1.2,0.0,23.0,370.99,199.4,50.7,57.1,45.6
2022-03-07 00:00:00,18:30:01,1,37.1,0.0,50.2,72.0,2343.0,2341.72,0.0,-1.2,0.0,23.0,371.0,199.4,50.5,57.1,45.6
2022-03-07 00:00:00,18:31:01,1,36.8,0.0,50.2,72.0,2343.0,2342.07,0.0,-1.2,0.0,23.0,371.0,199.4,50.4,57.0,45.7
2022-03-07 00:00:00,18:32:01,1,36.6,0.0,50.2,72.0,2343.0,2342.21,0.0,-1.3,0.0,23.0,370.99,199.4,50.3,57.1,45.6
2022-03-07 00:00:00,18:33:01,1,36.4,0.0,50.2,72.0,2343.0,2341.75,0.0,-1.2,0.0,23.1,371.0,199.4,50.3,57.0,45.7
2022-03-07 00:00:00,18:34:01,1,36.3,0.0,50.2,72.0,2343.0,2341.58,0.0,-1.2,0.0,23.0,371.0,199.4,50.2,57.0,45.8
2022-03-07 00:00:00,18:35:01,1,36.0,0.0,50.2,72.0,2343.0,2341.79,0.0,-1.2,0.0,23.1,371.0,199.4,50.1,56.9,45.8
2022-03-07 00:00:00,18:36:01,1,35.8,0.0,50.2,72.0,2343.0,2341.79,0.0,-1.2,0.0,23.0,370.99,199.4,50.1,56.9,45.9
2022-03-07 00:00:00,18:37:01,1,35.7,0.0,50.2,72.0,2343.0,2341.68,0.0,-1.3,0.0,23.0,370.99,199.4,50.0,56.8,45.9
2022-03-07 00:00:00,18:38:01,1,35.9,0.0,50.2,72.0,2343.0,2341.97,0.0,-1.3,0.0,23.0,371.0,199.4,50.0,56.9,46.2
2022-03-07 00:00:00,18:39:01,1,36.1,0.0,50.2,72.0,2343.0,2341.83,0.0,-1.2,0.0,23.1,371.0,199.4,50.1,56.9,46.1
2022-03-07 00:00:00,18:40:01,1,36.3,0.0,50.2,72.0,2343.0,2341.58,0.0,-1.2,0.0,23.0,371.0,199.4,50.2,56.9,46.2
2022-03-07 00:00:00,18:41:01,1,36.6,0.0,50.2,72.0,2343.0,2341.93,0.0,-1.3,0.0,23.0,371.0,199.4,50.3,56.9,46.1
2022-03-07 00:00:00,18:42:01,1,36.8,0.0,50.2,72.0,2343.0,2341.97,0.0,-1.3,0.0,23.0,371.0,199.4,50.4,56.8,46.0
2022-03-07 00:00:00,18:43:01,1,36.9,0.0,50.2,72.0,2343.0,2341.58,0.0,-1.2,0.0,23.0,371.0,199.4,50.3,56.9,45.8
2022-03-07 00:00:00,18:44:01,1,37.0,0.0,50.2,72.0,2343.0,2341.68,0.0,-1.2,0.0,23.0,371.0,199.4,50.4,56.9,45.9
2022-03-07 00:00:00,18:45:01,1,37.0,0.0,50.2,72.0,2343.0,2341.9,0.0,-1.3,0.0,23.0,371.0,199.4,50.5,56.9,45.9
2022-03-07 00:00:00,18:46:01,1,37.0,0.0,50.2,72.0,2343.0,2341.47,0.0,-1.2,0.0,23.0,371.0,199.4,50.4,56.8,45.8
2022-03-07 00:00:00,18:47:01,1,37.1,0.0,50.2,72.0,2343.0,2341.86,0.0,-1.3,0.0,23.0,371.0,199.4,50.6,56.9,45.7
2022-03-07 00:00:00,18:48:01,1,37.2,0.0,50.2,72.0,2343.0,2341.75,0.0,-1.2,0.0,23.0,370.99,199.4,50.5,57.0,45.8
2022-03-07 00:00:00,18:49:01,1,37.1,0.0,50.2,72.0,2343.0,2341.61,0.0,-1.2,0.0,23.0,371.0,199.4,50.5,57.0,45.7
2022-03-07 00:00:00,18:50:01,1,37.2,0.0,50.2,72.0,2343.0,2341.75,0.0,-1.2,0.0,23.0,371.0,199.4,50.6,57.0,45.7
2022-03-07 00:00:00,18:51:01,1,37.2,0.0,50.2,72.0,2343.0,2341.75,0.0,-1.3,0.0,23.0,371.0,199.4,50.6,57.0,45.8
2022-03-07 00:00:00,18:52:01,1,37.3,0.0,50.2,72.0,2343.0,2341.68,0.0,-1.3,0.0,23.0,371.0,199.4,50.7,57.1,45.8
2022-03-07 00:00:00,18:53:01,1,37.4,0.0,50.2,72.0,2343.0,2341.58,0.0,-1.2,0.0,23.0,371.0,199.4,50.6,57.1,45.8
2022-03-07 00:00:00,18:54:01,1,37.4,0.0,50.2,72.0,2343.0,2341.79,0.0,-1.2,0.0,23.0,370.99,199.4,50.7,57.1,45.9
2022-03-07 00:00:00,18:55:01,1,37.5,0.0,50.2,72.0,2343.0,2342.11,0.0,-1.3,0.0,23.0,370.99,199.4,50.8,57.0,45.8
2022-03-07 00:00:00,18:56:01,1,37.6,0.0,50.2,72.0,2343.0,2341.75,0.0,-1.3,0.0,23.0,370.99,199.4,50.8,57.1,45.8
2022-03-07 00:00:00,18:57:01,1,37.5,0.0,50.2,72.0,2343.0,2341.9,0.0,-1.2,0.0,23.0,371.0,199.4,50.8,57.2,45.9
2022-03-07 00:00:00,18:58:01,1,37.5,0.0,50.2,72.0,2343.0,2341.79,0.0,-1.2,0.0,23.0,370.99,199.4,50.8,57.3,46.1
2022-03-07 00:00:00,18:59:01,1,37.5,0.0,50.2,72.0,2343.0,2341.58,0.0,-1.2,0.0,23.0,370.99,199.4,50.8,57.3,45.9
2022-03-07 00:00:00,19:00:01,1,37.4,0.0,50.2,72.0,2343.0,2341.93,0.0,-1.2,0.0,23.0,371.0,199.4,50.8,57.2,45.8
2022-03-07 00:00:00,19:01:01,1,37.1,0.0,50.2,72.0,2343.0,2341.97,0.0,-1.3,0.0,23.0,370.99,199.4,50.7,57.1,45.7
2022-03-07 00:00:00,19:02:01,1,37.0,0.0,50.2,72.0,2343.0,2341.51,0.0,-1.2,0.0,23.0,370.98,199.4,50.5,57.1,45.9
2022-03-07 00:00:00,19:03:01,1,36.8,0.0,50.2,72.0,2343.0,2341.93,0.0,-1.2,0.0,23.1,370.98,199.4,50.4,57.2,45.8
2022-03-07 00:00:00,19:04:01,1,36.5,0.0,50.2,72.0,2343.0,2341.97,0.0,-1.2,0.0,23.0,371.0,199.4,50.3,57.2,45.9
2022-03-07 00:00:00,19:05:01,1,36.2,0.0,50.2,72.0,2343.0,2342.04,0.0,-1.2,0.0,23.0,371.0,199.4,50.2,57.0,46.0
2022-03-07 00:00:00,19:06:01,1,36.2,0.0,50.2,72.0,2343.0,2342.0,0.0,-1.2,0.0,23.0,370.99,199.4,50.3,57.0,45.9
2022-03-07 00:00:00,19:07:01,1,36.0,0.0,50.2,72.0,2343.0,2342.25,0.0,-1.2,0.0,23.0,370.98,199.4,50.2,57.0,46.0
2022-03-07 00:00:00,19:08:01,1,35.9,0.0,50.2,72.0,2343.0,2342.0,0.0,-1.3,0.0,23.0,370.99,199.4,50.2,56.8,46.0
2022-03-07 00:00:00,19:09:01,1,36.1,0.0,50.2,72.0,2343.0,2342.14,0.0,-1.2,0.0,23.0,371.0,199.4,50.2,56.9,46.1
2022-03-07 00:00:00,19:10:01,1,36.3,0.0,50.2,72.0,2343.0,2342.11,0.0,-1.2,0.0,23.0,370.99,199.4,50.3,57.0,46.2
2022-03-07 00:00:00,19:11:01,1,36.6,0.0,50.2,72.0,2343.0,2342.11,0.0,-1.2,0.0,23.0,371.0,199.4,50.5,57.0,46.2
2022-03-07 00:00:00,19:12:01,1,36.8,0.0,50.2,72.0,2343.0,2342.32,0.0,-1.3,0.0,23.0,371.0,199.4,50.5,57.1,46.3
2022-03-07 00:00:00,19:13:01,1,37.0,0.0,50.2,72.0,2343.0,2342.14,0.0,-1.2,0.0,23.0,370.99,199.4,50.5,56.9,46.1
2022-03-07 00:00:00,19:14:01,1,37.0,0.0,50.2,72.0,2343.0,2342.36,0.0,-1.2,0.0,23.0,371.0,199.4,50.5,57.0,46.0
2022-03-07 00:00:00,19:15:01,1,37.1,0.0,50.2,72.0,2343.0,2342.14,0.0,-1.2,0.0,23.0,370.99,199.4,50.6,57.0,45.9
2022-03-07 00:00:00,19:16:01,1,37.1,0.0,50.2,72.0,2343.0,2342.5,0.0,-1.2,0.0,23.0,371.0,199.4,50.6,57.0,45.9
2022-03-07 00:00:00,19:17:01,1,37.2,0.0,50.2,72.0,2343.0,2342.5,0.0,-1.2,0.0,23.0,371.0,199.4,50.6,57.0,45.9
2022-03-07 00:00:00,19:18:01,1,37.2,0.0,50.2,72.0,2343.0,2342.43,0.0,-1.2,0.0,23.0,370.99,199.4,50.6,57.0,45.9
2022-03-07 00:00:00,19:19:01,1,37.3,0.0,50.2,72.0,2343.0,2342.39,0.0,-1.2,0.0,23.0,370.98,199.4,50.7,57.1,45.9
2022-03-07 00:00:00,19:20:01,1,37.3,0.0,50.2,72.0,2343.0,2342.75,0.0,-1.2,0.0,23.0,371.0,199.4,50.8,57.1,45.8
2022-03-07 00:00:00,19:21:01,1,37.3,0.0,50.2,72.0,2343.0,2342.78,0.0,-1.2,0.0,23.0,370.99,199.4,50.7,57.2,45.9
2022-03-07 00:00:00,19:22:01,1,37.4,0.0,50.2,72.0,2343.0,2342.64,0.0,-1.2,0.0,23.0,370.99,199.4,50.8,57.1,45.9
2022-03-07 00:00:00,19:23:01,1,37.4,0.0,50.2,72.0,2343.0,2342.92,0.0,-1.3,0.0,23.0,371.0,199.4,50.8,57.2,45.8
2022-03-07 00:00:00,19:24:01,1,37.6,0.0,50.2,72.0,2343.0,2343.1,0.0,-1.2,0.0,23.0,370.98,199.4,50.9,57.3,45.9
2022-03-07 00:00:00,19:25:01,1,37.6,0.0,50.2,72.0,2343.0,2342.75,0.0,-1.2,0.0,23.0,371.0,199.4,50.8,57.2,46.0
2022-03-07 00:00:00,19:26:01,1,37.6,0.0,50.2,72.0,2343.0,2343.03,0.0,-1.2,0.0,23.0,370.99,199.4,50.9,57.3,46.0
2022-03-07 00:00:00,19:27:01,1,37.6,0.0,50.2,72.0,2343.0,2343.35,0.0,-1.2,0.0,23.0,370.98,199.4,51.0,57.4,45.9
2022-03-07 00:00:00,19:28:01,1,37.6,0.0,50.2,72.0,2343.0,2342.96,0.0,-1.2,0.0,23.0,370.99,199.4,51.0,57.3,46.0
2022-03-07 00:00:00,19:29:01,1,37.5,0.0,50.2,72.0,2343.0,2343.03,0.0,-1.3,0.0,23.0,370.99,199.4,51.0,57.3,46.0
2022-03-07 00:00:00,19:30:01,1,37.4,0.0,50.2,72.0,2343.0,2343.38,0.0,-1.3,0.0,23.0,370.99,199.4,50.8,57.3,45.9
2022-03-07 00:00:00,19:31:01,1,37.3,0.0,50.2,72.0,2343.0,2343.59,0.0,-1.2,0.0,23.0,370.98,199.4,50.7,57.2,45.9
2022-03-07 00:00:00,19:32:01,1,37.1,0.0,50.2,72.0,2343.0,2343.17,0.0,-1.2,0.0,23.0,370.99,199.4,50.6,57.2,45.9
2022-03-07 00:00:00,19:33:01,1,36.9,0.0,50.2,72.0,2343.0,2343.28,0.0,-1.2,0.0,23.0,371.0,199.4,50.5,57.3,46.0
2022-03-07 00:00:00,19:34:01,1,36.6,0.0,50.2,72.0,2343.0,2343.24,0.0,-1.2,0.0,23.0,370.99,199.4,50.5,57.2,46.0
2022-03-07 00:00:00,19:35:01,1,36.5,0.0,50.2,72.0,2343.0,2343.03,0.0,-1.2,0.0,23.0,370.99,199.4,50.5,57.2,46.0
2022-03-07 00:00:00,19:36:01,1,36.3,0.0,50.2,72.0,2343.0,2343.31,0.0,-1.3,0.0,23.0,371.0,199.4,50.3,57.1,46.2
2022-03-07 00:00:00,19:37:01,1,36.1,0.0,50.2,72.0,2343.0,2343.38,0.0,-1.3,0.0,23.0,370.99,199.4,50.3,57.1,46.2
2022-03-07 00:00:00,19:38:01,1,36.0,0.0,50.2,72.0,2343.0,2342.89,0.0,-1.3,0.0,23.0,370.98,199.4,50.3,57.0,46.2
2022-03-07 00:00:00,19:39:01,1,36.0,0.0,50.2,72.0,2343.0,2343.06,0.0,-1.2,0.0,23.0,370.98,199.4,50.3,57.0,46.2
2022-03-07 00:00:00,19:40:01,1,36.3,0.0,50.2,72.0,2343.0,2343.28,0.0,-1.3,0.0,23.0,371.0,199.4,50.4,57.1,46.2
2022-03-07 00:00:00,19:41:01,1,36.6,0.0,50.2,72.0,2343.0,2343.06,0.0,-1.3,0.0,23.0,370.98,199.4,50.5,57.0,46.3
2022-03-07 00:00:00,19:42:01,1,36.8,0.0,50.2,72.0,2343.0,2343.03,0.0,-1.3,0.0,23.0,371.0,199.4,50.5,57.0,46.4
2022-03-07 00:00:00,19:43:01,1,37.0,0.0,50.2,72.0,2343.0,2343.17,0.0,-1.2,0.0,23.0,370.99,199.4,50.6,57.0,46.2
2022-03-07 00:00:00,19:44:01,1,37.2,0.0,50.2,72.0,2343.0,2342.96,0.0,-1.2,0.0,23.0,371.0,199.4,50.6,57.1,46.1
2022-03-07 00:00:00,19:45:01,1,37.2,0.0,50.2,72.0,2343.0,2342.99,0.0,-1.3,0.0,23.0,371.0,199.4,50.7,57.0,46.0
2022-03-07 00:00:00,19:46:01,1,37.2,0.0,50.2,72.0,2343.0,2343.38,0.0,-1.2,0.0,23.0,370.99,199.4,50.8,57.1,45.9
2022-03-07 00:00:00,19:47:01,1,37.2,0.0,50.2,72.0,2343.0,2343.03,0.0,-1.2,0.0,23.1,370.99,199.4,50.7,57.1,46.0
2022-03-07 00:00:00,19:48:01,1,37.3,0.0,50.2,72.0,2343.0,2343.03,0.0,-1.2,0.0,23.0,370.99,199.4,50.7,57.1,46.0
2022-03-07 00:00:00,19:49:01,1,37.4,0.0,50.2,72.0,2343.0,2343.38,0.0,-1.2,0.0,23.1,371.0,199.4,50.8,57.1,46.0
2022-03-07 00:00:00,19:50:01,1,37.4,0.0,50.2,72.0,2343.0,2343.03,0.0,-1.2,0.0,23.0,371.0,199.4,50.9,57.1,45.9
2022-03-07 00:00:00,19:51:01,1,37.5,0.0,50.2,72.0,2343.0,2342.92,0.0,-1.2,0.0,23.0,371.0,199.4,50.9,57.1,45.9
2022-03-07 00:00:00,19:52:01,1,37.5,0.0,50.2,72.0,2343.0,2343.17,0.0,-1.2,0.0,23.0,370.99,199.4,51.0,57.1,45.9
2022-03-07 00:00:00,19:53:01,1,37.5,0.0,50.2,72.0,2343.0,2343.21,0.0,-1.2,0.0,23.0,371.0,199.4,50.9,57.2,46.0
2022-03-07 00:00:00,19:54:01,1,37.6,0.0,50.2,72.0,2343.0,2342.96,0.0,-1.2,0.0,23.0,371.0,199.4,50.9,57.2,46.0
2022-03-07 00:00:00,19:55:01,1,37.6,0.0,50.2,72.0,2343.0,2343.03,0.0,-1.2,0.0,23.0,371.0,199.4,50.9,57.3,46.0
2022-03-07 00:00:00,19:56:01,1,37.7,0.0,50.2,72.0,2343.0,2343.06,0.0,-1.2,0.0,23.0,370.98,199.4,51.0,57.4,46.0
2022-03-07 00:00:00,19:57:01,1,37.8,0.0,50.2,72.0,2343.0,2342.99,0.0,-1.2,0.0,23.0,370.99,199.4,51.1,57.3,46.0
2022-03-07 00:00:00,19:58:01,1,37.7,0.0,50.2,72.0,2343.0,2342.92,0.0,-1.2,0.0,23.0,370.98,199.4,51.1,57.3,46.1
2022-03-07 00:00:00,19:59:01,1,37.6,0.0,50.2,72.0,2343.0,2343.06,0.0,-1.3,0.0,23.0,370.99,199.4,51.0,57.3,46.0
2022-03-07 00:00:00,20:00:01,1,37.6,0.0,50.2,72.0,2343.0,2343.21,0.0,-1.2,0.0,23.0,370.98,199.4,50.9,57.4,45.9
2022-03-07 00:00:00,20:01:01,1,37.4,0.0,50.2,72.0,2343.0,2343.28,0.0,-1.2,0.0,23.1,370.98,199.4,50.8,57.3,45.9
2022-03-07 00:00:00,20:02:01,1,37.1,0.0,50.2,72.0,2343.0,2343.13,0.0,-1.2,0.0,23.0,370.98,199.4,50.7,57.3,46.0
2022-03-07 00:00:00,20:03:01,1,37.0,0.0,50.2,72.0,2343.0,2343.49,0.0,-1.2,0.0,23.0,370.99,199.4,50.6,57.3,46.0
2022-03-07 00:00:00,20:04:01,1,36.7,0.0,50.2,72.0,2343.0,2343.31,0.0,-1.2,0.0,23.0,370.99,199.4,50.6,57.3,45.9
2022-03-07 00:00:00,20:05:01,1,36.5,0.0,50.2,72.0,2343.0,2343.24,0.0,-1.2,0.0,23.1,370.97,199.4,50.5,57.2,46.1
2022-03-07 00:00:00,20:06:01,1,36.3,0.0,50.2,72.0,2343.0,2343.1,0.0,-1.3,0.0,23.1,370.99,199.4,50.5,57.2,46.1
2022-03-07 00:00:00,20:07:01,1,36.2,0.0,50.2,72.0,2343.0,2343.21,0.0,-1.2,0.0,23.1,370.99,199.4,50.5,57.0,46.1
2022-03-07 00:00:00,20:08:01,1,36.1,0.0,50.2,72.0,2343.0,2343.06,0.0,-1.3,0.0,23.1,370.99,199.4,50.4,57.1,46.1
2022-03-07 00:00:00,20:09:01,2,36.0,0.0,50.2,72.0,2343.0,2342.82,0.0,-1.2,0.0,23.1,370.99,199.4,50.2,57.2,46.3
2022-03-07 00:00:00,20:09:07,2,36.0,0.0,49.6,72.0,2982.0,3005.67,0.0,-1.2,0.0,28.5,372.39,199.4,50.3,57.1,46.2
2022-03-07 00:00:00,20:10:07,2,36.1,0.0,49.7,72.0,2982.0,2981.67,0.0,-1.2,0.0,28.4,372.5,199.4,50.8,57.4,47.0
2022-03-07 00:00:00,20:11:07,2,36.4,0.0,49.7,72.0,2982.0,2981.36,0.0,-1.3,0.0,28.4,372.48,199.4,51.3,57.5,47.3
2022-03-07 00:00:00,20:12:07,2,36.7,0.0,49.7,72.0,2982.0,2981.99,0.0,-1.2,0.0,28.4,372.47,199.4,51.8,57.6,47.4
2022-03-07 00:00:00,20:13:07,2,36.9,0.0,49.7,72.0,2982.0,2981.14,0.0,-1.2,0.0,28.4,372.45,199.4,51.9,57.7,47.5
2022-03-07 00:00:00,20:14:07,2,37.1,0.0,49.7,72.0,2982.0,2982.1,0.0,-1.3,0.0,28.4,372.45,199.4,52.2,57.6,47.6
2022-03-07 00:00:00,20:15:07,2,37.2,0.0,49.7,72.0,2982.0,2982.21,0.0,-1.3,0.0,28.3,372.43,199.4,52.3,57.8,47.7
2022-03-07 00:00:00,20:16:07,2,37.2,0.0,49.7,72.0,2982.0,2981.21,0.0,-1.2,0.0,28.3,372.4,199.4,52.6,57.8,47.7
2022-03-07 00:00:00,20:17:07,2,37.3,0.0,49.7,72.0,2982.0,2981.89,0.0,-1.2,0.0,28.3,372.39,199.4,52.6,57.9,47.8
2022-03-07 00:00:00,20:18:07,2,37.3,0.0,49.7,72.0,2982.0,2981.29,0.0,-1.2,0.0,28.3,372.38,199.4,52.8,57.9,47.8
2022-03-07 00:00:00,20:19:07,2,37.4,0.0,49.7,72.0,2982.0,2982.1,0.0,-1.2,0.0,28.3,372.37,199.4,52.8,58.2,47.9
2022-03-07 00:00:00,20:20:07,2,37.4,0.0,49.7,72.0,2982.0,2981.82,0.0,-1.2,0.0,28.2,372.35,199.4,53.0,58.2,47.9
2022-03-07 00:00:00,20:21:07,2,37.6,0.0,49.7,72.0,2982.0,2981.36,0.0,-1.2,0.0,28.2,372.35,199.4,53.2,58.2,48.1
2022-03-07 00:00:00,20:22:07,2,37.5,0.0,49.7,72.0,2982.0,2981.92,0.0,-1.3,0.0,28.1,372.33,199.4,53.2,58.2,48.0
2022-03-07 00:00:00,20:23:07,2,37.6,0.0,49.7,72.0,2982.0,2981.96,0.0,-1.3,0.0,28.1,372.32,199.4,53.3,58.4,48.1
2022-03-07 00:00:00,20:24:07,2,37.7,0.0,49.7,72.0,2982.0,2981.29,0.0,-1.3,0.0,28.1,372.32,199.4,53.4,58.4,48.1
2022-03-07 00:00:00,20:25:07,2,37.7,0.0,49.7,72.0,2982.0,2981.99,0.0,-1.3,0.0,28.1,372.32,199.4,53.5,58.4,48.2
2022-03-07 00:00:00,20:26:07,2,37.7,0.0,49.7,72.0,2982.0,2981.92,0.0,-1.3,0.0,28.1,372.29,199.4,53.6,58.6,48.3
2022-03-07 00:00:00,20:27:07,2,37.8,0.0,49.7,72.0,2982.0,2981.0,0.0,-1.2,0.0,28.1,372.29,199.4,53.6,58.5,48.4
2022-03-07 00:00:00,20:28:07,2,37.8,0.0,49.7,72.0,2982.0,2981.92,0.0,-1.2,0.0,28.1,372.29,199.4,53.7,58.6,48.3
2022-03-07 00:00:00,20:29:07,2,37.7,0.0,49.7,72.0,2982.0,2981.92,0.0,-1.2,0.0,28.1,372.28,199.4,53.8,58.6,48.5
2022-03-07 00:00:00,20:30:07,2,37.7,0.0,49.7,72.0,2982.0,2981.75,0.0,-1.3,0.0,28.1,372.26,199.4,53.8,58.7,48.4
2022-03-07 00:00:00,20:31:07,2,37.6,0.0,49.7,72.0,2982.0,2981.18,0.0,-1.2,0.0,28.1,372.25,199.4,53.7,58.7,48.4
2022-03-07 00:00:00,20:32:07,2,37.4,0.0,49.7,72.0,2982.0,2981.99,0.0,-1.2,0.0,28.1,372.25,199.4,53.6,58.7,48.4
2022-03-07 00:00:00,20:33:07,2,37.2,0.0,49.7,72.0,2982.0,2981.85,0.0,-1.3,0.0,28.0,372.25,199.4,53.6,58.8,48.4
2022-03-07 00:00:00,20:34:07,2,37.0,0.0,49.7,72.0,2982.0,2982.31,0.0,-1.3,0.0,28.1,372.24,199.4,53.6,58.7,48.5
2022-03-07 00:00:00,20:35:07,2,36.7,0.0,49.7,72.0,2982.0,2981.07,0.0,-1.3,0.0,28.0,372.24,199.4,53.5,58.7,48.5
2022-03-07 00:00:00,20:36:07,2,36.5,0.0,49.7,72.0,2982.0,2981.67,0.0,-1.3,0.0,28.1,372.22,199.4,53.4,58.6,48.6
2022-03-07 00:00:00,20:37:07,2,36.5,0.0,49.7,72.0,2982.0,2982.1,0.0,-1.3,0.0,28.0,372.23,199.4,53.4,58.8,48.8
2022-03-07 00:00:00,20:38:07,2,36.4,0.0,49.7,72.0,2982.0,2982.06,0.0,-1.3,0.0,28.0,372.22,199.4,53.3,58.6,48.8
2022-03-07 00:00:00,20:39:07,2,36.2,0.0,49.7,72.0,2982.0,2980.97,0.0,-1.3,0.0,28.0,372.22,199.4,53.4,58.6,48.8
2022-03-07 00:00:00,20:40:07,2,36.2,0.0,49.7,72.0,2982.0,2981.43,0.0,-1.3,0.0,28.0,372.21,199.4,53.4,58.6,48.9
2022-03-07 00:00:00,20:41:07,2,36.4,0.0,49.7,72.0,2982.0,2982.35,0.0,-1.3,0.0,28.0,372.21,199.4,53.5,58.7,49.0
2022-03-07 00:00:00,20:42:07,2,36.7,0.0,49.7,72.0,2982.0,2982.13,0.0,-1.2,0.0,28.0,372.21,199.4,53.6,58.9,49.1
2022-03-07 00:00:00,20:43:07,2,37.0,0.0,49.7,72.0,2982.0,2982.06,0.0,-1.2,0.0,28.0,372.2,199.4,53.7,58.9,49.1
2022-03-07 00:00:00,20:44:07,2,37.2,0.0,49.7,72.0,2982.0,2981.25,0.0,-1.3,0.0,28.0,372.19,199.4,53.8,58.7,48.8
2022-03-07 00:00:00,20:45:07,2,37.3,0.0,49.7,72.0,2982.0,2981.14,0.0,-1.3,0.0,28.0,372.19,199.4,53.8,58.9,48.9
2022-03-07 00:00:00,20:46:07,2,37.3,0.0,49.7,72.0,2982.0,2982.03,0.0,-1.3,0.0,28.0,372.19,199.4,54.0,58.8,48.7
2022-03-07 00:00:00,20:47:07,2,37.3,0.0,49.7,72.0,2982.0,2981.75,0.0,-1.3,0.0,28.0,372.19,199.4,54.0,58.9,48.6
2022-03-07 00:00:00,20:48:07,2,37.4,0.0,49.7,72.0,2982.0,2982.17,0.0,-1.2,0.0,28.0,372.18,199.4,54.0,59.0,48.7
2022-03-07 00:00:00,20:49:07,2,37.5,0.0,49.7,72.0,2982.0,2981.25,0.0,-1.2,0.0,28.0,372.19,199.4,54.2,59.0,48.7
2022-03-07 00:00:00,20:50:07,2,37.6,0.0,49.7,72.0,2982.0,2981.21,0.0,-1.2,0.0,27.9,372.16,199.4,54.1,59.0,48.7
2022-03-07 00:00:00,20:51:07,2,37.7,0.0,49.7,72.0,2982.0,2981.75,0.0,-1.3,0.0,28.0,372.17,199.4,54.2,58.9,48.7
2022-03-07 00:00:00,20:52:07,2,37.6,0.0,49.7,72.0,2982.0,2982.03,0.0,-1.3,0.0,27.9,372.16,199.4,54.3,59.1,48.7
2022-03-07 00:00:00,20:53:07,2,37.7,0.0,49.7,72.0,2982.0,2982.21,0.0,-1.3,0.0,27.9,372.17,199.4,54.3,59.1,48.7
2022-03-07 00:00:00,20:54:07,2,37.7,0.0,49.7,72.0,2982.0,2982.35,0.0,-1.3,0.0,27.9,372.15,199.4,54.4,59.1,48.8
2022-03-07 00:00:00,20:55:07,2,37.7,0.0,49.7,72.0,2982.0,2981.32,0.0,-1.2,0.0,27.9,372.15,199.4,54.5,59.1,48.7
2022-03-07 00:00:00,20:56:07,2,37.8,0.0,49.7,72.0,2982.0,2981.14,0.0,-1.2,0.0,27.9,372.15,199.4,54.4,59.3,48.8
2022-03-07 00:00:00,20:57:07,2,37.9,0.0,49.7,72.0,2982.0,2981.39,0.0,-1.3,0.0,27.9,372.15,199.4,54.5,59.3,48.9
2022-03-07 00:00:00,20:58:07,2,37.9,0.0,49.7,72.0,2982.0,2981.96,0.0,-1.3,0.0,27.9,372.14,199.4,54.5,59.4,49.0
2022-03-07 00:00:00,20:59:07,2,37.8,0.0,49.7,72.0,2982.0,2981.78,0.0,-1.2,0.0,27.9,372.14,199.4,54.5,59.3,48.8
2022-03-07 00:00:00,21:00:07,2,37.7,0.0,49.7,72.0,2982.0,2981.92,0.0,-1.2,0.0,27.9,372.13,199.4,54.5,59.4,48.8
2022-03-07 00:00:00,21:01:07,2,37.5,0.0,49.7,72.0,2982.0,2982.35,0.0,-1.2,0.0,27.9,372.14,199.4,54.4,59.3,48.7
2022-03-07 00:00:00,21:02:07,2,37.4,0.0,49.7,72.0,2982.0,2981.5,0.0,-1.2,0.0,27.9,372.13,199.4,54.3,59.3,48.8
2022-03-07 00:00:00,21:03:07,2,37.2,0.0,49.7,72.0,2982.0,2981.04,0.0,-1.2,0.0,27.9,372.13,199.4,54.2,59.2,48.9
2022-03-07 00:00:00,21:04:07,2,37.0,0.0,49.7,72.0,2982.0,2981.29,0.0,-1.3,0.0,27.9,372.12,199.4,54.1,59.4,48.9
2022-03-07 00:00:00,21:05:07,2,36.8,0.0,49.7,72.0,2982.0,2981.82,0.0,-1.3,0.0,27.9,372.12,199.4,54.1,59.3,48.9
2022-03-07 00:00:00,21:06:07,2,36.6,0.0,49.7,72.0,2982.0,2981.89,0.0,-1.3,0.0,27.9,372.12,199.4,54.0,59.3,49.1
2022-03-07 00:00:00,21:07:07,2,36.4,0.0,49.7,72.0,2982.0,2982.13,0.0,-1.3,0.0,27.9,372.12,199.4,54.1,59.1,49.1
2022-03-07 00:00:00,21:08:07,2,36.3,0.0,49.7,72.0,2982.0,2981.96,0.0,-1.3,0.0,27.9,372.12,199.4,53.9,59.1,49.0
2022-03-07 00:00:00,21:09:07,2,36.2,0.0,49.7,72.0,2982.0,2981.99,0.0,-1.3,0.0,27.9,372.12,199.4,53.8,59.1,49.1
2022-03-07 00:00:00,21:10:07,2,36.4,0.0,49.7,72.0,2982.0,2981.89,0.0,-1.3,0.0,27.9,372.12,199.4,54.0,59.2,49.2
2022-03-07 00:00:00,21:11:07,2,36.6,0.0,49.7,72.0,2982.0,2981.0,0.0,-1.3,0.0,27.9,372.12,199.4,54.1,59.3,49.2
2022-03-07 00:00:00,21:12:07,2,37.0,0.0,49.7,72.0,2982.0,2981.14,0.0,-1.3,0.0,27.9,372.12,199.4,54.3,59.3,49.3
2022-03-07 00:00:00,21:13:07,2,37.2,0.0,49.7,72.0,2982.0,2981.85,0.0,-1.3,0.0,27.9,372.11,199.4,54.2,59.4,49.4
2022-03-07 00:00:00,21:14:07,2,37.3,0.0,49.7,72.0,2982.0,2982.17,0.0,-1.3,0.0,27.9,372.12,199.4,54.3,59.2,49.1
2022-03-07 00:00:00,21:15:07,2,37.4,0.0,49.7,72.0,2982.0,2981.64,0.0,-1.3,0.0,27.9,372.11,199.4,54.4,59.2,49.1
2022-03-07 00:00:00,21:16:07,2,37.5,0.0,49.7,72.0,2982.0,2982.45,0.0,-1.2,0.0,27.9,372.11,199.4,54.5,59.3,48.9
2022-03-07 00:00:00,21:17:07,2,37.5,0.0,49.7,72.0,2982.0,2982.13,0.0,-1.3,0.0,27.9,372.1,199.4,54.5,59.3,48.9
2022-03-07 00:00:00,21:18:07,2,37.5,0.0,49.7,72.0,2982.0,2981.89,0.0,-1.2,0.0,27.9,372.11,199.4,54.5,59.3,48.9
2022-03-07 00:00:00,21:19:07,2,37.6,0.0,49.7,72.0,2982.0,2981.5,0.0,-1.3,0.0,27.9,372.1,199.4,54.6,59.4,48.8
2022-03-07 00:00:00,21:20:07,2,37.6,0.0,49.7,72.0,2982.0,2981.25,0.0,-1.2,0.0,27.9,372.11,199.4,54.6,59.4,48.9
2022-03-07 00:00:00,21:21:07,2,37.7,0.0,49.7,72.0,2982.0,2980.86,0.0,-1.2,0.0,27.9,372.1,199.4,54.6,59.5,48.9
2022-03-07 00:00:00,21:22:07,2,37.8,0.0,49.7,72.0,2982.0,2981.43,0.0,-1.3,0.0,27.9,372.09,199.4,54.5,59.5,49.0
2022-03-07 00:00:00,21:23:07,2,37.8,0.0,49.7,72.0,2982.0,2982.1,0.0,-1.3,0.0,27.9,372.1,199.4,54.8,59.4,48.9
2022-03-07 00:00:00,21:24:07,2,37.8,0.0,49.7,72.0,2982.0,2982.03,0.0,-1.3,0.0,27.9,372.09,199.4,54.7,59.6,49.1
2022-03-07 00:00:00,21:25:07,2,37.9,0.0,49.7,72.0,2982.0,2981.92,0.0,-1.3,0.0,27.9,372.09,199.4,54.7,59.6,49.0
2022-03-07 00:00:00,21:26:07,2,37.9,0.0,49.7,72.0,2982.0,2982.24,0.0,-1.3,0.0,27.9,372.09,199.4,54.8,59.6,49.0
2022-03-07 00:00:00,21:27:07,2,38.0,0.0,49.7,72.0,2982.0,2982.03,0.0,-1.2,0.0,27.8,372.09,199.4,54.7,59.8,49.1
2022-03-07 00:00:00,21:28:07,2,38.0,0.0,49.7,72.0,2982.0,2982.06,0.0,-1.2,0.0,27.9,372.09,199.4,54.8,59.7,49.1
2022-03-07 00:00:00,21:29:07,2,37.9,0.0,49.7,72.0,2982.0,2982.24,0.0,-1.2,0.0,27.9,372.09,199.4,55.0,59.6,49.0
2022-03-07 00:00:00,21:30:07,2,37.8,0.0,49.7,72.0,2982.0,2981.43,0.0,-1.2,0.0,27.8,372.08,199.4,54.7,59.7,49.0
2022-03-07 00:00:00,21:31:07,2,37.6,0.0,49.7,72.0,2982.0,2980.93,0.0,-1.2,0.0,27.9,372.09,199.4,54.6,59.6,49.0
2022-03-07 00:00:00,21:32:07,2,37.4,0.0,49.7,72.0,2982.0,2981.32,0.0,-1.3,0.0,27.9,372.08,199.4,54.6,59.6,49.0
2022-03-07 00:00:00,21:33:07,2,37.2,0.0,49.7,72.0,2982.0,2981.25,0.0,-1.3,0.0,27.9,372.08,199.4,54.6,59.5,49.0
2022-03-07 00:00:00,21:34:07,2,37.1,0.0,49.7,72.0,2982.0,2981.82,0.0,-1.3,0.0,27.9,372.08,199.4,54.4,59.5,49.1
2022-03-07 00:00:00,21:35:07,2,36.8,0.0,49.7,72.0,2982.0,2982.1,0.0,-1.3,0.0,27.9,372.08,199.4,54.3,59.6,49.3
2022-03-07 00:00:00,21:36:07,2,36.6,0.0,49.7,72.0,2982.0,2982.28,0.0,-1.3,0.0,27.9,372.08,199.4,54.3,59.5,49.3
2022-03-07 00:00:00,21:37:07,2,36.5,0.0,49.7,72.0,2982.0,2982.06,0.0,-1.3,0.0,27.9,372.08,199.4,54.3,59.5,49.3
2022-03-07 00:00:00,21:38:07,2,36.4,0.0,49.7,72.0,2982.0,2982.1,0.0,-1.3,0.0,27.9,372.08,199.4,54.2,59.5,49.2
2022-03-07 00:00:00,21:39:07,2,36.3,0.0,49.7,72.0,2982.0,2982.38,0.0,-1.2,0.0,27.9,372.08,199.4,54.2,59.2,49.2
2022-03-07 00:00:00,21:40:07,2,36.5,0.0,49.7,72.0,2982.0,2982.06,0.0,-1.2,0.0,27.9,372.09,199.4,54.4,59.4,49.5
2022-03-07 00:00:00,21:41:07,2,36.9,0.0,49.7,72.0,2982.0,2982.06,0.0,-1.3,0.0,27.9,372.08,199.4,54.3,59.6,49.6
2022-03-07 00:00:00,21:42:07,2,37.2,0.0,49.7,72.0,2982.0,2981.6,0.0,-1.3,0.0,27.9,372.08,199.4,54.5,59.5,49.5
2022-03-07 00:00:00,21:43:07,2,37.3,0.0,49.7,72.0,2982.0,2980.97,0.0,-1.3,0.0,27.9,372.08,199.4,54.6,59.3,49.4
2022-03-07 00:00:00,21:44:07,2,37.4,0.0,49.7,72.0,2982.0,2981.53,0.0,-1.3,0.0,27.9,372.08,199.4,54.6,59.5,49.3
2022-03-07 00:00:00,21:45:07,2,37.5,0.0,49.7,72.0,2982.0,2981.04,0.0,-1.3,0.0,27.9,372.08,199.4,54.6,59.5,49.3
2022-03-07 00:00:00,21:46:07,2,37.6,0.0,49.7,72.0,2982.0,2981.36,0.0,-1.3,0.0,27.9,372.08,199.4,54.6,59.6,49.2
2022-03-07 00:00:00,21:47:07,2,37.6,0.0,49.7,72.0,2982.0,2981.82,0.0,-1.3,0.0,27.9,372.06,199.4,54.7,59.4,49.0
2022-03-07 00:00:00,21:48:07,2,37.6,0.0,49.7,72.0,2982.0,2982.21,0.0,-1.3,0.0,27.9,372.08,199.4,54.7,59.6,49.1
2022-03-07 00:00:00,21:49:07,2,37.7,0.0,49.7,72.0,2982.0,2982.06,0.0,-1.3,0.0,27.9,372.07,199.4,54.7,59.6,49.1
2022-03-07 00:00:00,21:50:07,2,37.8,0.0,49.7,72.0,2982.0,2981.99,0.0,-1.3,0.0,27.9,372.06,199.4,54.7,59.6,49.1
2022-03-07 00:00:00,21:51:07,2,37.8,0.0,49.7,72.0,2982.0,2981.89,0.0,-1.3,0.0,27.9,372.07,199.4,54.8,59.8,49.1
2022-03-07 00:00:00,21:52:07,2,37.9,0.0,49.7,72.0,2982.0,2982.06,0.0,-1.3,0.0,27.8,372.06,199.4,54.9,59.6,49.1
2022-03-07 00:00:00,21:53:07,2,37.9,0.0,49.7,72.0,2982.0,2982.31,0.0,-1.3,0.0,27.8,372.07,199.4,55.0,59.7,49.0
2022-03-07 00:00:00,21:54:07,2,37.9,0.0,49.7,72.0,2982.0,2981.96,0.0,-1.3,0.0,27.8,372.05,199.4,54.9,59.9,49.1
2022-03-07 00:00:00,21:55:07,2,37.9,0.0,49.7,72.0,2982.0,2982.28,0.0,-1.3,0.0,27.8,372.06,199.4,55.0,59.7,49.2
2022-03-07 00:00:00,21:56:07,2,38.0,0.0,49.7,72.0,2982.0,2981.85,0.0,-1.3,0.0,27.8,372.07,199.4,55.0,59.8,49.2
2022-03-07 00:00:00,21:57:07,2,38.0,0.0,49.7,72.0,2982.0,2981.18,0.0,-1.3,0.0,27.8,372.05,199.4,54.9,59.8,49.2
2022-03-07 00:00:00,21:58:07,2,37.9,0.0,49.7,72.0,2982.0,2981.11,0.0,-1.3,0.0,27.8,372.06,199.4,54.9,59.9,49.1
2022-03-07 00:00:00,21:59:07,2,37.7,0.0,49.7,72.0,2982.0,2981.18,0.0,-1.3,0.0,27.8,372.05,199.4,54.9,59.7,49.2
2022-03-07 00:00:00,22:00:07,2,37.6,0.0,49.7,72.0,2982.0,2981.11,0.0,-1.3,0.0,27.8,372.06,199.4,54.8,59.7,49.1
2022-03-07 00:00:00,22:01:07,2,37.4,0.0,49.7,72.0,2982.0,2981.11,0.0,-1.3,0.0,27.9,372.05,199.4,54.6,59.8,49.1
2022-03-07 00:00:00,22:02:07,2,37.2,0.0,49.7,72.0,2982.0,2981.75,0.0,-1.2,0.0,27.9,372.07,199.4,54.6,59.6,49.3
2022-03-07 00:00:00,22:03:07,2,37.0,0.0,49.7,72.0,2982.0,2981.85,0.0,-1.2,0.0,27.9,372.06,199.4,54.6,59.7,49.3
2022-03-07 00:00:00,22:04:07,2,36.8,0.0,49.7,72.0,2982.0,2981.89,0.0,-1.3,0.0,27.9,372.06,199.4,54.5,59.7,49.3
2022-03-07 00:00:00,22:05:07,2,36.6,0.0,49.7,72.0,2982.0,2982.1,0.0,-1.2,0.0,27.9,372.05,199.4,54.5,59.5,49.3
2022-03-07 00:00:00,22:06:07,2,36.7,0.0,49.7,72.0,2982.0,2981.92,0.0,-1.3,0.0,27.9,372.06,199.4,54.3,59.6,49.4
2022-03-07 00:00:00,22:07:07,2,36.3,0.0,49.7,72.0,2982.0,2981.82,0.0,-1.2,0.0,27.9,372.05,199.4,54.4,59.4,49.4
2022-03-07 00:00:00,22:08:07,2,36.4,0.0,49.7,72.0,2982.0,2982.35,0.0,-1.3,0.0,27.9,372.07,199.4,54.3,59.5,49.4
2022-03-07 00:00:00,22:09:07,2,36.6,0.0,49.7,72.0,2982.0,2982.1,0.0,-1.3,0.0,27.9,372.06,199.4,54.4,59.6,49.6
2022-03-07 00:00:00,22:10:07,2,36.9,0.0,49.7,72.0,2982.0,2981.92,0.0,-1.3,0.0,27.9,372.05,199.4,54.5,59.7,49.7
2022-03-07 00:00:00,22:11:07,2,37.2,0.0,49.7,72.0,2982.0,2982.35,0.0,-1.2,0.0,27.9,372.06,199.4,54.7,59.6,49.6
2022-03-07 00:00:00,22:12:07,2,37.4,0.0,49.7,72.0,2982.0,2982.45,0.0,-1.2,0.0,27.9,372.05,199.4,54.6,59.6,49.3
2022-03-07 00:00:00,22:13:07,2,37.5,0.0,49.7,72.0,2982.0,2981.82,0.0,-1.2,0.0,27.9,372.05,199.4,54.7,59.6,49.4
2022-03-07 00:00:00,22:14:07,2,37.5,0.0,49.7,72.0,2982.0,2981.32,0.0,-1.3,0.0,27.9,372.05,199.4,54.8,59.6,49.3
2022-03-07 00:00:00,22:15:07,2,37.5,0.0,49.7,72.0,2982.0,2981.18,0.0,-1.2,0.0,27.9,372.05,199.4,54.8,59.6,49.2
2022-03-07 00:00:00,22:16:07,2,37.6,0.0,49.7,72.0,2982.0,2981.04,0.0,-1.3,0.0,27.9,372.05,199.4,54.8,59.6,49.2
2022-03-07 00:00:00,22:17:07,2,37.6,0.0,49.7,72.0,2982.0,2981.14,0.0,-1.3,0.0,27.9,372.06,199.4,54.9,59.6,49.0
2022-03-07 00:00:00,22:18:07,2,37.7,0.0,49.7,72.0,2982.0,2981.32,0.0,-1.2,0.0,27.9,372.05,199.4,54.8,59.6,49.2
2022-03-07 00:00:00,22:19:07,2,37.8,0.0,49.7,72.0,2982.0,2981.14,0.0,-1.3,0.0,27.8,372.05,199.4,54.9,59.7,49.1
2022-03-07 00:00:00,22:20:07,2,37.9,0.0,49.7,72.0,2982.0,2981.32,0.0,-1.3,0.0,27.8,372.05,199.4,55.0,59.7,49.2
2022-03-07 00:00:00,22:21:07,2,37.9,0.0,49.7,72.0,2982.0,2982.1,0.0,-1.3,0.0,27.9,372.05,199.4,55.0,59.9,49.2
2022-03-07 00:00:00,22:22:07,2,37.9,0.0,49.7,72.0,2982.0,2982.17,0.0,-1.3,0.0,27.8,372.05,199.4,55.0,59.8,49.2
2022-03-07 00:00:00,22:23:07,2,38.0,0.0,49.7,72.0,2982.0,2981.99,0.0,-1.3,0.0,27.9,372.05,199.4,55.1,59.9,49.2
2022-03-07 00:00:00,22:24:07,2,38.0,0.0,49.7,72.0,2982.0,2982.1,0.0,-1.3,0.0,27.8,372.04,199.4,55.1,59.8,49.2
2022-03-07 00:00:00,22:25:07,2,38.0,0.0,49.7,72.0,2982.0,2982.06,0.0,-1.3,0.0,27.8,372.05,199.4,55.2,59.9,49.2
2022-03-07 00:00:00,22:26:07,2,38.0,0.0,49.7,72.0,2982.0,2981.96,0.0,-1.3,0.0,27.8,372.05,199.4,55.1,60.0,49.2
2022-03-07 00:00:00,22:27:07,2,38.0,0.0,49.7,72.0,2982.0,2982.1,0.0,-1.3,0.0,27.8,372.05,199.4,55.1,60.0,49.2
2022-03-07 00:00:00,22:28:07,2,37.9,0.0,49.7,72.0,2982.0,2982.35,0.0,-1.3,0.0,27.9,372.04,199.4,55.0,59.8,49.2
2022-03-07 00:00:00,22:29:07,2,37.8,0.0,49.7,72.0,2982.0,2982.06,0.0,-1.3,0.0,27.8,372.03,199.4,54.8,60.0,49.1
2022-03-07 00:00:00,22:30:07,2,37.5,0.0,49.7,72.0,2982.0,2982.03,0.0,-1.3,0.0,27.8,372.05,199.4,54.7,59.8,49.2
2022-03-07 00:00:00,22:31:07,2,37.3,0.0,49.7,72.0,2982.0,2982.13,0.0,-1.2,0.0,27.8,372.03,199.4,54.6,59.8,49.3
2022-03-07 00:00:00,22:32:07,2,37.2,0.0,49.7,72.0,2982.0,2982.13,0.0,-1.2,0.0,27.8,372.04,199.4,54.6,59.9,49.3
2022-03-07 00:00:00,22:33:07,2,37.0,0.0,49.7,72.0,2982.0,2981.89,0.0,-1.3,0.0,27.8,372.04,199.4,54.6,59.8,49.5
2022-03-07 00:00:00,22:34:07,2,36.7,0.0,49.7,72.0,2982.0,2982.13,0.0,-1.3,0.0,27.8,372.03,199.4,54.6,59.6,49.2
2022-03-07 00:00:00,22:35:07,2,36.7,0.0,49.7,72.0,2982.0,2981.36,0.0,-1.3,0.0,27.8,372.05,199.4,54.5,59.7,49.3
2022-03-07 00:00:00,22:36:07,2,36.4,0.0,49.7,72.0,2982.0,2981.18,0.0,-1.3,0.0,27.9,372.04,199.4,54.5,59.6,49.5
2022-03-07 00:00:00,22:37:07,2,36.5,0.0,49.7,72.0,2982.0,2981.21,0.0,-1.3,0.0,27.9,372.04,199.4,54.4,59.5,49.4
2022-03-07 00:00:00,22:38:07,2,36.5,0.0,49.7,72.0,2982.0,2981.04,0.0,-1.3,0.0,27.9,372.05,199.4,54.4,59.6,49.5
2022-03-07 00:00:00,22:39:07,2,36.7,0.0,49.7,72.0,2982.0,2981.14,0.0,-1.3,0.0,27.8,372.04,199.4,54.5,59.6,49.6
2022-03-07 00:00:00,22:40:07,2,37.0,0.0,49.7,72.0,2982.0,2981.14,0.0,-1.3,0.0,27.8,372.05,199.4,54.6,59.7,49.6
2022-03-07 00:00:00,22:41:07,2,37.3,0.0,49.7,72.0,2982.0,2981.36,0.0,-1.3,0.0,27.8,372.04,199.4,54.7,59.7,49.7
2022-03-07 00:00:00,22:42:07,2,37.5,0.0,49.7,72.0,2982.0,2981.18,0.0,-1.2,0.0,27.8,372.03,199.4,54.7,59.6,49.4
2022-03-07 00:00:00,22:43:07,2,37.6,0.0,49.7,72.0,2982.0,2981.6,0.0,-1.2,0.0,27.9,372.05,199.4,54.8,59.6,49.4
2022-03-07 00:00:00,22:44:07,2,37.6,0.0,49.7,72.0,2982.0,2981.99,0.0,-1.3,0.0,27.9,372.03,199.4,54.8,59.6,49.3
2022-03-07 00:00:00,22:45:07,2,37.6,0.0,49.7,72.0,2982.0,2982.03,0.0,-1.3,0.0,27.9,372.05,199.4,54.8,59.8,49.3
2022-03-07 00:00:00,22:46:07,2,37.6,0.0,49.7,72.0,2982.0,2982.1,0.0,-1.3,0.0,27.9,372.04,199.4,54.9,59.7,49.3
2022-03-07 00:00:00,22:47:07,2,37.7,0.0,49.7,72.0,2982.0,2982.13,0.0,-1.3,0.0,27.9,372.05,199.4,55.0,59.7,49.2
2022-03-07 00:00:00,22:48:07,2,37.8,0.0,49.7,72.0,2982.0,2981.82,0.0,-1.3,0.0,27.8,372.05,199.4,55.0,59.8,49.1
2022-03-07 00:00:00,22:49:07,2,37.9,0.0,49.7,72.0,2982.0,2981.75,0.0,-1.3,0.0,27.9,372.03,199.4,54.9,59.8,49.3
2022-03-07 00:00:00,22:50:07,2,37.9,0.0,49.7,72.0,2982.0,2981.99,0.0,-1.3,0.0,27.9,372.05,199.4,55.0,59.8,49.2
2022-03-07 00:00:00,22:51:07,2,37.9,0.0,49.7,72.0,2982.0,2982.28,0.0,-1.3,0.0,27.9,372.05,199.4,54.9,59.8,49.3
2022-03-07 00:00:00,22:52:07,2,37.9,0.0,49.7,72.0,2982.0,2981.71,0.0,-1.3,0.0,27.8,372.05,199.4,55.1,59.8,49.3
2022-03-07 00:00:00,22:53:07,2,38.0,0.0,49.7,72.0,2982.0,2981.82,0.0,-1.3,0.0,27.8,372.04,199.4,55.1,60.0,49.2
2022-03-07 00:00:00,22:54:07,2,38.1,0.0,49.7,72.0,2982.0,2982.45,0.0,-1.3,0.0,27.9,372.04,199.4,55.2,60.0,49.2
2022-03-07 00:00:00,22:55:07,2,38.2,0.0,49.7,72.0,2982.0,2981.99,0.0,-1.3,0.0,27.8,372.04,199.4,55.2,60.0,49.3
2022-03-07 00:00:00,22:56:07,2,38.2,0.0,49.7,72.0,2982.0,2981.99,0.0,-1.3,0.0,27.8,372.03,199.4,55.3,60.0,49.3
2022-03-07 00:00:00,22:57:07,2,38.1,0.0,49.7,72.0,2982.0,2982.24,0.0,-1.3,0.0,27.8,372.03,199.4,55.1,60.1,49.3
2022-03-07 00:00:00,22:58:07,2,38.0,0.0,49.7,72.0,2982.0,2981.75,0.0,-1.3,0.0,27.9,372.02,199.4,55.1,59.9,49.2
2022-03-07 00:00:00,22:59:07,2,37.8,0.0,49.7,72.0,2982.0,2981.5,0.0,-1.3,0.0,27.8,372.03,199.4,54.9,60.0,49.2
2022-03-07 00:00:00,23:00:07,2,37.7,0.0,49.7,72.0,2982.0,2981.39,0.0,-1.3,0.0,27.9,372.03,199.4,55.0,59.9,49.3
2022-03-07 00:00:00,23:01:07,2,37.4,0.0,49.7,72.0,2982.0,2981.11,0.0,-1.2,0.0,27.8,372.04,199.4,54.7,59.9,49.3
2022-03-07 00:00:00,23:02:07,2,37.2,0.0,49.7,72.0,2982.0,2981.0,0.0,-1.2,0.0,27.9,372.05,199.4,54.7,59.9,49.2
2022-03-07 00:00:00,23:03:07,2,37.1,0.0,49.7,72.0,2982.0,2981.07,0.0,-1.3,0.0,27.9,372.03,199.4,54.7,59.8,49.4
2022-03-07 00:00:00,23:04:07,2,36.8,0.0,49.7,72.0,2982.0,2981.11,0.0,-1.3,0.0,27.9,372.04,199.4,54.6,59.9,49.4
2022-03-07 00:00:00,23:05:07,2,36.7,0.0,49.7,72.0,2982.0,2980.79,0.0,-1.3,0.0,27.9,372.03,199.4,54.6,59.8,49.5
2022-03-07 00:00:00,23:06:07,2,36.7,0.0,49.7,72.0,2982.0,2981.04,0.0,-1.3,0.0,27.9,372.03,199.4,54.5,59.8,49.5
2022-03-07 00:00:00,23:07:07,2,36.4,0.0,49.7,72.0,2982.0,2981.25,0.0,-1.3,0.0,27.9,372.03,199.4,54.4,59.7,49.5
2022-03-07 00:00:00,23:08:07,2,36.5,0.0,49.7,72.0,2982.0,2981.11,0.0,-1.3,0.0,27.9,372.03,199.4,54.5,59.7,49.5
2022-03-07 00:00:00,23:09:07,2,36.6,0.0,49.7,72.0,2982.0,2981.53,0.0,-1.3,0.0,27.8,372.04,199.4,54.6,59.9,49.7
2022-03-07 00:00:00,23:10:07,2,36.9,0.0,49.7,72.0,2982.0,2981.85,0.0,-1.3,0.0,27.9,372.03,199.4,54.7,59.8,49.6
2022-03-07 00:00:00,23:11:07,2,37.3,0.0,49.7,72.0,2982.0,2981.85,0.0,-1.3,0.0,27.9,372.03,199.4,54.8,59.8,49.7
2022-03-07 00:00:00,23:12:07,2,37.5,0.0,49.7,72.0,2982.0,2981.85,0.0,-1.3,0.0,27.8,372.04,199.4,54.8,59.8,49.6
2022-03-07 00:00:00,23:13:07,2,37.6,0.0,49.7,72.0,2982.0,2982.31,0.0,-1.3,0.0,27.9,372.03,199.4,54.8,59.7,49.4
2022-03-07 00:00:00,23:14:07,2,37.7,0.0,49.7,72.0,2982.0,2982.1,0.0,-1.2,0.0,27.9,372.05,199.4,54.9,59.8,49.4
2022-03-07 00:00:00,23:15:07,2,37.6,0.0,49.7,72.0,2982.0,2981.64,0.0,-1.2,0.0,27.9,372.03,199.4,55.0,59.6,49.2
2022-03-07 00:00:00,23:16:07,2,37.7,0.0,49.7,72.0,2982.0,2982.24,0.0,-1.3,0.0,27.9,372.05,199.4,54.9,59.7,49.2
2022-03-07 00:00:00,23:17:07,2,37.7,0.0,49.7,72.0,2982.0,2981.85,0.0,-1.3,0.0,27.8,372.03,199.4,55.0,59.8,49.2
2022-03-07 00:00:00,23:18:07,2,37.9,0.0,49.7,72.0,2982.0,2981.82,0.0,-1.2,0.0,27.9,372.03,199.4,55.0,59.8,49.1
2022-03-07 00:00:00,23:19:07,2,37.9,0.0,49.7,72.0,2982.0,2982.21,0.0,-1.3,0.0,27.9,372.03,199.4,55.1,59.9,49.3
2022-03-07 00:00:00,23:20:07,2,38.0,0.0,49.7,72.0,2982.0,2982.24,0.0,-1.3,0.0,27.9,372.02,199.4,55.1,59.9,49.2
2022-03-07 00:00:00,23:21:07,2,38.0,0.0,49.7,72.0,2982.0,2982.13,0.0,-1.3,0.0,27.9,372.04,199.4,55.0,59.9,49.2
2022-03-07 00:00:00,23:22:07,2,38.1,0.0,49.7,72.0,2982.0,2982.17,0.0,-1.3,0.0,27.8,372.04,199.4,55.1,60.0,49.2
2022-03-07 00:00:00,23:23:07,2,38.1,0.0,49.7,72.0,2982.0,2982.13,0.0,-1.3,0.0,27.9,372.04,199.4,55.2,60.0,49.3
2022-03-07 00:00:00,23:24:07,2,38.1,0.0,49.7,72.0,2982.0,2982.24,0.0,-1.3,0.0,27.9,372.03,199.4,55.3,59.9,49.2
2022-03-07 00:00:00,23:25:07,2,38.2,0.0,49.7,72.0,2982.0,2981.96,0.0,-1.2,0.0,27.9,372.02,199.4,55.2,60.0,49.3
2022-03-07 00:00:00,23:26:07,2,38.2,0.0,49.7,72.0,2982.0,2982.28,0.0,-1.3,0.0,27.8,372.03,199.4,55.3,60.0,49.5
2022-03-07 00:00:00,23:27:07,2,38.1,0.0,49.7,72.0,2982.0,2981.99,0.0,-1.3,0.0,27.8,372.03,199.4,55.3,60.1,49.3
2022-03-07 00:00:00,23:28:07,2,38.1,0.0,49.7,72.0,2982.0,2981.89,0.0,-1.3,0.0,27.8,372.03,199.4,55.3,59.9,49.3
2022-03-07 00:00:00,23:29:07,2,37.9,0.0,49.7,72.0,2982.0,2981.92,0.0,-1.2,0.0,27.9,372.02,199.4,55.1,60.0,49.2
2022-03-07 00:00:00,23:30:07,2,37.7,0.0,49.7,72.0,2982.0,2981.64,0.0,-1.2,0.0,27.9,372.03,199.4,55.0,60.0,49.2
2022-03-07 00:00:00,23:31:07,2,37.5,0.0,49.7,72.0,2982.0,2981.18,0.0,-1.3,0.0,27.9,372.03,199.4,54.9,60.0,49.4
2022-03-07 00:00:00,23:32:07,2,37.4,0.0,49.7,72.0,2982.0,2981.14,0.0,-1.3,0.0,27.9,372.03,199.4,54.8,60.0,49.3
2022-03-07 00:00:00,23:33:07,2,37.1,0.0,49.7,72.0,2982.0,2981.21,0.0,-1.3,0.0,27.9,372.02,199.4,54.8,59.9,49.4
2022-03-07 00:00:00,23:34:07,2,37.0,0.0,49.7,72.0,2982.0,2980.79,0.0,-1.3,0.0,27.9,372.02,199.4,54.6,59.9,49.5
2022-03-07 00:00:00,23:35:07,2,36.8,0.0,49.7,72.0,2982.0,2980.86,0.0,-1.3,0.0,27.9,372.02,199.4,54.7,59.7,49.6
2022-03-07 00:00:00,23:36:07,2,36.6,0.0,49.7,72.0,2982.0,2981.25,0.0,-1.2,0.0,27.9,372.03,199.4,54.5,59.8,49.5
2022-03-07 00:00:00,23:37:07,2,36.5,0.0,49.7,72.0,2982.0,2981.14,0.0,-1.3,0.0,27.9,372.02,199.4,54.6,59.8,49.5
2022-03-07 00:00:00,23:38:07,2,36.6,0.0,49.7,72.0,2982.0,2981.14,0.0,-1.2,0.0,27.9,372.03,199.4,54.5,59.6,49.5
2022-03-07 00:00:00,23:39:07,2,36.5,0.0,49.7,72.0,2982.0,2981.29,0.0,-1.3,0.0,27.9,372.04,199.4,54.5,59.8,49.6
2022-03-07 00:00:00,23:40:07,2,36.8,0.0,49.7,72.0,2982.0,2981.5,0.0,-1.3,0.0,27.9,372.03,199.4,54.7,59.8,49.7
2022-03-07 00:00:00,23:41:07,2,37.1,0.0,49.7,72.0,2982.0,2981.14,0.0,-1.2,0.0,27.9,372.03,199.4,54.8,59.7,49.7
2022-03-07 00:00:00,23:42:07,2,37.4,0.0,49.7,72.0,2982.0,2981.6,0.0,-1.2,0.0,27.9,372.03,199.4,54.7,59.9,49.8
2022-03-07 00:00:00,23:43:07,2,37.6,0.0,49.7,72.0,2982.0,2981.96,0.0,-1.3,0.0,27.9,372.03,199.4,54.8,59.7,49.6
2022-03-07 00:00:00,23:44:07,2,37.6,0.0,49.7,72.0,2982.0,2981.92,0.0,-1.3,0.0,27.9,372.04,199.4,54.8,59.7,49.4
2022-03-07 00:00:00,23:45:07,2,37.7,0.0,49.7,72.0,2982.0,2982.03,0.0,-1.3,0.0,27.9,372.03,199.4,54.9,59.8,49.3
2022-03-07 00:00:00,23:46:07,2,37.7,0.0,49.7,72.0,2982.0,2982.45,0.0,-1.3,0.0,27.9,372.03,199.4,54.9,59.8,49.2
2022-03-07 00:00:00,23:47:07,2,37.8,0.0,49.7,72.0,2982.0,2982.03,0.0,-1.2,0.0,27.9,372.04,199.4,55.0,59.8,49.2
2022-03-07 00:00:00,23:48:07,2,37.8,0.0,49.7,72.0,2982.0,2981.67,0.0,-1.2,0.0,27.9,372.04,199.4,55.0,59.8,49.2
2022-03-07 00:00:00,23:49:07,2,37.9,0.0,49.7,72.0,2982.0,2982.21,0.0,-1.3,0.0,27.9,372.02,199.4,55.0,60.0,49.2
2022-03-07 00:00:00,23:50:07,2,38.0,0.0,49.7,72.0,2982.0,2981.82,0.0,-1.3,0.0,27.9,372.02,199.4,55.1,59.9,49.1
2022-03-07 00:00:00,23:51:07,2,38.0,0.0,49.7,72.0,2982.0,2981.92,0.0,-1.3,0.0,27.9,372.04,199.4,55.2,59.8,49.2
2022-03-07 00:00:00,23:52:07,2,38.1,0.0,49.7,72.0,2982.0,2982.03,0.0,-1.3,0.0,27.9,372.03,199.4,55.1,60.1,49.3
2022-03-07 00:00:00,23:53:07,2,38.1,0.0,49.7,72.0,2982.0,2981.92,0.0,-1.3,0.0,27.9,372.02,199.4,55.1,60.0,49.2
2022-03-07 00:00:00,23:54:07,2,38.2,0.0,49.7,72.0,2982.0,2981.82,0.0,-1.3,0.0,27.9,372.02,199.4,55.2,60.1,49.2
2022-03-07 00:00:00,23:55:07,2,38.2,0.0,49.7,72.0,2982.0,2982.28,0.0,-1.3,0.0,27.9,372.04,199.4,55.1,60.1,49.3
2022-03-07 00:00:00,23:56:07,2,38.2,0.0,49.7,72.0,2982.0,2982.21,0.0,-1.3,0.0,27.9,372.02,199.4,55.3,60.1,49.2
2022-03-07 00:00:00,23:57:07,2,38.2,0.0,49.7,72.0,2982.0,2981.85,0.0,-1.2,0.0,27.8,372.02,199.4,55.3,60.0,49.3
2022-03-07 00:00:00,23:58:07,2,38.1,0.0,49.7,72.0,2982.0,2982.17,0.0,-1.3,0.0,27.9,372.02,199.4,55.2,60.1,49.3
2022-03-07 00:00:00,23:59:07,2,38.1,0.0,49.7,72.0,2982.0,2982.31,0.0,-1.2,0.0,27.8,372.02,199.4,55.2,60.0,49.3
2022-03-08 00:00:00,00:00:07,2,37.9,0.0,49.7,72.0,2982.0,2981.96,0.0,-1.2,0.0,27.9,372.02,199.4,55.0,60.0,49.3
2022-03-08 00:00:00,00:01:07,2,37.8,0.0,49.7,72.0,2982.0,2982.52,0.0,-1.3,0.0,27.9,372.03,199.4,55.0,60.0,49.2
2022-03-08 00:00:00,00:02:07,2,37.5,0.0,49.7,72.0,2982.0,2982.49,0.0,-1.3,0.0,27.9,372.01,199.4,54.9,60.0,49.4
2022-03-08 00:00:00,00:03:07,2,37.3,0.0,49.7,72.0,2982.0,2982.1,0.0,-1.3,0.0,27.9,372.03,199.4,54.8,60.0,49.4
2022-03-08 00:00:00,00:04:07,2,37.2,0.0,49.7,72.0,2982.0,2981.89,0.0,-1.3,0.0,27.9,372.02,199.4,54.8,59.9,49.4
2022-03-08 00:00:00,00:05:07,2,37.0,0.0,49.7,72.0,2982.0,2981.92,0.0,-1.2,0.0,27.9,372.02,199.4,54.7,59.9,49.4
2022-03-08 00:00:00,00:06:07,2,36.9,0.0,49.7,72.0,2982.0,2981.67,0.0,-1.2,0.0,27.9,372.02,199.4,54.5,59.9,49.5
2022-03-08 00:00:00,00:07:07,2,36.7,0.0,49.7,72.0,2982.0,2981.18,0.0,-1.2,0.0,27.9,372.03,199.4,54.6,59.8,49.6
2022-03-08 00:00:00,00:08:07,2,36.5,0.0,49.7,72.0,2982.0,2981.5,0.0,-1.2,0.0,27.9,372.03,199.4,54.6,59.9,49.7
2022-03-08 00:00:00,00:09:07,2,36.5,0.0,49.7,72.0,2982.0,2981.46,0.0,-1.2,0.0,27.9,372.02,199.4,54.6,59.7,49.7
2022-03-08 00:00:00,00:10:07,2,36.7,0.0,49.7,72.0,2982.0,2980.97,0.0,-1.2,0.0,27.9,372.03,199.4,54.7,59.9,49.7
2022-03-08 00:00:00,00:11:07,2,36.9,0.0,49.7,72.0,2982.0,2981.25,0.0,-1.3,0.0,27.9,372.02,199.4,54.7,59.8,49.9
2022-03-08 00:00:00,00:12:07,2,37.3,0.0,49.7,72.0,2982.0,2981.39,0.0,-1.2,0.0,27.9,372.04,199.4,54.8,59.9,49.7
2022-03-08 00:00:00,00:13:07,2,37.5,0.0,49.7,72.0,2982.0,2981.25,0.0,-1.3,0.0,27.9,372.02,199.4,54.9,59.8,49.6
2022-03-08 00:00:00,00:14:07,2,37.6,0.0,49.7,72.0,2982.0,2981.25,0.0,-1.3,0.0,27.8,372.03,199.4,54.9,59.8,49.6
2022-03-08 00:00:00,00:15:07,2,37.7,0.0,49.7,72.0,2982.0,2981.39,0.0,-1.3,0.0,27.9,372.03,199.4,55.0,59.8,49.4
2022-03-08 00:00:00,00:16:07,2,37.7,0.0,49.7,72.0,2982.0,2981.57,0.0,-1.3,0.0,27.9,372.03,199.4,55.0,59.9,49.4
2022-03-08 00:00:00,00:17:07,2,37.7,0.0,49.7,72.0,2982.0,2981.25,0.0,-1.3,0.0,27.9,372.03,199.4,55.0,59.9,49.4
2022-03-08 00:00:00,00:18:07,2,37.8,0.0,49.7,72.0,2982.0,2981.85,0.0,-1.3,0.0,27.9,372.03,199.4,55.1,59.8,49.2
2022-03-08 00:00:00,00:19:07,2,37.9,0.0,49.7,72.0,2982.0,2981.89,0.0,-1.2,0.0,27.9,372.02,199.4,55.0,59.9,49.3
2022-03-08 00:00:00,00:20:07,2,38.0,0.0,49.7,72.0,2982.0,2981.96,0.0,-1.3,0.0,27.9,372.03,199.4,55.1,59.9,49.3
2022-03-08 00:00:00,00:21:07,2,38.0,0.0,49.7,72.0,2982.0,2981.99,0.0,-1.3,0.0,27.9,372.03,199.4,55.2,59.9,49.3
2022-03-08 00:00:00,00:22:07,2,38.1,0.0,49.7,72.0,2982.0,2982.28,0.0,-1.3,0.0,27.9,372.02,199.4,55.2,60.0,49.3
2022-03-08 00:00:00,00:23:07,2,38.1,0.0,49.7,72.0,2982.0,2982.1,0.0,-1.3,0.0,27.9,372.03,199.4,55.2,60.0,49.3
2022-03-08 00:00:00,00:24:07,2,38.2,0.0,49.7,72.0,2982.0,2982.17,0.0,-1.3,0.0,27.8,372.02,199.4,55.2,60.0,49.3
2022-03-08 00:00:00,00:25:07,2,38.2,0.0,49.7,72.0,2982.0,2982.13,0.0,-1.3,0.0,27.9,372.02,199.4,55.3,60.1,49.2
2022-03-08 00:00:00,00:26:07,2,38.2,0.0,49.7,72.0,2982.0,2981.92,0.0,-1.3,0.0,27.9,372.03,199.4,55.3,60.1,49.4
2022-03-08 00:00:00,00:27:07,2,38.4,0.0,49.7,72.0,2982.0,2981.96,0.0,-1.3,0.0,27.9,372.02,199.4,55.3,60.2,49.4
2022-03-08 00:00:00,00:28:07,2,38.3,0.0,49.7,72.0,2982.0,2981.96,0.0,-1.3,0.0,27.9,372.02,199.4,55.4,60.1,49.3
2022-03-08 00:00:00,00:29:07,2,38.2,0.0,49.7,72.0,2982.0,2982.06,0.0,-1.2,0.0,27.9,372.03,199.4,55.3,60.0,49.4
2022-03-08 00:00:00,00:30:07,2,38.1,0.0,49.7,72.0,2982.0,2981.96,0.0,-1.2,0.0,27.9,372.02,199.4,55.2,60.1,49.3
2022-03-08 00:00:00,00:31:07,2,37.9,0.0,49.7,72.0,2982.0,2982.03,0.0,-1.3,0.0,27.9,372.03,199.4,55.1,60.0,49.2
2022-03-08 00:00:00,00:32:07,2,37.6,0.0,49.7,72.0,2982.0,2982.13,0.0,-1.3,0.0,27.9,372.01,199.4,55.0,60.0,49.4
2022-03-08 00:00:00,00:33:07,2,37.4,0.0,49.7,72.0,2982.0,2982.06,0.0,-1.3,0.0,27.9,372.01,199.4,54.9,60.0,49.3
2022-03-08 00:00:00,00:34:07,2,37.2,0.0,49.7,72.0,2982.0,2981.92,0.0,-1.2,0.0,27.9,372.03,199.4,54.9,60.0,49.5
2022-03-08 00:00:00,00:35:07,2,37.1,0.0,49.7,72.0,2982.0,2982.06,0.0,-1.2,0.0,27.9,372.02,199.4,54.8,60.0,49.5
2022-03-08 00:00:00,00:36:07,2,36.9,0.0,49.7,72.0,2982.0,2981.92,0.0,-1.2,0.0,27.9,372.02,199.4,54.7,60.0,49.5
2022-03-08 00:00:00,00:37:07,2,36.7,0.0,49.7,72.0,2982.0,2982.03,0.0,-1.2,0.0,27.9,372.02,199.4,54.7,59.8,49.5
2022-03-08 00:00:00,00:38:07,2,36.6,0.0,49.7,72.0,2982.0,2982.28,0.0,-1.3,0.0,27.9,372.03,199.4,54.7,59.8,49.7
2022-03-08 00:00:00,00:39:07,2,36.7,0.0,49.7,72.0,2982.0,2981.92,0.0,-1.2,0.0,27.9,372.02,199.4,54.7,59.7,49.5
2022-03-08 00:00:00,00:40:07,2,36.5,0.0,49.7,72.0,2982.0,2981.92,0.0,-1.2,0.0,27.9,372.02,199.4,54.6,59.8,49.6
2022-03-08 00:00:00,00:41:07,2,36.7,0.0,49.7,72.0,2982.0,2982.28,0.0,-1.2,0.0,27.9,372.02,199.4,54.8,59.9,49.8
2022-03-08 00:00:00,00:42:07,2,37.2,0.0,49.7,72.0,2982.0,2982.17,0.0,-1.2,0.0,27.9,372.02,199.4,54.8,59.9,49.8
2022-03-08 00:00:00,00:43:07,2,37.4,0.0,49.7,72.0,2982.0,2981.82,0.0,-1.2,0.0,27.9,372.02,199.4,54.9,59.9,49.8
2022-03-08 00:00:00,00:44:07,2,37.6,0.0,49.7,72.0,2982.0,2982.21,0.0,-1.2,0.0,27.9,372.03,199.4,54.8,59.8,49.7
2022-03-08 00:00:00,00:45:07,2,37.7,0.0,49.7,72.0,2982.0,2982.13,0.0,-1.3,0.0,27.9,372.03,199.4,55.0,59.8,49.5
2022-03-08 00:00:00,00:46:07,2,37.8,0.0,49.7,72.0,2982.0,2981.75,0.0,-1.3,0.0,27.9,372.02,199.4,55.0,59.9,49.4
2022-03-08 00:00:00,00:47:07,2,37.8,0.0,49.7,72.0,2982.0,2981.78,0.0,-1.3,0.0,27.9,372.02,199.4,55.0,59.9,49.3
2022-03-08 00:00:00,00:48:07,2,37.8,0.0,49.7,72.0,2982.0,2981.85,0.0,-1.3,0.0,27.9,372.02,199.4,55.0,59.8,49.2
2022-03-08 00:00:00,00:49:07,2,37.9,0.0,49.7,72.0,2982.0,2981.32,0.0,-1.2,0.0,27.9,372.02,199.4,55.1,59.9,49.3
2022-03-08 00:00:00,00:50:07,2,38.0,0.0,49.7,72.0,2982.0,2981.29,0.0,-1.2,0.0,27.9,372.02,199.4,55.0,60.0,49.3
2022-03-08 00:00:00,00:51:07,2,38.0,0.0,49.7,72.0,2982.0,2981.32,0.0,-1.2,0.0,27.9,372.02,199.4,55.1,60.0,49.3
2022-03-08 00:00:00,00:52:07,2,38.1,0.0,49.7,72.0,2982.0,2981.04,0.0,-1.3,0.0,27.9,372.02,199.4,55.1,60.0,49.3
2022-03-08 00:00:00,00:53:07,2,38.1,0.0,49.7,72.0,2982.0,2981.14,0.0,-1.3,0.0,27.9,372.02,199.4,55.2,60.0,49.3
2022-03-08 00:00:00,00:54:07,2,38.2,0.0,49.7,72.0,2982.0,2981.25,0.0,-1.3,0.0,27.9,372.02,199.4,55.3,60.0,49.3
2022-03-08 00:00:00,00:55:07,2,38.1,0.0,49.7,72.0,2982.0,2981.14,0.0,-1.3,0.0,27.9,372.03,199.4,55.3,60.0,49.2
2022-03-08 00:00:00,00:56:07,2,38.2,0.0,49.7,72.0,2982.0,2980.93,0.0,-1.3,0.0,27.9,372.02,199.4,55.2,60.1,49.3
2022-03-08 00:00:00,00:57:07,2,38.3,0.0,49.7,72.0,2982.0,2981.32,0.0,-1.3,0.0,27.9,372.02,199.4,55.3,60.2,49.4
2022-03-08 00:00:00,00:58:07,2,38.3,0.0,49.7,72.0,2982.0,2981.11,0.0,-1.3,0.0,27.9,372.02,199.4,55.3,60.3,49.5
2022-03-08 00:00:00,00:59:07,2,38.2,0.0,49.7,72.0,2982.0,2981.14,0.0,-1.2,0.0,27.9,372.02,199.4,55.4,60.2,49.3
2022-03-08 00:00:00,01:00:07,2,38.2,0.0,49.7,72.0,2982.0,2981.11,0.0,-1.2,0.0,27.9,372.02,199.4,55.3,60.1,49.3
2022-03-08 00:00:00,01:01:07,2,38.0,0.0,49.7,72.0,2982.0,2981.36,0.0,-1.3,0.0,27.9,372.01,199.4,55.2,60.1,49.4
2022-03-08 00:00:00,01:02:07,2,37.8,0.0,49.7,72.0,2982.0,2981.04,0.0,-1.3,0.0,27.9,372.02,199.4,55.2,60.0,49.3
2022-03-08 00:00:00,01:03:07,2,37.6,0.0,49.7,72.0,2982.0,2981.32,0.0,-1.3,0.0,27.9,372.02,199.4,55.0,60.0,49.4
2022-03-08 00:00:00,01:04:07,2,37.4,0.0,49.7,72.0,2982.0,2981.75,0.0,-1.3,0.0,27.9,372.02,199.4,54.9,60.1,49.4
2022-03-08 00:00:00,01:05:07,2,37.3,0.0,49.7,72.0,2982.0,2981.32,0.0,-1.3,0.0,27.9,372.02,199.4,54.8,60.1,49.4
2022-03-08 00:00:00,01:06:07,2,37.0,0.0,49.7,72.0,2982.0,2981.96,0.0,-1.2,0.0,27.9,372.02,199.4,54.7,60.1,49.7
2022-03-08 00:00:00,01:07:07,2,37.0,0.0,49.7,72.0,2982.0,2982.1,0.0,-1.2,0.0,27.9,372.02,199.4,54.8,60.0,49.5
2022-03-08 00:00:00,01:08:07,2,36.9,0.0,49.7,72.0,2982.0,2981.85,0.0,-1.3,0.0,27.9,372.02,199.4,54.7,60.0,49.6
2022-03-08 00:00:00,01:09:07,2,36.6,0.0,49.7,72.0,2982.0,2981.96,0.0,-1.2,0.0,27.9,372.02,199.4,54.6,59.9,49.5
2022-03-08 00:00:00,01:10:07,2,36.7,0.0,49.7,72.0,2982.0,2981.99,0.0,-1.2,0.0,27.9,372.02,199.4,54.5,59.7,49.5
2022-03-08 00:00:00,01:11:07,2,36.7,0.0,49.7,72.0,2982.0,2982.06,0.0,-1.2,0.0,27.9,372.02,199.4,54.7,59.8,49.7
2022-03-08 00:00:00,01:12:07,2,36.9,0.0,49.7,72.0,2982.0,2981.89,0.0,-1.3,0.0,27.9,372.02,199.4,54.8,59.8,49.9
2022-03-08 00:00:00,01:13:07,2,37.3,0.0,49.7,72.0,2982.0,2982.1,0.0,-1.3,0.0,27.9,372.02,199.4,54.8,59.9,49.7
2022-03-08 00:00:00,01:14:07,2,37.6,0.0,49.7,72.0,2982.0,2982.03,0.0,-1.3,0.0,27.9,372.02,199.4,55.0,59.8,49.8
2022-03-08 00:00:00,01:15:07,2,37.7,0.0,49.7,72.0,2982.0,2981.71,0.0,-1.3,0.0,27.9,372.02,199.4,55.0,59.8,49.6
2022-03-08 00:00:00,01:16:07,2,37.8,0.0,49.7,72.0,2982.0,2981.99,0.0,-1.3,0.0,27.9,372.02,199.4,55.0,59.9,49.5
2022-03-08 00:00:00,01:17:07,2,37.8,0.0,49.7,72.0,2982.0,2981.89,0.0,-1.3,0.0,27.9,372.02,199.4,55.1,59.9,49.4
2022-03-08 00:00:00,01:18:07,2,37.8,0.0,49.7,72.0,2982.0,2982.13,0.0,-1.3,0.0,27.9,372.02,199.4,55.1,59.9,49.4
2022-03-08 00:00:00,01:19:07,2,37.8,0.0,49.7,72.0,2982.0,2981.96,0.0,-1.3,0.0,27.9,372.02,199.4,55.1,60.0,49.4
2022-03-08 00:00:00,01:20:07,2,38.0,0.0,49.7,72.0,2982.0,2982.17,0.0,-1.2,0.0,27.9,372.02,199.4,55.1,59.9,49.3
2022-03-08 00:00:00,01:21:07,2,38.0,0.0,49.7,72.0,2982.0,2982.06,0.0,-1.2,0.0,27.9,372.02,199.4,55.1,60.0,49.3
2022-03-08 00:00:00,01:22:07,2,38.1,0.0,49.7,72.0,2982.0,2981.92,0.0,-1.2,0.0,27.9,372.02,199.4,55.2,60.1,49.2
2022-03-08 00:00:00,01:23:07,2,38.1,0.0,49.7,72.0,2982.0,2982.21,0.0,-1.3,0.0,27.9,372.01,199.4,55.2,60.1,49.3
2022-03-08 00:00:00,01:24:07,2,38.2,0.0,49.7,72.0,2982.0,2982.03,0.0,-1.3,0.0,27.9,372.02,199.4,55.3,60.1,49.3
2022-03-08 00:00:00,01:25:07,2,38.2,0.0,49.7,72.0,2982.0,2982.03,0.0,-1.3,0.0,27.9,372.02,199.4,55.3,60.2,49.3
2022-03-08 00:00:00,01:26:07,2,38.3,0.0,49.7,72.0,2982.0,2982.03,0.0,-1.3,0.0,27.9,372.02,199.4,55.3,60.1,49.4
2022-03-08 00:00:00,01:27:07,2,38.3,0.0,49.7,72.0,2982.0,2982.24,0.0,-1.3,0.0,27.9,372.01,199.4,55.4,60.1,49.3
2022-03-08 00:00:00,01:28:07,2,38.3,0.0,49.7,72.0,2982.0,2982.1,0.0,-1.3,0.0,27.9,372.02,199.4,55.4,60.3,49.4
2022-03-08 00:00:00,01:29:07,2,38.3,0.0,49.7,72.0,2982.0,2981.89,0.0,-1.2,0.0,27.9,372.02,199.4,55.4,60.3,49.3
2022-03-08 00:00:00,01:30:07,2,38.2,0.0,49.7,72.0,2982.0,2982.24,0.0,-1.3,0.0,27.9,372.01,199.4,55.5,60.2,49.3
2022-03-08 00:00:00,01:31:07,2,38.0,0.0,49.7,72.0,2982.0,2982.1,0.0,-1.3,0.0,27.9,372.02,199.4,55.1,60.2,49.3
2022-03-08 00:00:00,01:32:07,2,37.9,0.0,49.7,72.0,2982.0,2982.03,0.0,-1.3,0.0,27.9,372.01,199.4,55.1,60.1,49.3
2022-03-08 00:00:00,01:33:07,2,37.7,0.0,49.7,72.0,2982.0,2982.06,0.0,-1.3,0.0,27.9,372.02,199.4,55.1,60.1,49.4
2022-03-08 00:00:00,01:34:07,2,37.5,0.0,49.7,72.0,2982.0,2982.31,0.0,-1.3,0.0,27.9,372.01,199.4,54.9,60.1,49.5
2022-03-08 00:00:00,01:35:07,2,37.2,0.0,49.7,72.0,2982.0,2981.82,0.0,-1.3,0.0,27.9,372.01,199.4,54.9,60.0,49.5
2022-03-08 00:00:00,01:36:07,2,37.1,0.0,49.7,72.0,2982.0,2981.99,0.0,-1.3,0.0,27.9,372.02,199.4,54.7,60.0,49.7
2022-03-08 00:00:00,01:37:07,2,36.9,0.0,49.7,72.0,2982.0,2981.96,0.0,-1.3,0.0,27.9,372.02,199.4,54.8,60.0,49.7
2022-03-08 00:00:00,01:38:07,2,36.7,0.0,49.7,72.0,2982.0,2981.57,0.0,-1.3,0.0,27.9,372.02,199.4,54.7,59.9,49.7
2022-03-08 00:00:00,01:39:07,2,36.6,0.0,49.7,72.0,2982.0,2981.75,0.0,-1.3,0.0,27.9,372.01,199.4,54.7,59.8,49.6
2022-03-08 00:00:00,01:40:07,2,36.7,0.0,49.7,72.0,2982.0,2981.67,0.0,-1.3,0.0,27.9,372.01,199.4,54.6,59.8,49.6
2022-03-08 00:00:00,01:41:07,2,36.9,0.0,49.7,72.0,2982.0,2981.11,0.0,-1.3,0.0,27.9,372.02,199.4,54.7,59.9,49.7
2022-03-08 00:00:00,01:42:07,2,37.0,0.0,49.7,72.0,2982.0,2980.97,0.0,-1.3,0.0,27.9,372.01,199.4,54.8,60.0,49.7
2022-03-08 00:00:00,01:43:07,2,37.3,0.0,49.7,72.0,2982.0,2981.32,0.0,-1.3,0.0,27.9,372.02,199.4,54.8,59.9,49.8
2022-03-08 00:00:00,01:44:07,2,37.6,0.0,49.7,72.0,2982.0,2981.0,0.0,-1.3,0.0,27.9,372.01,199.4,54.8,60.0,49.7
2022-03-08 00:00:00,01:45:07,2,37.7,0.0,49.7,72.0,2982.0,2981.07,0.0,-1.3,0.0,27.9,372.04,199.4,55.0,59.9,49.5
2022-03-08 00:00:00,01:46:07,2,37.8,0.0,49.7,72.0,2982.0,2981.18,0.0,-1.3,0.0,27.9,372.02,199.4,55.1,59.9,49.4
2022-03-08 00:00:00,01:47:07,2,37.8,0.0,49.7,72.0,2982.0,2981.11,0.0,-1.3,0.0,27.9,372.02,199.4,55.1,60.0,49.4
2022-03-08 00:00:00,01:48:07,2,37.9,0.0,49.7,72.0,2982.0,2980.97,0.0,-1.3,0.0,27.9,372.02,199.4,55.1,59.9,49.3
2022-03-08 00:00:00,01:49:07,2,37.9,0.0,49.7,72.0,2982.0,2981.25,0.0,-1.3,0.0,27.9,372.02,199.4,55.1,59.9,49.3
2022-03-08 00:00:00,01:50:07,2,38.0,0.0,49.7,72.0,2982.0,2981.04,0.0,-1.3,0.0,27.9,372.02,199.4,55.2,60.0,49.4
2022-03-08 00:00:00,01:51:07,2,38.1,0.0,49.7,72.0,2982.0,2980.9,0.0,-1.2,0.0,27.9,372.02,199.4,55.3,60.0,49.3
2022-03-08 00:00:00,01:52:07,2,38.1,0.0,49.7,72.0,2982.0,2981.43,0.0,-1.2,0.0,27.9,372.02,199.4,55.2,60.1,49.4
2022-03-08 00:00:00,01:53:07,2,38.2,0.0,49.7,72.0,2982.0,2981.32,0.0,-1.3,0.0,27.9,372.02,199.4,55.3,60.0,49.3
2022-03-08 00:00:00,01:54:07,2,38.2,0.0,49.7,72.0,2982.0,2981.29,0.0,-1.3,0.0,27.9,372.02,199.4,55.3,60.1,49.3
2022-03-08 00:00:00,01:55:07,2,38.3,0.0,49.7,72.0,2982.0,2981.71,0.0,-1.3,0.0,27.9,372.01,199.4,55.3,60.1,49.5
2022-03-08 00:00:00,01:56:07,2,38.3,0.0,49.7,72.0,2982.0,2981.67,0.0,-1.3,0.0,27.9,372.02,199.4,55.3,60.1,49.4
2022-03-08 00:00:00,01:57:07,2,38.3,0.0,49.7,72.0,2982.0,2981.29,0.0,-1.3,0.0,27.9,372.02,199.4,55.4,60.2,49.4
2022-03-08 00:00:00,01:58:07,2,38.3,0.0,49.7,72.0,2982.0,2981.64,0.0,-1.3,0.0,27.9,372.02,199.4,55.4,60.2,49.4
2022-03-08 00:00:00,01:59:07,2,38.2,0.0,49.7,72.0,2982.0,2981.85,0.0,-1.2,0.0,27.9,372.01,199.4,55.3,60.2,49.4
2022-03-08 00:00:00,02:00:07,2,38.1,0.0,49.7,72.0,2982.0,2981.6,0.0,-1.2,0.0,27.9,372.01,199.4,55.2,60.2,49.3
2022-03-08 00:00:00,02:01:07,2,37.9,0.0,49.7,72.0,2982.0,2981.92,0.0,-1.3,0.0,27.9,372.02,199.4,55.2,60.1,49.3
2022-03-08 00:00:00,02:02:07,2,37.8,0.0,49.7,72.0,2982.0,2982.17,0.0,-1.3,0.0,27.9,372.01,199.4,55.0,60.2,49.4
2022-03-08 00:00:00,02:03:07,2,37.6,0.0,49.7,72.0,2982.0,2982.03,0.0,-1.3,0.0,27.9,372.02,199.4,54.9,60.1,49.3
2022-03-08 00:00:00,02:04:07,2,37.4,0.0,49.7,72.0,2982.0,2982.03,0.0,-1.3,0.0,27.9,372.02,199.4,54.9,60.0,49.5
2022-03-08 00:00:00,02:05:07,2,37.1,0.0,49.7,72.0,2982.0,2982.31,0.0,-1.3,0.0,27.9,372.01,199.4,54.8,60.0,49.5
2022-03-08 00:00:00,02:06:07,2,37.0,0.0,49.7,72.0,2982.0,2982.17,0.0,-1.3,0.0,27.9,372.02,199.4,54.8,60.0,49.6
2022-03-08 00:00:00,02:07:07,2,36.8,0.0,49.7,72.0,2982.0,2982.17,0.0,-1.3,0.0,27.9,372.01,199.4,54.7,60.0,49.6
2022-03-08 00:00:00,02:08:07,2,36.7,0.0,49.7,72.0,2982.0,2982.28,0.0,-1.2,0.0,27.9,372.02,199.4,54.7,59.9,49.6
2022-03-08 00:00:00,02:09:07,2,36.8,0.0,49.7,72.0,2982.0,2982.13,0.0,-1.3,0.0,27.9,372.02,199.4,54.5,59.8,49.6
2022-03-08 00:00:00,02:10:07,2,36.6,0.0,49.7,72.0,2982.0,2981.85,0.0,-1.2,0.0,27.9,372.02,199.4,54.7,59.9,49.7
2022-03-08 00:00:00,02:11:07,2,36.9,0.0,49.7,72.0,2982.0,2982.13,0.0,-1.3,0.0,27.9,372.02,199.4,54.7,59.9,49.9
2022-03-08 00:00:00,02:12:07,2,37.3,0.0,49.7,72.0,2982.0,2982.1,0.0,-1.3,0.0,27.9,372.02,199.4,54.9,59.9,49.7
2022-03-08 00:00:00,02:13:07,2,37.5,0.0,49.7,72.0,2982.0,2981.92,0.0,-1.3,0.0,27.9,372.02,199.4,54.9,59.9,49.6
2022-03-08 00:00:00,02:14:07,2,37.7,0.0,49.7,72.0,2982.0,2982.06,0.0,-1.3,0.0,27.9,372.02,199.4,55.0,59.8,49.6
2022-03-08 00:00:00,02:15:07,2,37.8,0.0,49.7,72.0,2982.0,2982.21,0.0,-1.3,0.0,27.9,372.02,199.4,55.0,59.9,49.4
2022-03-08 00:00:00,02:16:07,2,37.8,0.0,49.7,72.0,2982.0,2982.1,0.0,-1.3,0.0,27.9,372.02,199.4,55.0,59.9,49.4
2022-03-08 00:00:00,02:17:07,2,37.9,0.0,49.7,72.0,2982.0,2982.31,0.0,-1.3,0.0,27.9,372.02,199.4,55.2,59.9,49.3
2022-03-08 00:00:00,02:18:07,2,37.8,0.0,49.7,72.0,2982.0,2982.13,0.0,-1.3,0.0,27.9,372.02,199.4,55.1,60.0,49.2
2022-03-08 00:00:00,02:19:07,2,38.0,0.0,49.7,72.0,2982.0,2981.96,0.0,-1.3,0.0,27.9,372.02,199.4,55.1,60.0,49.3
2022-03-08 00:00:00,02:20:07,2,38.1,0.0,49.7,72.0,2982.0,2981.85,0.0,-1.3,0.0,27.9,372.02,199.4,55.3,60.0,49.3
2022-03-08 00:00:00,02:21:07,2,38.1,0.0,49.7,72.0,2982.0,2982.24,0.0,-1.3,0.0,27.9,372.02,199.4,55.1,60.1,49.2
2022-03-08 00:00:00,02:22:07,2,38.1,0.0,49.7,72.0,2982.0,2982.42,0.0,-1.3,0.0,27.9,372.01,199.4,55.3,60.1,49.3
2022-03-08 00:00:00,02:23:07,2,38.3,0.0,49.7,72.0,2982.0,2982.35,0.0,-1.3,0.0,27.9,372.02,199.4,55.4,60.0,49.3
2022-03-08 00:00:00,02:24:07,2,38.3,0.0,49.7,72.0,2982.0,2982.03,0.0,-1.3,0.0,27.9,372.01,199.4,55.2,60.2,49.4
2022-03-08 00:00:00,02:25:07,2,38.3,0.0,49.7,72.0,2982.0,2982.38,0.0,-1.3,0.0,27.9,372.02,199.4,55.3,60.1,49.2
2022-03-08 00:00:00,02:26:07,2,38.3,0.0,49.7,72.0,2982.0,2982.28,0.0,-1.3,0.0,27.9,372.01,199.4,55.3,60.2,49.4
2022-03-08 00:00:00,02:27:07,2,38.3,0.0,49.7,72.0,2982.0,2981.99,0.0,-1.3,0.0,27.9,372.02,199.4,55.4,60.2,49.4
2022-03-08 00:00:00,02:28:07,2,38.3,0.0,49.7,72.0,2982.0,2982.38,0.0,-1.3,0.0,27.9,372.01,199.4,55.4,60.2,49.4
2022-03-08 00:00:00,02:29:07,2,38.2,0.0,49.7,72.0,2982.0,2982.21,0.0,-1.3,0.0,27.9,372.02,199.4,55.3,60.2,49.4
2022-03-08 00:00:00,02:30:07,2,38.1,0.0,49.7,72.0,2982.0,2981.89,0.0,-1.3,0.0,27.9,372.01,199.4,55.2,60.1,49.4
2022-03-08 00:00:00,02:31:07,2,37.8,0.0,49.7,72.0,2982.0,2982.28,0.0,-1.3,0.0,27.9,372.01,199.4,55.1,60.1,49.3
2022-03-08 00:00:00,02:32:07,2,37.7,0.0,49.7,72.0,2982.0,2982.38,0.0,-1.2,0.0,27.9,372.02,199.4,55.0,60.1,49.4
2022-03-08 00:00:00,02:33:07,2,37.5,0.0,49.7,72.0,2982.0,2982.06,0.0,-1.3,0.0,27.9,372.01,199.4,54.9,60.1,49.4
2022-03-08 00:00:00,02:34:07,2,37.2,0.0,49.7,72.0,2982.0,2982.21,0.0,-1.2,0.0,27.9,372.02,199.4,54.8,60.0,49.6
2022-03-08 00:00:00,02:35:07,2,37.2,0.0,49.7,72.0,2982.0,2982.38,0.0,-1.3,0.0,27.9,372.01,199.4,54.7,60.1,49.5
2022-03-08 00:00:00,02:36:07,2,37.0,0.0,49.7,72.0,2982.0,2981.85,0.0,-1.3,0.0,27.9,372.02,199.4,54.7,60.0,49.6
2022-03-08 00:00:00,02:37:07,2,36.8,0.0,49.7,72.0,2982.0,2982.06,0.0,-1.3,0.0,27.9,372.02,199.4,54.6,59.9,49.7
2022-03-08 00:00:00,02:38:07,2,36.7,0.0,49.7,72.0,2982.0,2982.17,0.0,-1.3,0.0,27.9,372.01,199.4,54.7,59.8,49.6
2022-03-08 00:00:00,02:39:07,2,36.7,0.0,49.7,72.0,2982.0,2981.39,0.0,-1.3,0.0,27.9,372.02,199.4,54.7,59.8,49.7
2022-03-08 00:00:00,02:40:07,2,36.7,0.0,49.7,72.0,2982.0,2981.5,0.0,-1.3,0.0,27.9,372.02,199.4,54.7,59.8,49.6
2022-03-08 00:00:00,02:41:07,2,37.0,0.0,49.7,72.0,2982.0,2981.64,0.0,-1.3,0.0,27.9,372.02,199.4,54.7,59.9,49.7
2022-03-08 00:00:00,02:42:07,2,37.3,0.0,49.7,72.0,2982.0,2981.32,0.0,-1.3,0.0,27.9,372.02,199.4,54.8,59.8,49.7
2022-03-08 00:00:00,02:43:07,2,37.5,0.0,49.7,72.0,2982.0,2981.32,0.0,-1.2,0.0,27.9,372.02,199.4,54.8,59.9,49.7
2022-03-08 00:00:00,02:44:07,2,37.7,0.0,49.7,72.0,2982.0,2981.43,0.0,-1.3,0.0,27.9,372.02,199.4,54.9,59.8,49.5
2022-03-08 00:00:00,02:45:07,2,37.8,0.0,49.7,72.0,2982.0,2981.14,0.0,-1.3,0.0,27.9,372.03,199.4,55.0,59.8,49.5
2022-03-08 00:00:00,02:46:07,2,37.8,0.0,49.7,72.0,2982.0,2980.97,0.0,-1.3,0.0,27.9,372.02,199.4,55.0,59.8,49.4
2022-03-08 00:00:00,02:47:07,2,37.9,0.0,49.7,72.0,2982.0,2981.07,0.0,-1.3,0.0,27.9,372.02,199.4,55.0,59.9,49.3
2022-03-08 00:00:00,02:48:07,2,37.9,0.0,49.7,72.0,2982.0,2981.21,0.0,-1.3,0.0,27.9,372.01,199.4,55.0,60.0,49.2
2022-03-08 00:00:00,02:49:07,2,38.0,0.0,49.7,72.0,2982.0,2980.93,0.0,-1.3,0.0,27.9,372.02,199.4,55.1,60.0,49.2
2022-03-08 00:00:00,02:50:07,2,38.1,0.0,49.7,72.0,2982.0,2981.21,0.0,-1.2,0.0,27.9,372.03,199.4,55.2,60.0,49.2
2022-03-08 00:00:00,02:51:07,2,38.1,0.0,49.7,72.0,2982.0,2981.29,0.0,-1.3,0.0,27.9,372.02,199.4,55.1,60.0,49.3
2022-03-08 00:00:00,02:52:07,2,38.2,0.0,49.7,72.0,2982.0,2981.25,0.0,-1.2,0.0,27.9,372.02,199.4,55.2,60.0,49.3
2022-03-08 00:00:00,02:53:07,2,38.2,0.0,49.7,72.0,2982.0,2981.14,0.0,-1.3,0.0,27.9,372.01,199.4,55.2,60.0,49.4
2022-03-08 00:00:00,02:54:07,2,38.3,0.0,49.7,72.0,2982.0,2981.39,0.0,-1.3,0.0,27.9,372.01,199.4,55.3,60.1,49.3
2022-03-08 00:00:00,02:55:07,2,38.3,0.0,49.7,72.0,2982.0,2981.21,0.0,-1.2,0.0,27.9,372.02,199.4,55.3,60.0,49.3
2022-03-08 00:00:00,02:56:07,2,38.3,0.0,49.7,72.0,2982.0,2981.18,0.0,-1.3,0.0,27.9,372.02,199.4,55.3,60.1,49.4
2022-03-08 00:00:00,02:57:07,2,38.3,0.0,49.7,72.0,2982.0,2981.43,0.0,-1.2,0.0,27.9,372.01,199.4,55.3,60.2,49.3
2022-03-08 00:00:00,02:58:07,2,38.3,0.0,49.7,72.0,2982.0,2981.21,0.0,-1.2,0.0,27.9,372.01,199.4,55.4,60.3,49.4
2022-03-08 00:00:00,02:59:07,2,38.3,0.0,49.7,72.0,2982.0,2981.04,0.0,-1.3,0.0,27.9,372.02,199.4,55.5,60.1,49.3
2022-03-08 00:00:00,03:00:07,2,38.2,0.0,49.7,72.0,2982.0,2981.75,0.0,-1.3,0.0,27.9,372.01,199.4,55.3,60.2,49.4
2022-03-08 00:00:00,03:01:07,2,38.1,0.0,49.7,72.0,2982.0,2981.67,0.0,-1.3,0.0,27.9,372.02,199.4,55.2,60.3,49.4
2022-03-08 00:00:00,03:02:07,2,37.9,0.0,49.7,72.0,2982.0,2981.43,0.0,-1.3,0.0,27.9,372.02,199.4,55.1,60.2,49.3
2022-03-08 00:00:00,03:03:07,2,37.7,0.0,49.7,72.0,2982.0,2981.53,0.0,-1.3,0.0,27.9,372.01,199.4,55.1,60.1,49.5
2022-03-08 00:00:00,03:04:07,2,37.5,0.0,49.7,72.0,2982.0,2981.82,0.0,-1.3,0.0,27.9,372.01,199.4,54.9,60.1,49.5
2022-03-08 00:00:00,03:05:07,2,37.3,0.0,49.7,72.0,2982.0,2981.64,0.0,-1.3,0.0,27.9,372.02,199.4,54.8,60.0,49.5
2022-03-08 00:00:00,03:06:07,2,37.1,0.0,49.7,72.0,2982.0,2981.96,0.0,-1.3,0.0,27.9,372.01,199.4,54.9,60.0,49.5
2022-03-08 00:00:00,03:07:07,2,37.0,0.0,49.7,72.0,2982.0,2981.96,0.0,-1.3,0.0,27.9,372.0,199.4,54.8,60.0,49.6
2022-03-08 00:00:00,03:08:07,2,36.8,0.0,49.7,72.0,2982.0,2981.85,0.0,-1.3,0.0,27.9,372.02,199.4,54.7,59.9,49.7
2022-03-08 00:00:00,03:09:07,2,36.7,0.0,49.7,72.0,2982.0,2981.85,0.0,-1.3,0.0,27.9,372.02,199.4,54.6,59.9,49.7
2022-03-08 00:00:00,03:10:07,2,36.7,0.0,49.7,72.0,2982.0,2982.17,0.0,-1.2,0.0,27.9,372.02,199.4,54.6,59.9,49.6
2022-03-08 00:00:00,03:11:07,2,36.8,0.0,49.7,72.0,2982.0,2982.21,0.0,-1.3,0.0,27.9,372.01,199.4,54.7,59.9,49.7
2022-03-08 00:00:00,03:12:07,2,37.0,0.0,49.7,72.0,2982.0,2982.1,0.0,-1.3,0.0,27.9,372.02,199.4,54.8,60.0,49.8
2022-03-08 00:00:00,03:13:07,2,37.3,0.0,49.7,72.0,2982.0,2982.21,0.0,-1.3,0.0,27.9,372.02,199.4,54.9,59.9,49.8
2022-03-08 00:00:00,03:14:07,2,37.6,0.0,49.7,72.0,2982.0,2982.24,0.0,-1.3,0.0,27.9,372.02,199.4,54.9,59.9,49.7
2022-03-08 00:00:00,03:15:07,2,37.8,0.0,49.7,72.0,2982.0,2981.85,0.0,-1.3,0.0,27.9,372.02,199.4,55.0,59.8,49.4
2022-03-08 00:00:00,03:16:07,2,37.9,0.0,49.7,72.0,2982.0,2981.89,0.0,-1.3,0.0,27.9,372.02,199.4,55.0,59.9,49.5
2022-03-08 00:00:00,03:17:07,2,37.9,0.0,49.7,72.0,2982.0,2982.06,0.0,-1.3,0.0,27.9,372.02,199.4,55.1,59.9,49.3
2022-03-08 00:00:00,03:18:07,2,37.9,0.0,49.7,72.0,2982.0,2981.82,0.0,-1.3,0.0,27.9,372.02,199.4,55.1,59.9,49.2
2022-03-08 00:00:00,03:19:07,2,37.9,0.0,49.7,72.0,2982.0,2981.96,0.0,-1.3,0.0,27.9,372.02,199.4,55.2,59.9,49.1
2022-03-08 00:00:00,03:20:07,2,38.0,0.0,49.7,72.0,2982.0,2981.85,0.0,-1.3,0.0,27.9,372.02,199.4,55.1,60.0,49.3
2022-03-08 00:00:00,03:21:07,2,38.1,0.0,49.7,72.0,2982.0,2982.03,0.0,-1.3,0.0,27.9,372.02,199.4,55.1,59.9,49.2
2022-03-08 00:00:00,03:22:07,2,38.1,0.0,49.7,72.0,2982.0,2981.75,0.0,-1.3,0.0,27.9,372.02,199.4,55.2,60.0,49.2
2022-03-08 00:00:00,03:23:07,2,38.2,0.0,49.7,72.0,2982.0,2981.99,0.0,-1.3,0.0,27.9,372.02,199.4,55.3,60.0,49.2
2022-03-08 00:00:00,03:24:07,2,38.2,0.0,49.7,72.0,2982.0,2982.28,0.0,-1.2,0.0,27.9,372.01,199.4,55.2,60.1,49.3
2022-03-08 00:00:00,03:25:07,2,38.3,0.0,49.7,72.0,2982.0,2981.78,0.0,-1.2,0.0,27.9,372.02,199.4,55.3,60.1,49.3
2022-03-08 00:00:00,03:26:07,2,38.3,0.0,49.7,72.0,2982.0,2981.99,0.0,-1.2,0.0,27.9,372.02,199.4,55.4,60.1,49.2
2022-03-08 00:00:00,03:27:07,2,38.4,0.0,49.7,72.0,2982.0,2982.06,0.0,-1.2,0.0,27.9,372.02,199.4,55.3,60.1,49.3
2022-03-08 00:00:00,03:28:07,2,38.3,0.0,49.7,72.0,2982.0,2982.03,0.0,-1.2,0.0,27.9,372.02,199.4,55.4,60.2,49.5
2022-03-08 00:00:00,03:29:07,2,38.2,0.0,49.7,72.0,2982.0,2981.96,0.0,-1.2,0.0,27.9,372.02,199.4,55.3,60.3,49.3
2022-03-08 00:00:00,03:30:07,2,38.2,0.0,49.7,72.0,2982.0,2982.03,0.0,-1.2,0.0,27.9,372.01,199.4,55.4,60.2,49.2
2022-03-08 00:00:00,03:31:07,2,38.1,0.0,49.7,72.0,2982.0,2981.85,0.0,-1.2,0.0,27.9,372.02,199.4,55.1,60.3,49.3
2022-03-08 00:00:00,03:32:07,2,37.9,0.0,49.7,72.0,2982.0,2981.85,0.0,-1.2,0.0,27.9,372.01,199.4,55.1,60.1,49.3
2022-03-08 00:00:00,03:33:07,2,37.7,0.0,49.7,72.0,2982.0,2982.1,0.0,-1.3,0.0,27.9,372.02,199.4,55.0,60.0,49.4
2022-03-08 00:00:00,03:34:07,2,37.5,0.0,49.7,72.0,2982.0,2981.92,0.0,-1.3,0.0,27.9,372.02,199.4,54.8,60.2,49.4
2022-03-08 00:00:00,03:35:07,2,37.3,0.0,49.7,72.0,2982.0,2981.64,0.0,-1.3,0.0,27.9,372.0,199.4,54.9,60.1,49.5
2022-03-08 00:00:00,03:36:07,2,37.1,0.0,49.7,72.0,2982.0,2982.21,0.0,-1.2,0.0,27.9,372.01,199.4,54.7,60.0,49.5
2022-03-08 00:00:00,03:37:07,2,37.0,0.0,49.7,72.0,2982.0,2981.99,0.0,-1.3,0.0,27.9,372.01,199.4,54.7,59.9,49.6
2022-03-08 00:00:00,03:38:07,2,36.8,0.0,49.7,72.0,2982.0,2981.85,0.0,-1.3,0.0,27.9,372.02,199.4,54.6,59.9,49.6
2022-03-08 00:00:00,03:39:07,2,36.7,0.0,49.7,72.0,2982.0,2982.03,0.0,-1.3,0.0,27.9,372.01,199.4,54.7,59.9,49.5
2022-03-08 00:00:00,03:40:07,2,36.8,0.0,49.7,72.0,2982.0,2982.17,0.0,-1.3,0.0,27.9,372.02,199.4,54.8,59.9,49.7
2022-03-08 00:00:00,03:41:07,2,37.2,0.0,49.7,72.0,2982.0,2981.85,0.0,-1.3,0.0,27.9,372.01,199.4,54.8,60.0,49.8
2022-03-08 00:00:00,03:42:07,2,37.5,0.0,49.7,72.0,2982.0,2981.82,0.0,-1.3,0.0,27.9,372.02,199.4,54.9,60.0,49.7
2022-03-08 00:00:00,03:43:07,2,37.7,0.0,49.7,72.0,2982.0,2982.42,0.0,-1.3,0.0,27.9,372.01,199.4,55.0,59.9,49.6
2022-03-08 00:00:00,03:44:07,2,37.8,0.0,49.7,72.0,2982.0,2981.89,0.0,-1.3,0.0,27.9,372.02,199.4,55.0,60.0,49.5
2022-03-08 00:00:00,03:45:07,2,37.8,0.0,49.7,72.0,2982.0,2981.96,0.0,-1.3,0.0,27.9,372.02,199.4,55.0,60.1,49.6
2022-03-08 00:00:00,03:46:07,2,37.9,0.0,49.7,72.0,2982.0,2982.17,0.0,-1.3,0.0,27.9,372.01,199.4,55.1,59.9,49.4
2022-03-08 00:00:00,03:47:07,2,37.9,0.0,49.7,72.0,2982.0,2981.92,0.0,-1.3,0.0,27.9,372.01,199.4,55.2,59.9,49.3
2022-03-08 00:00:00,03:48:07,2,38.0,0.0,49.7,72.0,2982.0,2981.71,0.0,-1.3,0.0,27.9,372.02,199.4,55.2,59.9,49.3
2022-03-08 00:00:00,03:49:07,2,38.1,0.0,49.7,72.0,2982.0,2981.92,0.0,-1.3,0.0,27.9,372.02,199.4,55.2,60.0,49.2
2022-03-08 00:00:00,03:50:07,2,38.2,0.0,49.7,72.0,2982.0,2981.36,0.0,-1.3,0.0,27.9,372.01,199.4,55.3,60.0,49.3
2022-03-08 00:00:00,03:51:07,2,38.3,0.0,49.7,72.0,2982.0,2981.29,0.0,-1.2,0.0,27.9,372.02,199.4,55.3,60.1,49.4
2022-03-08 00:00:00,03:52:07,2,38.3,0.0,49.7,72.0,2982.0,2981.36,0.0,-1.3,0.0,27.9,372.01,199.4,55.3,60.1,49.3
2022-03-08 00:00:00,03:53:07,2,38.3,0.0,49.7,72.0,2982.0,2981.36,0.0,-1.2,0.0,27.9,372.02,199.4,55.3,60.2,49.3
2022-03-08 00:00:00,03:54:07,2,38.3,0.0,49.7,72.0,2982.0,2980.93,0.0,-1.2,0.0,27.9,372.01,199.4,55.3,60.2,49.4
2022-03-08 00:00:00,03:55:07,2,38.4,0.0,49.7,72.0,2982.0,2981.21,0.0,-1.2,0.0,27.9,372.02,199.4,55.3,60.2,49.4
2022-03-08 00:00:00,03:56:07,2,38.4,0.0,49.7,72.0,2982.0,2981.18,0.0,-1.3,0.0,27.9,372.01,199.4,55.4,60.3,49.5
2022-03-08 00:00:00,03:57:07,2,38.3,0.0,49.7,72.0,2982.0,2981.07,0.0,-1.2,0.0,27.9,372.01,199.4,55.5,60.3,49.4
2022-03-08 00:00:00,03:58:07,2,38.3,0.0,49.7,72.0,2982.0,2981.29,0.0,-1.3,0.0,27.9,372.01,199.4,55.4,60.2,49.3
2022-03-08 00:00:00,03:59:07,2,38.1,0.0,49.7,72.0,2982.0,2981.21,0.0,-1.3,0.0,27.9,372.0,199.4,55.2,60.2,49.4
2022-03-08 00:00:00,04:00:07,2,37.9,0.0,49.7,72.0,2982.0,2980.93,0.0,-1.3,0.0,27.9,372.01,199.4,55.2,60.2,49.3
2022-03-08 00:00:00,04:01:07,2,37.7,0.0,49.7,72.0,2982.0,2981.0,0.0,-1.3,0.0,27.9,372.01,199.4,55.1,60.1,49.4
2022-03-08 00:00:00,04:02:07,2,37.6,0.0,49.7,72.0,2982.0,2981.21,0.0,-1.3,0.0,27.9,372.01,199.4,54.9,60.2,49.5
2022-03-08 00:00:00,04:03:07,2,37.3,0.0,49.7,72.0,2982.0,2980.9,0.0,-1.3,0.0,27.9,372.01,199.4,54.8,60.2,49.5
2022-03-08 00:00:00,04:04:07,2,37.3,0.0,49.7,72.0,2982.0,2980.93,0.0,-1.3,0.0,27.9,372.01,199.4,54.9,60.1,49.5
2022-03-08 00:00:00,04:05:07,2,36.9,0.0,49.7,72.0,2982.0,2981.21,0.0,-1.3,0.0,27.9,372.01,199.4,54.8,60.0,49.5
2022-03-08 00:00:00,04:06:07,2,37.0,0.0,49.7,72.0,2982.0,2981.04,0.0,-1.3,0.0,27.9,372.0,199.4,54.8,59.9,49.7
2022-03-08 00:00:00,04:07:07,2,36.7,0.0,49.7,72.0,2982.0,2980.97,0.0,-1.3,0.0,27.9,372.02,199.4,54.7,59.9,49.6
2022-03-08 00:00:00,04:08:07,2,36.7,0.0,49.7,72.0,2982.0,2981.0,0.0,-1.3,0.0,27.9,372.01,199.4,54.7,60.0,49.7
2022-03-08 00:00:00,04:09:07,2,36.8,0.0,49.7,72.0,2982.0,2981.25,0.0,-1.2,0.0,27.9,372.01,199.4,54.7,60.0,49.8
2022-03-08 00:00:00,04:10:07,2,37.1,0.0,49.7,72.0,2982.0,2980.93,0.0,-1.3,0.0,27.9,372.02,199.4,54.9,60.0,49.8
2022-03-08 00:00:00,04:11:07,2,37.5,0.0,49.7,72.0,2982.0,2981.0,0.0,-1.3,0.0,27.9,372.02,199.4,55.0,59.9,49.7
2022-03-08 00:00:00,04:12:07,2,37.7,0.0,49.7,72.0,2982.0,2981.07,0.0,-1.3,0.0,27.9,372.02,199.4,55.0,60.0,49.7
2022-03-08 00:00:00,04:13:07,2,37.8,0.0,49.7,72.0,2982.0,2981.29,0.0,-1.3,0.0,27.9,372.01,199.4,55.1,59.9,49.6
2022-03-08 00:00:00,04:14:07,2,37.9,0.0,49.7,72.0,2982.0,2981.07,0.0,-1.3,0.0,27.9,372.01,199.4,55.2,59.9,49.5
2022-03-08 00:00:00,04:15:07,2,37.9,0.0,49.7,72.0,2982.0,2981.29,0.0,-1.3,0.0,27.9,372.01,199.4,54.9,60.0,49.5
2022-03-08 00:00:00,04:16:07,2,37.9,0.0,49.7,72.0,2982.0,2981.53,0.0,-1.3,0.0,27.9,372.02,199.4,55.1,59.9,49.4
2022-03-08 00:00:00,04:17:07,2,38.0,0.0,49.7,72.0,2982.0,2981.18,0.0,-1.3,0.0,27.9,372.01,199.4,55.1,60.0,49.4
2022-03-08 00:00:00,04:18:07,2,38.0,0.0,49.7,72.0,2982.0,2981.25,0.0,-1.3,0.0,27.9,372.02,199.4,55.1,59.9,49.3
2022-03-08 00:00:00,04:19:07,2,38.2,0.0,49.7,72.0,2982.0,2981.71,0.0,-1.3,0.0,27.9,372.02,199.4,55.3,60.0,49.2
2022-03-08 00:00:00,04:20:07,2,38.2,0.0,49.7,72.0,2982.0,2981.25,0.0,-1.2,0.0,27.9,372.01,199.4,55.3,60.1,49.2
2022-03-08 00:00:00,04:21:07,2,38.3,0.0,49.7,72.0,2982.0,2981.6,0.0,-1.2,0.0,27.9,372.02,199.4,55.2,60.2,49.2
2022-03-08 00:00:00,04:22:07,2,38.3,0.0,49.7,72.0,2982.0,2981.99,0.0,-1.2,0.0,27.9,372.02,199.4,55.3,60.1,49.3
2022-03-08 00:00:00,04:23:07,2,38.3,0.0,49.7,72.0,2982.0,2981.5,0.0,-1.2,0.0,27.9,372.01,199.4,55.3,60.3,49.3
2022-03-08 00:00:00,04:24:07,2,38.3,0.0,49.7,72.0,2982.0,2981.6,0.0,-1.2,0.0,27.9,372.0,199.4,55.4,60.1,49.3
2022-03-08 00:00:00,04:25:07,2,38.3,0.0,49.7,72.0,2982.0,2982.24,0.0,-1.3,0.0,27.9,372.01,199.4,55.5,60.2,49.4
2022-03-08 00:00:00,04:26:07,2,38.3,0.0,49.7,72.0,2982.0,2981.71,0.0,-1.3,0.0,27.9,372.01,199.4,55.5,60.3,49.3
2022-03-08 00:00:00,04:27:07,2,38.3,0.0,49.7,72.0,2982.0,2981.78,0.0,-1.3,0.0,27.9,372.01,199.4,55.3,60.2,49.3
2022-03-08 00:00:00,04:28:07,2,38.1,0.0,49.7,72.0,2982.0,2982.17,0.0,-1.3,0.0,27.9,372.0,199.4,55.3,60.1,49.3
2022-03-08 00:00:00,04:29:07,2,38.0,0.0,49.7,72.0,2982.0,2982.1,0.0,-1.3,0.0,27.9,372.01,199.4,55.2,60.2,49.3
2022-03-08 00:00:00,04:30:07,2,37.8,0.0,49.7,72.0,2982.0,2981.96,0.0,-1.3,0.0,27.9,372.01,199.4,55.1,60.0,49.4
2022-03-08 00:00:00,04:31:07,2,37.5,0.0,49.7,72.0,2982.0,2982.06,0.0,-1.3,0.0,27.9,372.01,199.4,55.0,60.1,49.5
2022-03-08 00:00:00,04:32:07,2,37.3,0.0,49.7,72.0,2982.0,2982.17,0.0,-1.3,0.0,27.9,372.01,199.4,54.9,60.0,49.5
2022-03-08 00:00:00,04:33:07,2,37.2,0.0,49.7,72.0,2982.0,2981.71,0.0,-1.3,0.0,27.9,372.01,199.4,54.9,60.0,49.5
2022-03-08 00:00:00,04:34:07,2,37.0,0.0,49.7,72.0,2982.0,2982.17,0.0,-1.2,0.0,27.9,372.02,199.4,54.9,59.9,49.6
2022-03-08 00:00:00,04:35:07,2,37.0,0.0,49.7,72.0,2982.0,2982.31,0.0,-1.2,0.0,27.9,372.01,199.4,54.6,60.0,49.6
2022-03-08 00:00:00,04:36:07,2,36.8,0.0,49.7,72.0,2982.0,2981.82,0.0,-1.2,0.0,27.9,372.01,199.4,54.6,59.8,49.6
2022-03-08 00:00:00,04:37:07,2,36.6,0.0,49.7,72.0,2982.0,2982.13,0.0,-1.2,0.0,27.9,372.02,199.4,54.5,59.9,49.6
2022-03-08 00:00:00,04:38:07,2,36.8,0.0,49.7,72.0,2982.0,2982.17,0.0,-1.2,0.0,27.9,372.02,199.4,54.6,59.9,49.7
2022-03-08 00:00:00,04:39:07,2,36.9,0.0,49.7,72.0,2982.0,2981.85,0.0,-1.2,0.0,27.9,372.02,199.4,54.9,60.0,49.8
2022-03-08 00:00:00,04:40:07,2,37.4,0.0,49.7,72.0,2982.0,2981.96,0.0,-1.3,0.0,27.9,372.02,199.4,54.9,59.9,49.8
2022-03-08 00:00:00,04:41:07,2,37.6,0.0,49.7,72.0,2982.0,2982.24,0.0,-1.3,0.0,27.9,372.02,199.4,54.9,59.9,49.8
2022-03-08 00:00:00,04:42:07,2,37.8,0.0,49.7,72.0,2982.0,2981.96,0.0,-1.3,0.0,27.9,372.02,199.4,55.0,59.9,49.6
2022-03-08 00:00:00,04:43:07,2,37.8,0.0,49.7,72.0,2982.0,2981.64,0.0,-1.3,0.0,27.9,372.02,199.4,55.1,59.9,49.5
2022-03-08 00:00:00,04:44:07,2,37.9,0.0,49.7,72.0,2982.0,2981.92,0.0,-1.3,0.0,27.9,372.01,199.4,55.1,59.9,49.4
2022-03-08 00:00:00,04:45:07,2,38.0,0.0,49.7,72.0,2982.0,2981.99,0.0,-1.3,0.0,27.9,372.02,199.4,55.1,59.9,49.3
2022-03-08 00:00:00,04:46:07,2,38.0,0.0,49.7,72.0,2982.0,2981.71,0.0,-1.3,0.0,27.9,372.01,199.4,55.1,60.0,49.3
2022-03-08 00:00:00,04:47:07,2,38.0,0.0,49.7,72.0,2982.0,2982.35,0.0,-1.2,0.0,27.9,372.02,199.4,55.2,60.0,49.3
2022-03-08 00:00:00,04:48:07,2,38.1,0.0,49.7,72.0,2982.0,2982.21,0.0,-1.2,0.0,27.9,372.02,199.4,55.3,60.0,49.3
2022-03-08 00:00:00,04:49:07,2,38.2,0.0,49.7,72.0,2982.0,2981.99,0.0,-1.2,0.0,27.9,372.01,199.4,55.3,60.0,49.3
2022-03-08 00:00:00,04:50:07,2,38.2,0.0,49.7,72.0,2982.0,2981.99,0.0,-1.2,0.0,27.9,372.02,199.4,55.3,60.1,49.4
2022-03-08 00:00:00,04:51:07,2,38.3,0.0,49.7,72.0,2982.0,2982.17,0.0,-1.2,0.0,27.9,372.01,199.4,55.3,60.1,49.4
2022-03-08 00:00:00,04:52:07,2,38.3,0.0,49.7,72.0,2982.0,2982.17,0.0,-1.2,0.0,27.9,372.02,199.4,55.4,60.0,49.3
2022-03-08 00:00:00,04:53:07,2,38.4,0.0,49.7,72.0,2982.0,2982.17,0.0,-1.3,0.0,27.9,372.01,199.4,55.3,60.2,49.3
2022-03-08 00:00:00,04:54:07,2,38.4,0.0,49.7,72.0,2982.0,2982.1,0.0,-1.3,0.0,27.9,372.01,199.4,55.4,60.2,49.3
2022-03-08 00:00:00,04:55:07,2,38.4,0.0,49.7,72.0,2982.0,2982.13,0.0,-1.2,0.0,27.9,372.01,199.4,55.3,60.3,49.3
2022-03-08 00:00:00,04:56:07,2,38.3,0.0,49.7,72.0,2982.0,2982.17,0.0,-1.2,0.0,27.9,372.01,199.4,55.3,60.2,49.3
2022-03-08 00:00:00,04:57:07,2,38.1,0.0,49.7,72.0,2982.0,2982.24,0.0,-1.2,0.0,27.9,372.01,199.4,55.1,60.2,49.3
2022-03-08 00:00:00,04:58:07,2,37.9,0.0,49.7,72.0,2982.0,2982.38,0.0,-1.2,0.0,27.9,372.0,199.4,55.1,60.1,49.3
2022-03-08 00:00:00,04:59:07,2,37.7,0.0,49.7,72.0,2982.0,2982.1,0.0,-1.2,0.0,27.9,372.0,199.4,55.0,60.0,49.3
2022-03-08 00:00:00,05:00:07,2,37.5,0.0,49.7,72.0,2982.0,2982.17,0.0,-1.2,0.0,27.9,372.0,199.4,54.9,60.1,49.4
2022-03-08 00:00:00,05:01:07,2,37.3,0.0,49.7,72.0,2982.0,2982.06,0.0,-1.3,0.0,27.9,372.0,199.4,54.8,60.1,49.6
2022-03-08 00:00:00,05:02:07,2,37.2,0.0,49.7,72.0,2982.0,2982.21,0.0,-1.3,0.0,27.9,372.02,199.4,54.8,59.9,49.5
2022-03-08 00:00:00,05:03:07,2,37.0,0.0,49.7,72.0,2982.0,2981.99,0.0,-1.3,0.0,27.9,372.01,199.4,54.7,59.9,49.5
2022-03-08 00:00:00,05:04:07,2,36.9,0.0,49.7,72.0,2982.0,2982.13,0.0,-1.3,0.0,27.9,372.02,199.4,54.7,59.9,49.5
2022-03-08 00:00:00,05:05:07,2,36.8,0.0,49.7,72.0,2982.0,2982.31,0.0,-1.3,0.0,27.9,372.01,199.4,54.6,59.9,49.5
2022-03-08 00:00:00,05:06:07,2,36.6,0.0,49.7,72.0,2982.0,2982.03,0.0,-1.3,0.0,27.9,372.02,199.4,54.5,59.9,49.6
2022-03-08 00:00:00,05:07:07,2,36.6,0.0,49.7,72.0,2982.0,2982.03,0.0,-1.3,0.0,27.9,372.02,199.4,54.7,59.8,49.5
2022-03-08 00:00:00,05:08:07,2,36.9,0.0,49.7,72.0,2982.0,2982.42,0.0,-1.3,0.0,27.9,372.02,199.4,54.7,59.9,49.8
2022-03-08 00:00:00,05:09:07,2,37.4,0.0,49.7,72.0,2982.0,2982.13,0.0,-1.3,0.0,27.9,372.02,199.4,54.9,59.8,49.6
2022-03-08 00:00:00,05:10:07,2,37.6,0.0,49.7,72.0,2982.0,2982.1,0.0,-1.2,0.0,27.9,372.02,199.4,55.0,60.0,49.6
2022-03-08 00:00:00,05:11:07,2,37.8,0.0,49.7,72.0,2982.0,2982.24,0.0,-1.2,0.0,27.9,372.02,199.4,55.0,59.8,49.5
2022-03-08 00:00:00,05:12:07,2,37.9,0.0,49.7,72.0,2982.0,2981.71,0.0,-1.2,0.0,27.9,372.02,199.4,55.0,59.9,49.4
2022-03-08 00:00:00,05:13:07,2,37.9,0.0,49.7,72.0,2982.0,2982.1,0.0,-1.3,0.0,27.9,372.02,199.4,55.0,59.9,49.4
2022-03-08 00:00:00,05:14:07,2,37.9,0.0,49.7,72.0,2982.0,2981.96,0.0,-1.3,0.0,27.9,372.01,199.4,55.1,59.9,49.3
2022-03-08 00:00:00,05:15:07,2,38.0,0.0,49.7,72.0,2982.0,2981.5,0.0,-1.3,0.0,27.9,372.02,199.4,55.1,59.8,49.3
2022-03-08 00:00:00,05:16:07,2,38.1,0.0,49.7,72.0,2982.0,2981.43,0.0,-1.3,0.0,27.9,372.02,199.4,55.1,59.9,49.2
2022-03-08 00:00:00,05:17:07,2,38.1,0.0,49.7,72.0,2982.0,2981.82,0.0,-1.2,0.0,27.9,372.01,199.4,55.2,60.0,49.1
2022-03-08 00:00:00,05:18:07,2,38.2,0.0,49.7,72.0,2982.0,2981.25,0.0,-1.2,0.0,27.9,372.02,199.4,55.2,60.1,49.3
2022-03-08 00:00:00,05:19:07,2,38.2,0.0,49.7,72.0,2982.0,2981.21,0.0,-1.2,0.0,27.9,372.01,199.4,55.2,60.1,49.2
2022-03-08 00:00:00,05:20:07,2,38.3,0.0,49.7,72.0,2982.0,2981.5,0.0,-1.3,0.0,27.9,372.02,199.4,55.3,60.1,49.3
2022-03-08 00:00:00,05:21:07,2,38.3,0.0,49.7,72.0,2982.0,2981.46,0.0,-1.3,0.0,27.9,372.01,199.4,55.3,60.1,49.3
2022-03-08 00:00:00,05:22:07,2,38.3,0.0,49.7,72.0,2982.0,2981.11,0.0,-1.3,0.0,27.9,372.02,199.4,55.5,60.0,49.2
2022-03-08 00:00:00,05:23:07,2,38.4,0.0,49.7,72.0,2982.0,2981.14,0.0,-1.3,0.0,27.9,372.01,199.4,55.4,60.1,49.3
2022-03-08 00:00:00,05:24:07,2,38.4,0.0,49.7,72.0,2982.0,2980.97,0.0,-1.3,0.0,27.9,372.01,199.4,55.4,60.2,49.4
2022-03-08 00:00:00,05:25:07,2,38.3,0.0,49.7,72.0,2982.0,2981.0,0.0,-1.2,0.0,27.9,372.02,199.4,55.4,60.3,49.3
2022-03-08 00:00:00,05:26:07,2,38.3,0.0,49.7,72.0,2982.0,2981.0,0.0,-1.2,0.0,27.9,372.02,199.4,55.3,60.2,49.3
2022-03-08 00:00:00,05:27:07,2,38.1,0.0,49.7,72.0,2982.0,2981.18,0.0,-1.2,0.0,27.9,372.02,199.4,55.2,60.2,49.4
2022-03-08 00:00:00,05:28:07,2,37.9,0.0,49.7,72.0,2982.0,2980.93,0.0,-1.3,0.0,27.9,372.0,199.4,55.1,60.2,49.3
2022-03-08 00:00:00,05:29:07,2,37.7,0.0,49.7,72.0,2982.0,2981.25,0.0,-1.3,0.0,27.9,372.02,199.4,55.1,60.2,49.3
2022-03-08 00:00:00,05:30:07,2,37.5,0.0,49.7,72.0,2982.0,2981.43,0.0,-1.3,0.0,27.9,372.0,199.4,55.0,60.0,49.4
2022-03-08 00:00:00,05:31:07,2,37.3,0.0,49.7,72.0,2982.0,2981.21,0.0,-1.3,0.0,28.0,372.01,199.4,54.9,60.1,49.5
2022-03-08 00:00:00,05:32:07,2,37.0,0.0,49.7,72.0,2982.0,2981.0,0.0,-1.2,0.0,28.0,372.0,199.4,54.8,60.0,49.5
2022-03-08 00:00:00,05:33:07,2,36.9,0.0,49.7,72.0,2982.0,2981.21,0.0,-1.2,0.0,28.0,372.01,199.4,54.7,60.0,49.5
2022-03-08 00:00:00,05:34:07,2,37.0,0.0,49.7,72.0,2982.0,2981.11,0.0,-1.2,0.0,28.0,372.01,199.4,54.7,59.9,49.5
2022-03-08 00:00:00,05:35:07,2,36.7,0.0,49.7,72.0,2982.0,2981.0,0.0,-1.2,0.0,28.0,372.01,199.4,54.7,59.8,49.6
2022-03-08 00:00:00,05:36:07,2,36.6,0.0,49.7,72.0,2982.0,2981.39,0.0,-1.2,0.0,28.0,372.02,199.4,54.6,59.9,49.7
2022-03-08 00:00:00,05:37:07,2,36.7,0.0,49.7,72.0,2982.0,2981.43,0.0,-1.2,0.0,28.0,372.02,199.4,54.8,59.9,49.7
2022-03-08 00:00:00,05:38:07,2,37.1,0.0,49.7,72.0,2982.0,2980.97,0.0,-1.2,0.0,27.9,372.02,199.4,54.8,59.9,49.8
2022-03-08 00:00:00,05:39:07,2,37.5,0.0,49.7,72.0,2982.0,2981.25,0.0,-1.2,0.0,28.0,372.02,199.4,54.9,60.0,49.7
2022-03-08 00:00:00,05:40:07,2,37.7,0.0,49.7,72.0,2982.0,2981.5,0.0,-1.3,0.0,27.9,372.02,199.4,55.0,59.9,49.6
2022-03-08 00:00:00,05:41:07,2,37.8,0.0,49.7,72.0,2982.0,2981.32,0.0,-1.3,0.0,27.9,372.02,199.4,54.9,59.8,49.5
2022-03-08 00:00:00,05:42:07,2,37.9,0.0,49.7,72.0,2982.0,2981.25,0.0,-1.3,0.0,27.9,372.01,199.4,54.9,60.0,49.4
2022-03-08 00:00:00,05:43:07,2,37.9,0.0,49.7,72.0,2982.0,2981.39,0.0,-1.3,0.0,27.9,372.02,199.4,55.0,60.0,49.3
2022-03-08 00:00:00,05:44:07,2,38.0,0.0,49.7,72.0,2982.0,2981.53,0.0,-1.3,0.0,27.9,372.02,199.4,55.1,60.0,49.3
2022-03-08 00:00:00,05:45:07,2,38.0,0.0,49.7,72.0,2982.0,2981.78,0.0,-1.2,0.0,27.9,372.02,199.4,55.1,59.9,49.3
2022-03-08 00:00:00,05:46:07,2,38.1,0.0,49.7,72.0,2982.0,2981.85,0.0,-1.2,0.0,27.9,372.02,199.4,55.1,60.0,49.2
2022-03-08 00:00:00,05:47:07,2,38.2,0.0,49.7,72.0,2982.0,2981.99,0.0,-1.2,0.0,27.9,372.02,199.4,55.3,59.9,49.2
2022-03-08 00:00:00,05:48:07,2,38.2,0.0,49.7,72.0,2982.0,2981.96,0.0,-1.2,0.0,27.9,372.02,199.4,55.2,60.0,49.3
2022-03-08 00:00:00,05:49:07,2,38.3,0.0,49.7,72.0,2982.0,2982.03,0.0,-1.3,0.0,27.9,372.01,199.4,55.3,60.0,49.2
2022-03-08 00:00:00,05:50:07,2,38.3,0.0,49.7,72.0,2982.0,2982.21,0.0,-1.2,0.0,27.9,372.03,199.4,55.4,60.1,49.2
2022-03-08 00:00:00,05:51:07,2,38.4,0.0,49.7,72.0,2982.0,2982.03,0.0,-1.3,0.0,27.9,372.01,199.4,55.3,60.3,49.3
2022-03-08 00:00:00,05:52:07,2,38.4,0.0,49.7,72.0,2982.0,2982.03,0.0,-1.3,0.0,27.9,372.02,199.4,55.3,60.3,49.3
2022-03-08 00:00:00,05:53:07,2,38.4,0.0,49.7,72.0,2982.0,2982.28,0.0,-1.3,0.0,27.9,372.01,199.4,55.4,60.2,49.2
2022-03-08 00:00:00,05:54:07,2,38.3,0.0,49.7,72.0,2982.0,2982.38,0.0,-1.2,0.0,27.9,372.01,199.4,55.3,60.2,49.3
2022-03-08 00:00:00,05:55:07,2,38.3,0.0,49.7,72.0,2982.0,2981.96,0.0,-1.3,0.0,27.9,372.01,199.4,55.3,60.2,49.3
2022-03-08 00:00:00,05:56:07,2,38.1,0.0,49.7,72.0,2982.0,2982.03,0.0,-1.2,0.0,28.0,372.02,199.4,55.3,60.1,49.2
2022-03-08 00:00:00,05:57:07,2,37.9,0.0,49.7,72.0,2982.0,2981.92,0.0,-1.2,0.0,28.0,372.01,199.4,55.1,60.1,49.4
2022-03-08 00:00:00,05:58:07,2,37.8,0.0,49.7,72.0,2982.0,2981.82,0.0,-1.3,0.0,28.0,372.02,199.4,55.1,60.1,49.4
2022-03-08 00:00:00,05:59:07,2,37.6,0.0,49.7,72.0,2982.0,2982.06,0.0,-1.3,0.0,28.0,372.01,199.4,54.9,60.1,49.4
2022-03-08 00:00:00,06:00:07,2,37.4,0.0,49.7,72.0,2982.0,2981.92,0.0,-1.3,0.0,28.0,372.0,199.4,54.8,60.1,49.6
2022-03-08 00:00:00,06:01:07,2,37.2,0.0,49.7,72.0,2982.0,2981.6,0.0,-1.3,0.0,28.0,372.02,199.4,54.9,60.0,49.6
2022-03-08 00:00:00,06:02:07,2,37.0,0.0,49.7,72.0,2982.0,2982.03,0.0,-1.3,0.0,28.0,372.0,199.4,54.8,59.9,49.5
2022-03-08 00:00:00,06:03:07,2,36.9,0.0,49.7,72.0,2982.0,2981.99,0.0,-1.3,0.0,28.0,372.02,199.4,54.7,60.0,49.6
2022-03-08 00:00:00,06:04:07,2,36.8,0.0,49.7,72.0,2982.0,2981.6,0.0,-1.2,0.0,28.0,372.02,199.4,54.7,59.8,49.4
2022-03-08 00:00:00,06:05:07,2,36.8,0.0,49.7,72.0,2982.0,2981.82,0.0,-1.3,0.0,28.0,372.02,199.4,54.6,59.9,49.5
2022-03-08 00:00:00,06:06:07,2,37.0,0.0,49.7,72.0,2982.0,2982.21,0.0,-1.3,0.0,28.0,372.01,199.4,54.8,59.9,49.7
2022-03-08 00:00:00,06:07:07,2,37.2,0.0,49.7,72.0,2982.0,2981.67,0.0,-1.3,0.0,27.9,372.01,199.4,54.9,59.9,49.7
2022-03-08 00:00:00,06:08:07,2,37.5,0.0,49.7,72.0,2982.0,2981.82,0.0,-1.3,0.0,27.9,372.02,199.4,55.0,59.9,49.8
2022-03-08 00:00:00,06:09:07,2,37.8,0.0,49.7,72.0,2982.0,2982.21,0.0,-1.3,0.0,28.0,372.02,199.4,55.0,59.9,49.6
2022-03-08 00:00:00,06:10:07,2,37.9,0.0,49.7,72.0,2982.0,2981.78,0.0,-1.3,0.0,27.9,372.02,199.4,55.0,59.8,49.5
2022-03-08 00:00:00,06:11:07,2,37.9,0.0,49.7,72.0,2982.0,2981.85,0.0,-1.3,0.0,27.9,372.01,199.4,55.0,59.9,49.4
2022-03-08 00:00:00,06:12:07,2,37.9,0.0,49.7,72.0,2982.0,2982.38,0.0,-1.2,0.0,27.9,372.01,199.4,55.0,59.9,49.4
2022-03-08 00:00:00,06:13:07,2,38.0,0.0,49.7,72.0,2982.0,2981.99,0.0,-1.2,0.0,27.9,372.01,199.4,55.1,59.9,49.4
2022-03-08 00:00:00,06:14:07,2,38.0,0.0,49.7,72.0,2982.0,2981.85,0.0,-1.3,0.0,27.9,372.02,199.4,55.1,60.0,49.2
2022-03-08 00:00:00,06:15:07,2,38.1,0.0,49.7,72.0,2982.0,2982.06,0.0,-1.3,0.0,27.9,372.02,199.4,55.2,60.0,49.3
2022-03-08 00:00:00,06:16:07,2,38.1,0.0,49.7,72.0,2982.0,2982.06,0.0,-1.2,0.0,27.9,372.01,199.4,55.3,60.0,49.3
2022-03-08 00:00:00,06:17:07,2,38.2,0.0,49.7,72.0,2982.0,2981.89,0.0,-1.3,0.0,27.9,372.01,199.4,55.3,60.0,49.2
2022-03-08 00:00:00,06:18:07,2,38.3,0.0,49.7,72.0,2982.0,2982.06,0.0,-1.2,0.0,27.9,372.02,199.4,55.2,60.1,49.3
2022-03-08 00:00:00,06:19:07,2,38.3,0.0,49.7,72.0,2982.0,2982.17,0.0,-1.2,0.0,27.9,372.02,199.4,55.2,60.1,49.3
2022-03-08 00:00:00,06:20:07,2,38.4,0.0,49.7,72.0,2982.0,2981.75,0.0,-1.2,0.0,27.9,372.02,199.4,55.4,60.1,49.3
2022-03-08 00:00:00,06:21:07,2,38.4,0.0,49.7,72.0,2982.0,2981.96,0.0,-1.2,0.0,27.9,372.02,199.4,55.4,60.1,49.3
2022-03-08 00:00:00,06:22:07,2,38.4,0.0,49.7,72.0,2982.0,2982.21,0.0,-1.3,0.0,27.9,372.01,199.4,55.4,60.3,49.4
2022-03-08 00:00:00,06:23:07,2,38.3,0.0,49.7,72.0,2982.0,2982.06,0.0,-1.3,0.0,27.9,372.0,199.4,55.4,60.2,49.2
2022-03-08 00:00:00,06:24:07,2,38.3,0.0,49.7,72.0,2982.0,2982.03,0.0,-1.2,0.0,27.9,372.02,199.4,55.2,60.1,49.4
2022-03-08 00:00:00,06:25:07,2,38.1,0.0,49.7,72.0,2982.0,2982.31,0.0,-1.2,0.0,28.0,372.01,199.4,55.2,60.2,49.3
2022-03-08 00:00:00,06:26:07,2,38.0,0.0,49.7,72.0,2982.0,2982.1,0.0,-1.2,0.0,27.9,372.01,199.4,55.2,60.0,49.3
2022-03-08 00:00:00,06:27:07,2,37.7,0.0,49.7,72.0,2982.0,2981.92,0.0,-1.2,0.0,28.0,372.01,199.4,55.0,60.1,49.4
2022-03-08 00:00:00,06:28:07,2,37.5,0.0,49.7,72.0,2982.0,2982.13,0.0,-1.3,0.0,28.0,372.02,199.4,54.9,60.1,49.4
2022-03-08 00:00:00,06:29:07,2,37.3,0.0,49.7,72.0,2982.0,2981.99,0.0,-1.3,0.0,28.0,372.02,199.4,54.8,60.0,49.5
2022-03-08 00:00:00,06:30:07,2,37.2,0.0,49.7,72.0,2982.0,2981.71,0.0,-1.3,0.0,28.0,372.01,199.4,54.8,60.0,49.6
2022-03-08 00:00:00,06:31:07,2,37.1,0.0,49.7,72.0,2982.0,2982.1,0.0,-1.2,0.0,28.0,372.01,199.4,54.8,60.0,49.6
2022-03-08 00:00:00,06:32:07,2,37.0,0.0,49.7,72.0,2982.0,2981.96,0.0,-1.3,0.0,28.0,372.02,199.4,54.7,59.9,49.6
2022-03-08 00:00:00,06:33:07,2,36.8,0.0,49.7,72.0,2982.0,2981.75,0.0,-1.3,0.0,28.0,372.01,199.4,54.6,60.0,49.6
2022-03-08 00:00:00,06:34:07,2,36.7,0.0,49.7,72.0,2982.0,2981.57,0.0,-1.3,0.0,28.0,372.01,199.4,54.7,59.9,49.6
2022-03-08 00:00:00,06:35:07,2,36.9,0.0,49.7,72.0,2982.0,2981.75,0.0,-1.3,0.0,28.0,372.01,199.4,54.8,60.0,49.7
2022-03-08 00:00:00,06:36:07,2,37.3,0.0,49.7,72.0,2982.0,2981.36,0.0,-1.3,0.0,27.9,372.01,199.4,54.8,60.0,49.8
2022-03-08 00:00:00,06:37:07,2,37.6,0.0,49.7,72.0,2982.0,2981.29,0.0,-1.3,0.0,28.0,372.02,199.4,54.9,59.9,49.7
2022-03-08 00:00:00,06:38:07,2,37.8,0.0,49.7,72.0,2982.0,2981.32,0.0,-1.3,0.0,27.9,372.03,199.4,55.1,59.9,49.5
2022-03-08 00:00:00,06:39:07,2,37.9,0.0,49.7,72.0,2982.0,2981.14,0.0,-1.3,0.0,28.0,372.02,199.4,55.0,59.9,49.5
2022-03-08 00:00:00,06:40:07,2,37.9,0.0,49.7,72.0,2982.0,2981.29,0.0,-1.2,0.0,28.0,372.02,199.4,54.9,59.9,49.4
2022-03-08 00:00:00,06:41:07,2,38.0,0.0,49.7,72.0,2982.0,2981.18,0.0,-1.2,0.0,28.0,372.01,199.4,55.0,59.9,49.4
2022-03-08 00:00:00,06:42:07,2,37.9,0.0,49.7,72.0,2982.0,2981.18,0.0,-1.2,0.0,28.0,372.02,199.4,55.1,59.9,49.3
2022-03-08 00:00:00,06:43:07,2,38.0,0.0,49.7,72.0,2982.0,2981.04,0.0,-1.2,0.0,28.0,372.02,199.4,55.1,60.1,49.3
2022-03-08 00:00:00,06:44:07,2,38.1,0.0,49.7,72.0,2982.0,2981.04,0.0,-1.2,0.0,28.0,372.02,199.4,55.2,60.0,49.2
2022-03-08 00:00:00,06:45:07,2,38.2,0.0,49.7,72.0,2982.0,2981.21,0.0,-1.2,0.0,28.0,372.01,199.4,55.2,60.0,49.3
2022-03-08 00:00:00,06:46:07,2,38.2,0.0,49.7,72.0,2982.0,2981.07,0.0,-1.2,0.0,27.9,372.02,199.4,55.3,60.1,49.3
2022-03-08 00:00:00,06:47:07,2,38.3,0.0,49.7,72.0,2982.0,2981.0,0.0,-1.2,0.0,28.0,372.01,199.4,55.2,60.1,49.3
2022-03-08 00:00:00,06:48:07,2,38.3,0.0,49.7,72.0,2982.0,2981.25,0.0,-1.2,0.0,28.0,372.02,199.4,55.3,60.2,49.3
2022-03-08 00:00:00,06:49:07,2,38.4,0.0,49.7,72.0,2982.0,2981.21,0.0,-1.2,0.0,28.0,372.01,199.4,55.3,60.2,49.4
2022-03-08 00:00:00,06:50:07,2,38.4,0.0,49.7,72.0,2982.0,2980.75,0.0,-1.2,0.0,28.0,372.02,199.4,55.3,60.2,49.4
2022-03-08 00:00:00,06:51:07,2,38.4,0.0,49.7,72.0,2982.0,2981.0,0.0,-1.2,0.0,28.0,372.02,199.4,55.4,60.2,49.4
2022-03-08 00:00:00,06:52:07,2,38.3,0.0,49.7,72.0,2982.0,2981.29,0.0,-1.2,0.0,28.0,372.01,199.4,55.4,60.3,49.3
2022-03-08 00:00:00,06:53:07,2,38.4,0.0,49.7,72.0,2982.0,2981.0,0.0,-1.2,0.0,28.0,372.02,199.4,55.4,60.2,49.3
2022-03-08 00:00:00,06:54:07,2,38.2,0.0,49.7,72.0,2982.0,2981.0,0.0,-1.2,0.0,28.0,372.01,199.4,55.2,60.2,49.2
2022-03-08 00:00:00,06:55:07,2,38.1,0.0,49.7,72.0,2982.0,2981.53,0.0,-1.2,0.0,28.0,372.02,199.4,55.2,60.1,49.3
2022-03-08 00:00:00,06:56:07,2,37.8,0.0,49.7,72.0,2982.0,2981.11,0.0,-1.2,0.0,28.0,372.01,199.4,55.1,60.1,49.4
2022-03-08 00:00:00,06:57:07,2,37.6,0.0,49.7,72.0,2982.0,2981.25,0.0,-1.3,0.0,28.0,372.01,199.4,54.9,60.2,49.5
2022-03-08 00:00:00,06:58:07,2,37.4,0.0,49.7,72.0,2982.0,2981.53,0.0,-1.3,0.0,28.0,372.01,199.4,54.8,60.1,49.5
2022-03-08 00:00:00,06:59:07,2,37.4,0.0,49.7,72.0,2982.0,2981.11,0.0,-1.3,0.0,28.0,372.02,199.4,54.9,60.0,49.6
2022-03-08 00:00:00,07:00:07,2,37.1,0.0,49.7,72.0,2982.0,2981.36,0.0,-1.3,0.0,28.0,372.02,199.4,54.8,59.9,49.6
2022-03-08 00:00:00,07:01:07,2,36.8,0.0,49.7,72.0,2982.0,2981.53,0.0,-1.3,0.0,28.0,372.01,199.4,54.8,59.9,49.6
2022-03-08 00:00:00,07:02:07,2,36.9,0.0,49.7,72.0,2982.0,2981.6,0.0,-1.2,0.0,28.0,372.02,199.4,54.6,59.8,49.6
2022-03-08 00:00:00,07:03:07,2,36.7,0.0,49.7,72.0,2982.0,2981.43,0.0,-1.3,0.0,28.0,372.02,199.4,54.7,60.0,49.6
2022-03-08 00:00:00,07:04:07,2,36.8,0.0,49.7,72.0,2982.0,2982.1,0.0,-1.3,0.0,28.0,372.0,199.4,54.7,59.9,49.7
2022-03-08 00:00:00,07:05:07,2,37.1,0.0,49.7,72.0,2982.0,2981.92,0.0,-1.3,0.0,28.0,372.01,199.4,54.8,60.0,49.8
2022-03-08 00:00:00,07:06:07,2,37.5,0.0,49.7,72.0,2982.0,2981.85,0.0,-1.3,0.0,28.0,372.02,199.4,55.0,59.9,49.7
2022-03-08 00:00:00,07:07:07,2,37.8,0.0,49.7,72.0,2982.0,2982.06,0.0,-1.2,0.0,28.0,372.02,199.4,55.0,59.9,49.6
2022-03-08 00:00:00,07:08:07,2,37.9,0.0,49.7,72.0,2982.0,2982.03,0.0,-1.3,0.0,28.0,372.02,199.4,55.0,59.9,49.5
2022-03-08 00:00:00,07:09:07,2,38.0,0.0,49.7,72.0,2982.0,2981.89,0.0,-1.2,0.0,28.0,372.01,199.4,55.1,59.9,49.4
2022-03-08 00:00:00,07:10:07,2,38.0,0.0,49.7,72.0,2982.0,2982.17,0.0,-1.2,0.0,28.0,372.02,199.4,55.1,60.0,49.4
2022-03-08 00:00:00,07:11:07,2,38.0,0.0,49.7,72.0,2982.0,2982.38,0.0,-1.2,0.0,28.0,372.01,199.4,55.1,60.0,49.2
2022-03-08 00:00:00,07:12:07,2,38.1,0.0,49.7,72.0,2982.0,2981.89,0.0,-1.2,0.0,28.0,372.02,199.4,55.2,60.1,49.3
2022-03-08 00:00:00,07:13:07,2,38.1,0.0,49.7,72.0,2982.0,2982.03,0.0,-1.2,0.0,28.0,372.02,199.4,55.2,60.0,49.3
2022-03-08 00:00:00,07:14:07,2,38.2,0.0,49.7,72.0,2982.0,2982.28,0.0,-1.3,0.0,28.0,372.01,199.4,55.3,60.1,49.2
2022-03-08 00:00:00,07:15:07,2,38.3,0.0,49.7,72.0,2982.0,2981.96,0.0,-1.2,0.0,28.0,372.01,199.4,55.2,60.1,49.3
2022-03-08 00:00:00,07:16:07,2,38.3,0.0,49.7,72.0,2982.0,2981.99,0.0,-1.2,0.0,28.0,372.01,199.4,55.4,60.1,49.3
2022-03-08 00:00:00,07:17:07,2,38.4,0.0,49.7,72.0,2982.0,2981.89,0.0,-1.3,0.0,28.0,372.02,199.4,55.4,60.1,49.3
2022-03-08 00:00:00,07:18:07,2,38.3,0.0,49.7,72.0,2982.0,2981.99,0.0,-1.2,0.0,28.0,372.02,199.4,55.3,60.2,49.4
2022-03-08 00:00:00,07:19:07,2,38.4,0.0,49.7,72.0,2982.0,2981.75,0.0,-1.2,0.0,28.0,372.01,199.4,55.4,60.2,49.3
2022-03-08 00:00:00,07:20:07,2,38.4,0.0,49.7,72.0,2982.0,2981.96,0.0,-1.2,0.0,28.0,372.02,199.4,55.3,60.3,49.4
2022-03-08 00:00:00,07:21:07,2,38.4,0.0,49.7,72.0,2982.0,2981.92,0.0,-1.2,0.0,28.0,372.01,199.4,55.3,60.4,49.3
2022-03-08 00:00:00,07:22:07,2,38.3,0.0,49.7,72.0,2982.0,2981.75,0.0,-1.2,0.0,28.0,372.02,199.4,55.4,60.2,49.4
2022-03-08 00:00:00,07:23:07,2,38.1,0.0,49.7,72.0,2982.0,2982.1,0.0,-1.2,0.0,28.0,372.01,199.4,55.2,60.2,49.4
2022-03-08 00:00:00,07:24:07,2,38.0,0.0,49.7,72.0,2982.0,2982.42,0.0,-1.2,0.0,28.0,372.0,199.4,55.2,60.1,49.4
2022-03-08 00:00:00,07:25:07,2,37.8,0.0,49.7,72.0,2982.0,2982.13,0.0,-1.3,0.0,28.0,372.02,199.4,55.0,60.2,49.4
2022-03-08 00:00:00,07:26:07,2,37.5,0.0,49.7,72.0,2982.0,2982.17,0.0,-1.3,0.0,28.0,372.0,199.4,55.0,60.0,49.4
2022-03-08 00:00:00,07:27:07,2,37.4,0.0,49.7,72.0,2982.0,2982.17,0.0,-1.2,0.0,28.0,372.01,199.4,54.9,60.1,49.6
2022-03-08 00:00:00,07:28:07,2,37.3,0.0,49.7,72.0,2982.0,2982.13,0.0,-1.3,0.0,28.0,372.01,199.4,54.8,60.2,49.6
2022-03-08 00:00:00,07:29:07,2,37.0,0.0,49.7,72.0,2982.0,2981.89,0.0,-1.3,0.0,28.0,372.01,199.4,54.8,60.0,49.7
2022-03-08 00:00:00,07:30:07,2,37.0,0.0,49.7,72.0,2982.0,2982.28,0.0,-1.2,0.0,28.0,372.02,199.4,54.7,60.0,49.6
2022-03-08 00:00:00,07:31:07,2,37.1,0.0,49.7,72.0,2982.0,2982.24,0.0,-1.2,0.0,28.0,372.0,199.4,54.7,59.9,49.5
2022-03-08 00:00:00,07:32:07,2,36.8,0.0,49.7,72.0,2982.0,2982.28,0.0,-1.2,0.0,28.0,372.02,199.4,54.7,59.9,49.6
2022-03-08 00:00:00,07:33:07,2,36.9,0.0,49.7,72.0,2982.0,2982.1,0.0,-1.2,0.0,28.0,372.02,199.4,54.8,59.9,49.7
2022-03-08 00:00:00,07:34:07,2,37.2,0.0,49.7,72.0,2982.0,2982.17,0.0,-1.2,0.0,28.0,372.02,199.4,54.9,60.0,49.8
2022-03-08 00:00:00,07:35:07,2,37.5,0.0,49.7,72.0,2982.0,2982.1,0.0,-1.3,0.0,28.0,372.02,199.4,55.0,60.0,49.8
2022-03-08 00:00:00,07:36:07,2,37.7,0.0,49.7,72.0,2982.0,2981.92,0.0,-1.3,0.0,28.0,372.01,199.4,55.1,59.9,49.7
2022-03-08 00:00:00,07:37:07,2,37.9,0.0,49.7,72.0,2982.0,2982.31,0.0,-1.3,0.0,28.0,372.02,199.4,55.1,59.9,49.5
2022-03-08 00:00:00,07:38:07,2,37.9,0.0,49.7,72.0,2982.0,2982.35,0.0,-1.3,0.0,28.0,372.02,199.4,55.1,59.9,49.5
2022-03-08 00:00:00,07:39:07,2,38.0,0.0,49.7,72.0,2982.0,2982.1,0.0,-1.3,0.0,28.0,372.02,199.4,55.1,60.0,49.3
2022-03-08 00:00:00,07:40:07,2,38.0,0.0,49.7,72.0,2982.0,2982.42,0.0,-1.3,0.0,28.0,372.01,199.4,55.2,60.0,49.3
2022-03-08 00:00:00,07:41:07,2,38.0,0.0,49.7,72.0,2982.0,2982.31,0.0,-1.2,0.0,28.0,372.01,199.4,55.2,60.0,49.3
2022-03-08 00:00:00,07:42:07,2,38.2,0.0,49.7,72.0,2982.0,2981.96,0.0,-1.2,0.0,28.0,372.02,199.4,55.2,60.0,49.3
2022-03-08 00:00:00,07:43:07,2,38.3,0.0,49.7,72.0,2982.0,2982.17,0.0,-1.2,0.0,28.0,372.02,199.4,55.3,60.1,49.3
2022-03-08 00:00:00,07:44:07,2,38.3,0.0,49.7,72.0,2982.0,2982.03,0.0,-1.2,0.0,28.0,372.02,199.4,55.3,60.1,49.4
2022-03-08 00:00:00,07:45:07,2,38.4,0.0,49.7,72.0,2982.0,2981.53,0.0,-1.2,0.0,28.0,372.01,199.4,55.4,60.0,49.3
2022-03-08 00:00:00,07:46:07,2,38.4,0.0,49.7,72.0,2982.0,2981.78,0.0,-1.2,0.0,28.0,372.02,199.4,55.4,60.1,49.4
2022-03-08 00:00:00,07:47:07,2,38.4,0.0,49.7,72.0,2982.0,2981.75,0.0,-1.2,0.0,28.0,372.02,199.4,55.3,60.2,49.4
2022-03-08 00:00:00,07:48:07,2,38.4,0.0,49.7,72.0,2982.0,2981.39,0.0,-1.2,0.0,28.0,372.01,199.4,55.5,60.2,49.4
2022-03-08 00:00:00,07:49:07,2,38.5,0.0,49.7,72.0,2982.0,2981.11,0.0,-1.2,0.0,28.0,372.02,199.4,55.3,60.3,49.4
2022-03-08 00:00:00,07:50:07,2,38.4,0.0,49.7,72.0,2982.0,2981.21,0.0,-1.2,0.0,28.0,372.01,199.4,55.4,60.3,49.5
2022-03-08 00:00:00,07:51:07,2,38.4,0.0,49.7,72.0,2982.0,2981.04,0.0,-1.2,0.0,28.0,372.01,199.4,55.4,60.3,49.4
2022-03-08 00:00:00,07:52:07,2,38.3,0.0,49.7,72.0,2982.0,2981.39,0.0,-1.2,0.0,28.0,372.02,199.4,55.4,60.3,49.4
2022-03-08 00:00:00,07:53:07,2,38.2,0.0,49.7,72.0,2982.0,2981.07,0.0,-1.3,0.0,28.0,372.01,199.4,55.1,60.3,49.3
2022-03-08 00:00:00,07:54:07,2,38.0,0.0,49.7,72.0,2982.0,2981.21,0.0,-1.3,0.0,28.0,372.02,199.4,55.1,60.1,49.4
2022-03-08 00:00:00,07:55:07,2,37.8,0.0,49.7,72.0,2982.0,2981.18,0.0,-1.2,0.0,28.0,372.0,199.4,55.1,60.2,49.4
2022-03-08 00:00:00,07:56:07,2,37.6,0.0,49.7,72.0,2982.0,2981.25,0.0,-1.2,0.0,28.0,372.01,199.4,55.0,60.1,49.4
2022-03-08 00:00:00,07:57:07,2,37.3,0.0,49.7,72.0,2982.0,2981.07,0.0,-1.2,0.0,28.0,372.02,199.4,55.0,60.0,49.5
2022-03-08 00:00:00,07:58:07,2,37.3,0.0,49.7,72.0,2982.0,2980.9,0.0,-1.2,0.0,28.0,372.01,199.4,55.0,60.0,49.6
2022-03-08 00:00:00,07:59:07,2,37.3,0.0,49.7,72.0,2982.0,2980.93,0.0,-1.3,0.0,28.0,372.02,199.4,55.0,60.0,49.6
2022-03-08 00:00:00,08:00:07,2,36.9,0.0,49.7,72.0,2982.0,2981.07,0.0,-1.3,0.0,28.0,372.02,199.4,54.7,60.0,49.6
2022-03-08 00:00:00,08:01:07,2,36.9,0.0,49.7,72.0,2982.0,2980.9,0.0,-1.3,0.0,28.0,372.01,199.4,54.7,59.9,49.5
2022-03-08 00:00:00,08:02:07,2,36.9,0.0,49.7,72.0,2982.0,2980.97,0.0,-1.3,0.0,28.0,372.02,199.4,54.8,59.8,49.6
2022-03-08 00:00:00,08:03:07,2,36.9,0.0,49.7,72.0,2982.0,2981.39,0.0,-1.3,0.0,28.0,372.02,199.4,54.8,59.9,49.7
2022-03-08 00:00:00,08:04:07,2,37.0,0.0,49.7,72.0,2982.0,2981.11,0.0,-1.3,0.0,28.0,372.02,199.4,54.9,60.0,49.9
2022-03-08 00:00:00,08:05:07,2,37.4,0.0,49.7,72.0,2982.0,2981.0,0.0,-1.3,0.0,28.0,372.01,199.4,54.9,60.0,49.8
2022-03-08 00:00:00,08:06:07,2,37.7,0.0,49.7,72.0,2982.0,2981.29,0.0,-1.2,0.0,28.0,372.02,199.4,55.0,60.0,49.8
2022-03-08 00:00:00,08:07:07,2,37.9,0.0,49.7,72.0,2982.0,2981.0,0.0,-1.2,0.0,28.0,372.02,199.4,55.0,60.0,49.5
2022-03-08 00:00:00,08:08:07,2,38.0,0.0,49.7,72.0,2982.0,2981.29,0.0,-1.2,0.0,28.0,372.02,199.4,55.1,59.9,49.4
2022-03-08 00:00:00,08:09:07,2,38.0,0.0,49.7,72.0,2982.0,2981.53,0.0,-1.2,0.0,28.0,372.02,199.4,55.0,59.9,49.4
2022-03-08 00:00:00,08:10:07,2,38.1,0.0,49.7,72.0,2982.0,2981.57,0.0,-1.2,0.0,28.0,372.02,199.4,55.2,60.1,49.4
2022-03-08 00:00:00,08:11:07,2,38.1,0.0,49.7,72.0,2982.0,2981.6,0.0,-1.3,0.0,28.0,372.02,199.4,55.2,60.0,49.3
2022-03-08 00:00:00,08:12:07,2,38.2,0.0,49.7,72.0,2982.0,2982.13,0.0,-1.2,0.0,28.0,372.02,199.4,55.3,60.0,49.4
2022-03-08 00:00:00,08:13:07,2,38.3,0.0,49.7,72.0,2982.0,2981.75,0.0,-1.3,0.0,28.0,372.02,199.4,55.2,60.1,49.3
2022-03-08 00:00:00,08:14:07,2,38.3,0.0,49.7,72.0,2982.0,2981.67,0.0,-1.2,0.0,28.0,372.02,199.4,55.2,60.1,49.4
2022-03-08 00:00:00,08:15:07,2,38.3,0.0,49.7,72.0,2982.0,2982.06,0.0,-1.3,0.0,28.0,372.02,199.4,55.3,60.1,49.4
2022-03-08 00:00:00,08:16:07,2,38.4,0.0,49.7,72.0,2982.0,2982.13,0.0,-1.3,0.0,28.0,372.02,199.4,55.4,60.1,49.3
2022-03-08 00:00:00,08:17:07,2,38.4,0.0,49.7,72.0,2982.0,2981.71,0.0,-1.3,0.0,28.0,372.02,199.4,55.3,60.2,49.3
2022-03-08 00:00:00,08:18:07,2,38.6,0.0,49.7,72.0,2982.0,2981.85,0.0,-1.3,0.0,28.0,372.01,199.4,55.4,60.2,49.5
2022-03-08 00:00:00,08:19:07,2,38.6,0.0,49.7,72.0,2982.0,2982.24,0.0,-1.3,0.0,28.0,372.02,199.4,55.3,60.2,49.5
2022-03-08 00:00:00,08:20:07,2,38.5,0.0,49.7,72.0,2982.0,2981.71,0.0,-1.3,0.0,28.0,372.01,199.4,55.5,60.3,49.4
2022-03-08 00:00:00,08:21:07,2,38.4,0.0,49.7,72.0,2982.0,2981.89,0.0,-1.3,0.0,28.0,372.01,199.4,55.5,60.3,49.4
2022-03-08 00:00:00,08:22:07,2,38.4,0.0,49.7,72.0,2982.0,2982.06,0.0,-1.3,0.0,28.0,372.0,199.4,55.5,60.2,49.3
2022-03-08 00:00:00,08:23:07,2,38.3,0.0,49.7,72.0,2982.0,2981.64,0.0,-1.2,0.0,28.0,372.02,199.4,55.4,60.2,49.4
2022-03-08 00:00:00,08:24:07,2,38.2,0.0,49.7,72.0,2982.0,2981.78,0.0,-1.2,0.0,28.0,372.02,199.4,55.2,60.2,49.4
2022-03-08 00:00:00,08:25:07,2,38.0,0.0,49.7,72.0,2982.0,2982.06,0.0,-1.2,0.0,28.0,372.01,199.4,55.2,60.2,49.4
2022-03-08 00:00:00,08:26:07,2,37.8,0.0,49.7,72.0,2982.0,2981.89,0.0,-1.2,0.0,28.0,372.02,199.4,55.0,60.2,49.6
2022-03-08 00:00:00,08:27:07,2,37.6,0.0,49.7,72.0,2982.0,2981.75,0.0,-1.3,0.0,28.0,372.01,199.4,55.0,60.2,49.5
2022-03-08 00:00:00,08:28:07,2,37.4,0.0,49.7,72.0,2982.0,2982.06,0.0,-1.3,0.0,28.0,372.02,199.4,55.1,60.0,49.5
2022-03-08 00:00:00,08:29:07,2,37.3,0.0,49.7,72.0,2982.0,2981.92,0.0,-1.3,0.0,28.0,372.02,199.4,54.9,60.1,49.7
2022-03-08 00:00:00,08:30:07,2,37.2,0.0,49.7,72.0,2982.0,2981.78,0.0,-1.3,0.0,28.0,372.01,199.4,54.9,60.1,49.6
2022-03-08 00:00:00,08:31:07,2,37.1,0.0,49.7,72.0,2982.0,2981.99,0.0,-1.3,0.0,28.0,372.02,199.4,54.9,59.9,49.7
2022-03-08 00:00:00,08:32:07,2,36.9,0.0,49.7,72.0,2982.0,2981.96,0.0,-1.3,0.0,28.0,372.02,199.4,54.7,60.0,49.7
2022-03-08 00:00:00,08:33:07,2,36.8,0.0,49.7,72.0,2982.0,2981.78,0.0,-1.3,0.0,28.0,372.02,199.4,54.7,59.9,49.7
2022-03-08 00:00:00,08:34:07,2,37.0,0.0,49.7,72.0,2982.0,2981.99,0.0,-1.3,0.0,28.0,372.02,199.4,54.9,59.8,49.7
2022-03-08 00:00:00,08:35:07,2,37.0,0.0,49.7,72.0,2982.0,2982.24,0.0,-1.3,0.0,28.0,372.02,199.4,54.8,60.0,49.9
2022-03-08 00:00:00,08:36:07,2,37.5,0.0,49.7,72.0,2982.0,2982.03,0.0,-1.3,0.0,28.0,372.02,199.4,55.0,59.9,49.8
2022-03-08 00:00:00,08:37:07,2,37.8,0.0,49.7,72.0,2982.0,2981.96,0.0,-1.3,0.0,28.0,372.01,199.4,55.1,59.9,49.8
2022-03-08 00:00:00,08:38:07,2,37.9,0.0,49.7,72.0,2982.0,2982.49,0.0,-1.3,0.0,28.0,372.02,199.4,55.0,60.0,49.7
2022-03-08 00:00:00,08:39:07,2,38.0,0.0,49.7,72.0,2982.0,2982.06,0.0,-1.3,0.0,28.0,372.02,199.4,55.1,60.0,49.5
2022-03-08 00:00:00,08:40:07,2,38.0,0.0,49.7,72.0,2982.0,2981.99,0.0,-1.3,0.0,28.0,372.02,199.4,55.1,60.1,49.5
2022-03-08 00:00:00,08:41:07,2,38.1,0.0,49.7,72.0,2982.0,2982.42,0.0,-1.2,0.0,28.0,372.01,199.4,55.2,60.0,49.3
2022-03-08 00:00:00,08:42:07,2,38.1,0.0,49.7,72.0,2982.0,2982.21,0.0,-1.2,0.0,28.0,372.01,199.4,55.3,60.0,49.3
2022-03-08 00:00:00,08:43:07,2,38.2,0.0,49.7,72.0,2982.0,2982.31,0.0,-1.2,0.0,28.0,372.02,199.4,55.3,60.0,49.3
2022-03-08 00:00:00,08:44:07,2,38.3,0.0,49.7,72.0,2982.0,2982.38,0.0,-1.2,0.0,28.0,372.02,199.4,55.3,60.1,49.4
2022-03-08 00:00:00,08:45:07,2,38.3,0.0,49.7,72.0,2982.0,2982.31,0.0,-1.2,0.0,28.0,372.02,199.4,55.3,60.0,49.4
2022-03-08 00:00:00,08:46:07,2,38.4,0.0,49.7,72.0,2982.0,2982.45,0.0,-1.2,0.0,28.0,372.02,199.4,55.4,60.2,49.3
2022-03-08 00:00:00,08:47:07,2,38.4,0.0,49.7,72.0,2982.0,2982.21,0.0,-1.2,0.0,28.0,372.02,199.4,55.3,60.2,49.3
2022-03-08 00:00:00,08:48:07,2,38.5,0.0,49.7,72.0,2982.0,2982.1,0.0,-1.2,0.0,28.0,372.02,199.4,55.4,60.2,49.4
2022-03-08 00:00:00,08:49:07,2,38.5,0.0,49.7,72.0,2982.0,2981.99,0.0,-1.2,0.0,28.0,372.02,199.4,55.4,60.3,49.4
2022-03-08 00:00:00,08:50:07,2,38.6,0.0,49.7,72.0,2982.0,2981.71,0.0,-1.3,0.0,28.0,372.02,199.4,55.5,60.2,49.4
2022-03-08 00:00:00,08:51:07,2,38.5,0.0,49.7,72.0,2982.0,2982.06,0.0,-1.3,0.0,28.0,372.01,199.4,55.5,60.3,49.4
2022-03-08 00:00:00,08:52:07,2,38.5,0.0,49.7,72.0,2982.0,2981.82,0.0,-1.2,0.0,28.0,372.01,199.4,55.5,60.3,49.3
2022-03-08 00:00:00,08:53:07,2,38.4,0.0,49.7,72.0,2982.0,2981.43,0.0,-1.3,0.0,28.0,372.02,199.4,55.5,60.3,49.4
2022-03-08 00:00:00,08:54:07,2,38.3,0.0,49.7,72.0,2982.0,2981.43,0.0,-1.2,0.0,28.0,372.01,199.4,55.3,60.4,49.5
2022-03-08 00:00:00,08:55:07,2,38.1,0.0,49.7,72.0,2982.0,2981.5,0.0,-1.3,0.0,28.0,372.0,199.4,55.3,60.2,49.4
2022-03-08 00:00:00,08:56:07,2,37.9,0.0,49.7,72.0,2982.0,2981.11,0.0,-1.3,0.0,28.0,372.02,199.4,55.1,60.2,49.5
2022-03-08 00:00:00,08:57:07,2,37.8,0.0,49.7,72.0,2982.0,2981.29,0.0,-1.3,0.0,28.0,372.02,199.4,55.1,60.2,49.5
2022-03-08 00:00:00,08:58:07,2,37.6,0.0,49.7,72.0,2982.0,2981.43,0.0,-1.3,0.0,28.0,372.02,199.4,55.0,60.2,49.5
2022-03-08 00:00:00,08:59:07,2,37.4,0.0,49.7,72.0,2982.0,2980.93,0.0,-1.2,0.0,28.0,372.02,199.4,54.9,60.2,49.6
2022-03-08 00:00:00,09:00:07,2,37.3,0.0,49.7,72.0,2982.0,2981.0,0.0,-1.3,0.0,28.0,372.01,199.4,54.9,60.1,49.6
2022-03-08 00:00:00,09:01:07,2,37.1,0.0,49.7,72.0,2982.0,2981.25,0.0,-1.3,0.0,28.0,372.01,199.4,55.0,60.0,49.7
2022-03-08 00:00:00,09:02:07,2,37.1,0.0,49.7,72.0,2982.0,2981.32,0.0,-1.2,0.0,28.0,372.01,199.4,54.9,59.9,49.6
2022-03-08 00:00:00,09:03:07,2,36.9,0.0,49.7,72.0,2982.0,2980.9,0.0,-1.2,0.0,28.0,372.01,199.4,54.8,59.9,49.7
2022-03-08 00:00:00,09:04:07,2,36.7,0.0,49.7,72.0,2982.0,2981.36,0.0,-1.2,0.0,28.0,372.02,199.4,54.7,59.9,49.7
2022-03-08 00:00:00,09:05:07,2,36.8,0.0,49.7,72.0,2982.0,2981.11,0.0,-1.2,0.0,28.0,372.02,199.4,54.7,60.0,49.8
2022-03-08 00:00:00,09:06:07,2,37.1,0.0,49.7,72.0,2982.0,2980.75,0.0,-1.3,0.0,28.0,372.02,199.4,54.9,59.9,49.8
2022-03-08 00:00:00,09:07:07,2,37.3,0.0,49.7,72.0,2982.0,2980.97,0.0,-1.3,0.0,28.0,372.02,199.4,55.0,60.0,49.7
2022-03-08 00:00:00,09:08:07,2,37.7,0.0,49.7,72.0,2982.0,2981.0,0.0,-1.3,0.0,28.0,372.02,199.4,55.0,59.9,49.8
2022-03-08 00:00:00,09:09:07,2,37.9,0.0,49.7,72.0,2982.0,2981.04,0.0,-1.3,0.0,28.0,372.02,199.4,55.0,59.9,49.7
2022-03-08 00:00:00,09:10:07,2,38.0,0.0,49.7,72.0,2982.0,2981.43,0.0,-1.3,0.0,28.0,372.02,199.4,55.0,59.9,49.6
2022-03-08 00:00:00,09:11:07,2,38.0,0.0,49.7,72.0,2982.0,2981.39,0.0,-1.3,0.0,28.0,372.02,199.4,55.2,59.9,49.5
2022-03-08 00:00:00,09:12:07,2,38.1,0.0,49.7,72.0,2982.0,2981.21,0.0,-1.3,0.0,28.0,372.02,199.4,55.1,60.0,49.3
2022-03-08 00:00:00,09:13:07,2,38.1,0.0,49.7,72.0,2982.0,2981.57,0.0,-1.2,0.0,28.0,372.02,199.4,55.2,60.1,49.4
2022-03-08 00:00:00,09:14:07,2,38.2,0.0,49.7,72.0,2982.0,2981.82,0.0,-1.2,0.0,28.0,372.02,199.4,55.3,60.0,49.3
2022-03-08 00:00:00,09:15:07,2,38.3,0.0,49.7,72.0,2982.0,2981.53,0.0,-1.2,0.0,28.0,372.03,199.4,55.2,60.0,49.4
2022-03-08 00:00:00,09:16:07,2,38.4,0.0,49.7,72.0,2982.0,2981.78,0.0,-1.3,0.0,28.0,372.02,199.4,55.2,60.1,49.4
2022-03-08 00:00:00,09:17:07,2,38.3,0.0,49.7,72.0,2982.0,2982.21,0.0,-1.3,0.0,28.0,372.02,199.4,55.3,60.1,49.4
2022-03-08 00:00:00,09:18:07,2,38.4,0.0,49.7,72.0,2982.0,2981.92,0.0,-1.3,0.0,28.0,372.02,199.4,55.4,60.0,49.3
2022-03-08 00:00:00,09:19:07,2,38.5,0.0,49.7,72.0,2982.0,2981.89,0.0,-1.3,0.0,28.0,372.02,199.4,55.4,60.2,49.3
2022-03-08 00:00:00,09:20:07,2,38.5,0.0,49.7,72.0,2982.0,2982.13,0.0,-1.3,0.0,28.0,372.02,199.4,55.4,60.3,49.3
2022-03-08 00:00:00,09:21:07,2,38.6,0.0,49.7,72.0,2982.0,2982.42,0.0,-1.3,0.0,28.0,372.02,199.4,55.5,60.2,49.4
2022-03-08 00:00:00,09:22:07,2,38.6,0.0,49.7,72.0,2982.0,2981.92,0.0,-1.3,0.0,28.0,372.01,199.4,55.4,60.3,49.4
2022-03-08 00:00:00,09:23:07,2,38.6,0.0,49.7,72.0,2982.0,2982.28,0.0,-1.3,0.0,28.0,372.02,199.4,55.5,60.3,49.5
2022-03-08 00:00:00,09:24:07,2,38.5,0.0,49.7,72.0,2982.0,2982.35,0.0,-1.3,0.0,28.0,372.02,199.4,55.5,60.3,49.5
2022-03-08 00:00:00,09:25:07,2,38.4,0.0,49.7,72.0,2982.0,2982.03,0.0,-1.2,0.0,28.0,372.01,199.4,55.4,60.4,49.4
2022-03-08 00:00:00,09:26:07,2,38.3,0.0,49.7,72.0,2982.0,2981.82,0.0,-1.2,0.0,28.0,372.02,199.4,55.3,60.3,49.4
2022-03-08 00:00:00,09:27:07,2,38.1,0.0,49.7,72.0,2982.0,2982.13,0.0,-1.2,0.0,28.0,372.0,199.4,55.2,60.3,49.4
2022-03-08 00:00:00,09:28:07,2,38.0,0.0,49.7,72.0,2982.0,2981.96,0.0,-1.3,0.0,28.0,372.02,199.4,55.1,60.2,49.5
2022-03-08 00:00:00,09:29:07,2,37.7,0.0,49.7,72.0,2982.0,2981.71,0.0,-1.3,0.0,28.0,372.02,199.4,55.1,60.1,49.5
2022-03-08 00:00:00,09:30:07,2,37.7,0.0,49.7,72.0,2982.0,2982.17,0.0,-1.3,0.0,28.0,372.01,199.4,55.0,60.2,49.6
2022-03-08 00:00:00,09:31:07,2,37.3,0.0,49.7,72.0,2982.0,2981.82,0.0,-1.3,0.0,28.0,372.02,199.4,55.0,60.2,49.6
2022-03-08 00:00:00,09:32:07,2,37.3,0.0,49.7,72.0,2982.0,2982.03,0.0,-1.3,0.0,28.0,372.02,199.4,55.0,60.0,49.6
2022-03-08 00:00:00,09:33:07,2,37.0,0.0,49.7,72.0,2982.0,2982.21,0.0,-1.3,0.0,28.0,372.02,199.4,54.8,60.0,49.7
2022-03-08 00:00:00,09:34:07,2,36.9,0.0,49.7,72.0,2982.0,2981.96,0.0,-1.2,0.0,28.0,372.01,199.4,54.7,60.0,49.6
2022-03-08 00:00:00,09:35:07,2,36.9,0.0,49.7,72.0,2982.0,2981.85,0.0,-1.2,0.0,28.0,372.03,199.4,54.8,60.0,49.5
2022-03-08 00:00:00,09:36:07,2,37.0,0.0,49.7,72.0,2982.0,2982.03,0.0,-1.2,0.0,28.0,372.02,199.4,54.8,59.9,49.6
2022-03-08 00:00:00,09:37:07,2,37.0,0.0,49.7,72.0,2982.0,2982.42,0.0,-1.3,0.0,28.0,372.02,199.4,54.7,59.9,49.8
2022-03-08 00:00:00,09:38:07,2,37.2,0.0,49.7,72.0,2982.0,2981.92,0.0,-1.3,0.0,28.0,372.02,199.4,54.9,60.0,49.7
2022-03-08 00:00:00,09:39:07,2,37.5,0.0,49.7,72.0,2982.0,2981.99,0.0,-1.3,0.0,28.0,372.02,199.4,55.0,59.9,49.6
2022-03-08 00:00:00,09:40:07,2,37.8,0.0,49.7,72.0,2982.0,2982.21,0.0,-1.3,0.0,28.0,372.02,199.4,55.1,60.0,49.7
2022-03-08 00:00:00,09:41:07,2,38.0,0.0,49.7,72.0,2982.0,2982.24,0.0,-1.3,0.0,28.0,372.02,199.4,55.1,59.9,49.6
2022-03-08 00:00:00,09:42:07,2,38.0,0.0,49.7,72.0,2982.0,2982.06,0.0,-1.2,0.0,28.0,372.02,199.4,55.1,59.9,49.5
2022-03-08 00:00:00,09:43:07,2,38.1,0.0,49.7,72.0,2982.0,2982.45,0.0,-1.3,0.0,28.0,372.02,199.4,55.1,60.0,49.5
2022-03-08 00:00:00,09:44:07,2,38.1,0.0,49.7,72.0,2982.0,2982.13,0.0,-1.3,0.0,28.0,372.02,199.4,55.2,60.0,49.3
2022-03-08 00:00:00,09:45:07,2,38.2,0.0,49.7,72.0,2982.0,2982.1,0.0,-1.2,0.0,28.0,372.02,199.4,55.2,60.1,49.4
2022-03-08 00:00:00,09:46:07,2,38.2,0.0,49.7,72.0,2982.0,2982.24,0.0,-1.2,0.0,28.0,372.01,199.4,55.2,60.1,49.4
2022-03-08 00:00:00,09:47:07,2,38.4,0.0,49.7,72.0,2982.0,2982.52,0.0,-1.2,0.0,28.0,372.02,199.4,55.2,60.2,49.4
2022-03-08 00:00:00,09:48:07,2,38.4,0.0,49.7,72.0,2982.0,2981.89,0.0,-1.2,0.0,28.0,372.01,199.4,55.4,60.0,49.3
2022-03-08 00:00:00,09:49:07,2,38.4,0.0,49.7,72.0,2982.0,2982.24,0.0,-1.2,0.0,28.0,372.03,199.4,55.3,60.2,49.4
2022-03-08 00:00:00,09:50:07,2,38.4,0.0,49.7,72.0,2982.0,2982.56,0.0,-1.2,0.0,28.0,372.02,199.4,55.5,60.2,49.5
2022-03-08 00:00:00,09:51:07,2,38.5,0.0,49.7,72.0,2982.0,2981.96,0.0,-1.2,0.0,28.0,372.02,199.4,55.4,60.2,49.4
2022-03-08 00:00:00,09:52:07,2,38.6,0.0,49.7,72.0,2982.0,2981.85,0.0,-1.2,0.0,28.0,372.02,199.4,55.4,60.3,49.5
2022-03-08 00:00:00,09:53:07,2,38.6,0.0,49.7,72.0,2982.0,2982.1,0.0,-1.2,0.0,28.0,372.02,199.4,55.4,60.3,49.5
2022-03-08 00:00:00,09:54:07,2,38.5,0.0,49.7,72.0,2982.0,2981.64,0.0,-1.2,0.0,28.0,372.02,199.4,55.5,60.4,49.4
2022-03-08 00:00:00,09:55:07,2,38.5,0.0,49.7,72.0,2982.0,2981.53,0.0,-1.2,0.0,28.0,372.02,199.4,55.6,60.4,49.5
2022-03-08 00:00:00,09:56:07,2,38.4,0.0,49.7,72.0,2982.0,2981.82,0.0,-1.2,0.0,28.0,372.01,199.4,55.5,60.3,49.4
2022-03-08 00:00:00,09:57:07,2,38.2,0.0,49.7,72.0,2982.0,2981.39,0.0,-1.2,0.0,28.0,372.01,199.4,55.4,60.3,49.3
2022-03-08 00:00:00,09:58:07,2,38.1,0.0,49.7,72.0,2982.0,2981.0,0.0,-1.3,0.0,28.0,372.01,199.4,55.3,60.3,49.4
2022-03-08 00:00:00,09:59:07,2,37.9,0.0,49.7,72.0,2982.0,2981.21,0.0,-1.3,0.0,28.0,372.02,199.4,55.1,60.2,49.5
2022-03-08 00:00:00,10:00:07,2,37.7,0.0,49.7,72.0,2982.0,2981.18,0.0,-1.3,0.0,28.0,372.01,199.4,55.0,60.2,49.5
2022-03-08 00:00:00,10:01:07,2,37.5,0.0,49.7,72.0,2982.0,2980.97,0.0,-1.3,0.0,28.0,372.02,199.4,55.0,60.1,49.5
2022-03-08 00:00:00,10:02:07,2,37.4,0.0,49.7,72.0,2982.0,2981.11,0.0,-1.3,0.0,28.0,372.02,199.4,54.9,60.2,49.5
2022-03-08 00:00:00,10:03:07,2,37.1,0.0,49.7,72.0,2982.0,2981.25,0.0,-1.3,0.0,28.0,372.01,199.4,54.9,60.2,49.7
2022-03-08 00:00:00,10:04:07,2,37.1,0.0,49.7,72.0,2982.0,2981.07,0.0,-1.2,0.0,28.0,372.02,199.4,54.9,60.0,49.6
2022-03-08 00:00:00,10:05:07,2,37.0,0.0,49.7,72.0,2982.0,2981.11,0.0,-1.2,0.0,28.0,372.0,199.4,54.9,60.0,49.7
2022-03-08 00:00:00,10:06:07,2,36.9,0.0,49.7,72.0,2982.0,2981.36,0.0,-1.2,0.0,28.0,372.02,199.4,54.8,60.0,49.7
2022-03-08 00:00:00,10:07:07,2,36.8,0.0,49.7,72.0,2982.0,2981.18,0.0,-1.2,0.0,28.0,372.02,199.4,54.7,60.0,49.7
2022-03-08 00:00:00,10:08:07,2,37.0,0.0,49.7,72.0,2982.0,2981.04,0.0,-1.3,0.0,28.0,372.02,199.4,54.9,60.0,49.8
2022-03-08 00:00:00,10:09:07,2,37.4,0.0,49.7,72.0,2982.0,2981.29,0.0,-1.2,0.0,28.0,372.02,199.4,54.9,60.1,49.9
2022-03-08 00:00:00,10:10:07,2,37.7,0.0,49.7,72.0,2982.0,2981.29,0.0,-1.3,0.0,28.0,372.02,199.4,55.1,60.0,49.9
2022-03-08 00:00:00,10:11:07,2,37.9,0.0,49.7,72.0,2982.0,2980.97,0.0,-1.3,0.0,28.0,372.02,199.4,55.1,60.0,49.9
2022-03-08 00:00:00,10:12:07,2,38.0,0.0,49.7,72.0,2982.0,2981.11,0.0,-1.3,0.0,28.0,372.02,199.4,55.1,59.9,49.7
2022-03-08 00:00:00,10:13:07,2,38.0,0.0,49.7,72.0,2982.0,2981.43,0.0,-1.2,0.0,28.0,372.02,199.4,55.2,59.9,49.5
2022-03-08 00:00:00,10:14:07,2,38.1,0.0,49.7,72.0,2982.0,2981.18,0.0,-1.3,0.0,28.0,372.02,199.4,55.1,60.1,49.5
2022-03-08 00:00:00,10:15:07,2,38.1,0.0,49.7,72.0,2982.0,2981.57,0.0,-1.3,0.0,28.0,372.02,199.4,55.2,59.9,49.5
2022-03-08 00:00:00,10:16:07,2,38.2,0.0,49.7,72.0,2982.0,2981.82,0.0,-1.3,0.0,28.0,372.02,199.4,55.2,60.0,49.4
2022-03-08 00:00:00,10:17:07,2,38.3,0.0,49.7,72.0,2982.0,2981.6,0.0,-1.2,0.0,28.0,372.01,199.4,55.3,60.0,49.4
2022-03-08 00:00:00,10:18:07,2,38.4,0.0,49.7,72.0,2982.0,2981.92,0.0,-1.2,0.0,28.0,372.02,199.4,55.3,60.1,49.4
2022-03-08 00:00:00,10:19:07,2,38.4,0.0,49.7,72.0,2982.0,2982.13,0.0,-1.2,0.0,28.0,372.02,199.4,55.4,60.1,49.3
2022-03-08 00:00:00,10:20:07,2,38.5,0.0,49.7,72.0,2982.0,2981.89,0.0,-1.2,0.0,28.0,372.02,199.4,55.3,60.3,49.4
2022-03-08 00:00:00,10:21:07,2,38.5,0.0,49.7,72.0,2982.0,2981.96,0.0,-1.2,0.0,28.0,372.02,199.4,55.5,60.2,49.4
2022-03-08 00:00:00,10:22:07,2,38.6,0.0,49.7,72.0,2982.0,2982.35,0.0,-1.2,0.0,28.0,372.02,199.4,55.5,60.3,49.3
2022-03-08 00:00:00,10:23:07,2,38.6,0.0,49.7,72.0,2982.0,2982.42,0.0,-1.3,0.0,28.0,372.0,199.4,55.5,60.3,49.4
2022-03-08 00:00:00,10:24:07,2,38.5,0.0,49.7,72.0,2982.0,2982.21,0.0,-1.2,0.0,28.0,372.02,199.4,55.5,60.4,49.5
2022-03-08 00:00:00,10:25:07,2,38.5,0.0,49.7,72.0,2982.0,2982.13,0.0,-1.2,0.0,28.0,372.02,199.4,55.5,60.3,49.3
2022-03-08 00:00:00,10:26:07,2,38.4,0.0,49.7,72.0,2982.0,2982.21,0.0,-1.2,0.0,28.0,372.02,199.4,55.4,60.3,49.4
2022-03-08 00:00:00,10:27:07,2,38.2,0.0,49.7,72.0,2982.0,2981.99,0.0,-1.3,0.0,28.0,372.01,199.4,55.4,60.3,49.3
2022-03-08 00:00:00,10:28:07,2,38.1,0.0,49.7,72.0,2982.0,2981.99,0.0,-1.3,0.0,28.0,372.02,199.4,55.1,60.2,49.5
2022-03-08 00:00:00,10:29:07,2,37.9,0.0,49.7,72.0,2982.0,2981.99,0.0,-1.3,0.0,28.0,372.01,199.4,55.1,60.2,49.5
2022-03-08 00:00:00,10:30:07,2,37.7,0.0,49.7,72.0,2982.0,2981.99,0.0,-1.3,0.0,28.0,372.01,199.4,55.0,60.3,49.5
2022-03-08 00:00:00,10:31:07,2,37.5,0.0,49.7,72.0,2982.0,2981.82,0.0,-1.3,0.0,28.0,372.01,199.4,55.1,60.1,49.5
2022-03-08 00:00:00,10:32:07,2,37.3,0.0,49.7,72.0,2982.0,2981.92,0.0,-1.3,0.0,28.0,372.01,199.4,55.0,60.2,49.7
2022-03-08 00:00:00,10:33:07,2,37.3,0.0,49.7,72.0,2982.0,2981.92,0.0,-1.3,0.0,28.0,372.02,199.4,54.9,60.1,49.5
2022-03-08 00:00:00,10:34:07,2,37.1,0.0,49.7,72.0,2982.0,2981.6,0.0,-1.3,0.0,28.0,372.02,199.4,54.9,60.1,49.7
2022-03-08 00:00:00,10:35:07,2,36.9,0.0,49.7,72.0,2982.0,2981.82,0.0,-1.2,0.0,28.1,372.02,199.4,54.9,60.0,49.6
2022-03-08 00:00:00,10:36:07,2,36.7,0.0,49.7,72.0,2982.0,2982.03,0.0,-1.3,0.0,28.0,372.02,199.4,54.8,60.0,49.6
2022-03-08 00:00:00,10:37:07,2,36.7,0.0,49.7,72.0,2982.0,2981.99,0.0,-1.2,0.0,28.1,372.01,199.4,54.8,59.9,49.7
2022-03-08 00:00:00,10:38:07,2,37.0,0.0,49.7,72.0,2982.0,2982.1,0.0,-1.3,0.0,28.1,372.01,199.4,54.8,59.9,49.8
2022-03-08 00:00:00,10:39:07,2,37.2,0.0,49.7,72.0,2982.0,2982.24,0.0,-1.2,0.0,28.1,372.02,199.4,54.9,59.9,49.7
2022-03-08 00:00:00,10:40:07,2,37.5,0.0,49.7,72.0,2982.0,2981.96,0.0,-1.3,0.0,28.0,372.02,199.4,54.9,60.0,49.7
2022-03-08 00:00:00,10:41:07,2,37.8,0.0,49.7,72.0,2982.0,2981.99,0.0,-1.3,0.0,28.1,372.02,199.4,55.0,60.0,49.8
2022-03-08 00:00:00,10:42:07,2,38.0,0.0,49.7,72.0,2982.0,2982.24,0.0,-1.3,0.0,28.1,372.02,199.4,55.0,60.0,49.6
2022-03-08 00:00:00,10:43:07,2,38.0,0.0,49.7,72.0,2982.0,2982.06,0.0,-1.3,0.0,28.1,372.03,199.4,55.1,60.0,49.5
2022-03-08 00:00:00,10:44:07,2,38.0,0.0,49.7,72.0,2982.0,2981.99,0.0,-1.3,0.0,28.0,372.02,199.4,55.1,60.0,49.5
2022-03-08 00:00:00,10:45:07,2,38.1,0.0,49.7,72.0,2982.0,2982.1,0.0,-1.2,0.0,28.0,372.02,199.4,55.3,60.0,49.4
2022-03-08 00:00:00,10:46:07,2,38.1,0.0,49.7,72.0,2982.0,2982.21,0.0,-1.2,0.0,28.1,372.02,199.4,55.3,60.1,49.3
2022-03-08 00:00:00,10:47:07,2,38.2,0.0,49.7,72.0,2982.0,2982.06,0.0,-1.2,0.0,28.0,372.02,199.4,55.3,60.1,49.4
2022-03-08 00:00:00,10:48:07,2,38.3,0.0,49.7,72.0,2982.0,2982.38,0.0,-1.2,0.0,28.0,372.02,199.4,55.3,60.0,49.4
2022-03-08 00:00:00,10:49:07,2,38.4,0.0,49.7,72.0,2982.0,2982.13,0.0,-1.3,0.0,28.0,372.01,199.4,55.4,60.1,49.4
2022-03-08 00:00:00,10:50:07,2,38.5,0.0,49.7,72.0,2982.0,2981.67,0.0,-1.3,0.0,28.0,372.02,199.4,55.3,60.2,49.4
2022-03-08 00:00:00,10:51:07,2,38.5,0.0,49.7,72.0,2982.0,2981.96,0.0,-1.3,0.0,28.0,372.02,199.4,55.4,60.1,49.5
2022-03-08 00:00:00,10:52:07,2,38.5,0.0,49.7,72.0,2982.0,2981.96,0.0,-1.3,0.0,28.0,372.01,199.4,55.5,60.2,49.4
2022-03-08 00:00:00,10:53:07,2,38.5,0.0,49.7,72.0,2982.0,2981.75,0.0,-1.3,0.0,28.0,372.02,199.4,55.4,60.3,49.6
2022-03-08 00:00:00,10:54:07,2,38.6,0.0,49.7,72.0,2982.0,2981.78,0.0,-1.3,0.0,28.0,372.01,199.4,55.5,60.3,49.5
2022-03-08 00:00:00,10:55:07,2,38.5,0.0,49.7,72.0,2982.0,2981.64,0.0,-1.3,0.0,28.0,372.02,199.4,55.6,60.3,49.4
2022-03-08 00:00:00,10:56:07,2,38.5,0.0,49.7,72.0,2982.0,2981.04,0.0,-1.2,0.0,28.0,372.02,199.4,55.5,60.4,49.4
2022-03-08 00:00:00,10:57:07,2,38.4,0.0,49.7,72.0,2982.0,2981.18,0.0,-1.2,0.0,28.1,372.02,199.4,55.5,60.2,49.4
2022-03-08 00:00:00,10:58:07,2,38.2,0.0,49.7,72.0,2982.0,2981.29,0.0,-1.2,0.0,28.0,372.02,199.4,55.3,60.2,49.4
2022-03-08 00:00:00,10:59:07,2,38.0,0.0,49.7,72.0,2982.0,2981.0,0.0,-1.2,0.0,28.0,372.02,199.4,55.2,60.3,49.4
2022-03-08 00:00:00,11:00:07,2,37.9,0.0,49.7,72.0,2982.0,2981.0,0.0,-1.3,0.0,28.1,372.0,199.4,55.1,60.2,49.6
2022-03-08 00:00:00,11:01:07,2,37.6,0.0,49.7,72.0,2982.0,2981.36,0.0,-1.3,0.0,28.0,372.02,199.4,55.1,60.2,49.7
2022-03-08 00:00:00,11:02:07,2,37.5,0.0,49.7,72.0,2982.0,2981.18,0.0,-1.3,0.0,28.1,372.02,199.4,55.0,60.2,49.5
2022-03-08 00:00:00,11:03:07,2,37.3,0.0,49.7,72.0,2982.0,2981.11,0.0,-1.3,0.0,28.0,372.02,199.4,55.0,60.1,49.6
2022-03-08 00:00:00,11:04:07,2,37.2,0.0,49.7,72.0,2982.0,2981.21,0.0,-1.3,0.0,28.1,372.02,199.4,55.0,60.1,49.6
2022-03-08 00:00:00,11:05:07,2,37.0,0.0,49.7,72.0,2982.0,2981.18,0.0,-1.3,0.0,28.1,372.02,199.4,54.9,60.0,49.7
2022-03-08 00:00:00,11:06:07,2,36.9,0.0,49.7,72.0,2982.0,2980.68,0.0,-1.3,0.0,28.1,372.02,199.4,54.8,60.2,49.7
2022-03-08 00:00:00,11:07:07,2,36.9,0.0,49.7,72.0,2982.0,2980.93,0.0,-1.2,0.0,28.1,372.02,199.4,54.8,59.9,49.5
2022-03-08 00:00:00,11:08:07,2,36.9,0.0,49.7,72.0,2982.0,2981.36,0.0,-1.3,0.0,28.1,372.02,199.4,54.8,59.9,49.6
2022-03-08 00:00:00,11:09:07,2,36.7,0.0,49.7,72.0,2982.0,2981.11,0.0,-1.3,0.0,28.1,372.02,199.4,54.8,59.9,49.7
2022-03-08 00:00:00,11:10:07,2,37.2,0.0,49.7,72.0,2982.0,2981.11,0.0,-1.3,0.0,28.1,372.02,199.4,54.9,60.1,49.9
2022-03-08 00:00:00,11:11:07,2,37.6,0.0,49.7,72.0,2982.0,2981.36,0.0,-1.3,0.0,28.0,372.02,199.4,55.1,60.0,49.7
2022-03-08 00:00:00,11:12:07,2,37.8,0.0,49.7,72.0,2982.0,2981.25,0.0,-1.3,0.0,28.0,372.02,199.4,55.1,60.0,49.8
2022-03-08 00:00:00,11:13:07,2,38.0,0.0,49.7,72.0,2982.0,2981.36,0.0,-1.3,0.0,28.1,372.02,199.4,55.1,59.9,49.7
2022-03-08 00:00:00,11:14:07,2,38.1,0.0,49.7,72.0,2982.0,2981.67,0.0,-1.2,0.0,28.1,372.02,199.4,55.2,60.0,49.5
2022-03-08 00:00:00,11:15:07,2,38.1,0.0,49.7,72.0,2982.0,2981.46,0.0,-1.2,0.0,28.0,372.03,199.4,55.2,60.0,49.4
2022-03-08 00:00:00,11:16:07,2,38.1,0.0,49.7,72.0,2982.0,2981.64,0.0,-1.2,0.0,28.0,372.02,199.4,55.2,60.0,49.3
2022-03-08 00:00:00,11:17:07,2,38.2,0.0,49.7,72.0,2982.0,2981.82,0.0,-1.2,0.0,28.0,372.02,199.4,55.2,60.1,49.4
2022-03-08 00:00:00,11:18:07,2,38.2,0.0,49.7,72.0,2982.0,2981.92,0.0,-1.3,0.0,28.0,372.02,199.4,55.3,60.1,49.3
2022-03-08 00:00:00,11:19:07,2,38.4,0.0,49.7,72.0,2982.0,2981.96,0.0,-1.3,0.0,28.0,372.01,199.4,55.4,60.1,49.2
2022-03-08 00:00:00,11:20:07,2,38.4,0.0,49.7,72.0,2982.0,2982.17,0.0,-1.3,0.0,28.0,372.02,199.4,55.4,60.1,49.3
2022-03-08 00:00:00,11:21:07,2,38.5,0.0,49.7,72.0,2982.0,2982.28,0.0,-1.3,0.0,28.0,372.02,199.4,55.5,60.1,49.4
2022-03-08 00:00:00,11:22:07,2,38.5,0.0,49.7,72.0,2982.0,2982.1,0.0,-1.3,0.0,28.0,372.03,199.4,55.5,60.3,49.4
2022-03-08 00:00:00,11:23:07,2,38.5,0.0,49.7,72.0,2982.0,2981.75,0.0,-1.3,0.0,28.0,372.01,199.4,55.4,60.3,49.4
2022-03-08 00:00:00,11:24:07,2,38.6,0.0,49.7,72.0,2982.0,2982.13,0.0,-1.3,0.0,28.0,372.01,199.4,55.5,60.3,49.4
2022-03-08 00:00:00,11:25:07,2,38.6,0.0,49.7,72.0,2982.0,2981.85,0.0,-1.3,0.0,28.0,372.02,199.4,55.5,60.4,49.5
2022-03-08 00:00:00,11:26:07,2,38.5,0.0,49.7,72.0,2982.0,2981.67,0.0,-1.3,0.0,28.0,372.01,199.4,55.5,60.4,49.6
2022-03-08 00:00:00,11:27:07,2,38.5,0.0,49.7,72.0,2982.0,2982.1,0.0,-1.3,0.0,28.0,372.02,199.4,55.5,60.3,49.5
2022-03-08 00:00:00,11:28:07,2,38.4,0.0,49.7,72.0,2982.0,2981.89,0.0,-1.3,0.0,28.1,372.01,199.4,55.5,60.3,49.3
2022-03-08 00:00:00,11:29:07,2,38.3,0.0,49.7,72.0,2982.0,2981.57,0.0,-1.2,0.0,28.1,372.02,199.4,55.3,60.3,49.5
2022-03-08 00:00:00,11:30:07,2,38.2,0.0,49.7,72.0,2982.0,2982.03,0.0,-1.2,0.0,28.1,372.02,199.4,55.2,60.3,49.5
2022-03-08 00:00:00,11:31:07,2,38.0,0.0,49.7,72.0,2982.0,2982.06,0.0,-1.3,0.0,28.1,372.02,199.4,55.3,60.2,49.5
2022-03-08 00:00:00,11:32:07,2,37.7,0.0,49.7,72.0,2982.0,2981.89,0.0,-1.3,0.0,28.1,372.01,199.4,55.1,60.2,49.5
2022-03-08 00:00:00,11:33:07,2,37.6,0.0,49.7,72.0,2982.0,2981.85,0.0,-1.3,0.0,28.1,372.02,199.4,55.1,60.3,49.6
2022-03-08 00:00:00,11:34:07,2,37.4,0.0,49.7,72.0,2982.0,2982.1,0.0,-1.3,0.0,28.1,372.02,199.4,55.0,60.1,49.8
2022-03-08 00:00:00,11:35:07,2,37.2,0.0,49.7,72.0,2982.0,2981.6,0.0,-1.3,0.0,28.1,372.01,199.4,55.0,60.1,49.6
2022-03-08 00:00:00,11:36:07,2,37.1,0.0,49.7,72.0,2982.0,2981.82,0.0,-1.3,0.0,28.1,372.02,199.4,55.0,60.2,49.7
2022-03-08 00:00:00,11:37:07,2,36.9,0.0,49.7,72.0,2982.0,2982.1,0.0,-1.3,0.0,28.1,372.01,199.4,54.9,60.1,49.6
2022-03-08 00:00:00,11:38:07,2,37.0,0.0,49.7,72.0,2982.0,2981.99,0.0,-1.3,0.0,28.1,372.02,199.4,54.8,60.0,49.6
2022-03-08 00:00:00,11:39:07,2,37.0,0.0,49.7,72.0,2982.0,2981.92,0.0,-1.3,0.0,28.1,372.03,199.4,54.8,60.0,49.8
2022-03-08 00:00:00,11:40:07,2,36.9,0.0,49.7,72.0,2982.0,2982.13,0.0,-1.3,0.0,28.1,372.02,199.4,54.8,60.0,49.9
2022-03-08 00:00:00,11:41:07,2,37.2,0.0,49.7,72.0,2982.0,2982.06,0.0,-1.3,0.0,28.1,372.02,199.4,54.9,60.1,50.0
2022-03-08 00:00:00,11:42:07,2,37.7,0.0,49.7,72.0,2982.0,2981.82,0.0,-1.3,0.0,28.0,372.01,199.4,55.1,60.0,49.8
2022-03-08 00:00:00,11:43:07,2,37.9,0.0,49.7,72.0,2982.0,2982.28,0.0,-1.3,0.0,28.0,372.01,199.4,55.1,60.1,49.8
2022-03-08 00:00:00,11:44:07,2,38.0,0.0,49.7,72.0,2982.0,2982.13,0.0,-1.3,0.0,28.0,372.02,199.4,55.2,59.9,49.7
2022-03-08 00:00:00,11:45:07,2,38.0,0.0,49.7,72.0,2982.0,2981.82,0.0,-1.3,0.0,28.0,372.02,199.4,55.2,60.0,49.7
2022-03-08 00:00:00,11:46:07,2,38.1,0.0,49.7,72.0,2982.0,2982.1,0.0,-1.3,0.0,28.0,372.02,199.4,55.3,60.0,49.6
2022-03-08 00:00:00,11:47:07,2,38.1,0.0,49.7,72.0,2982.0,2982.28,0.0,-1.2,0.0,28.1,372.02,199.4,55.3,60.1,49.5
2022-03-08 00:00:00,11:48:07,2,38.2,0.0,49.7,72.0,2982.0,2981.89,0.0,-1.2,0.0,28.1,372.01,199.4,55.3,60.0,49.5
2022-03-08 00:00:00,11:49:07,2,38.3,0.0,49.7,72.0,2982.0,2982.03,0.0,-1.2,0.0,28.0,372.03,199.4,55.3,60.1,49.4
2022-03-08 00:00:00,11:50:07,2,38.4,0.0,49.7,72.0,2982.0,2982.31,0.0,-1.2,0.0,28.1,372.01,199.4,55.4,60.2,49.4
2022-03-08 00:00:00,11:51:07,2,38.4,0.0,49.7,72.0,2982.0,2981.75,0.0,-1.2,0.0,28.1,372.01,199.4,55.4,60.2,49.4
2022-03-08 00:00:00,11:52:07,2,38.5,0.0,49.7,72.0,2982.0,2982.06,0.0,-1.2,0.0,28.1,372.02,199.4,55.5,60.2,49.4
2022-03-08 00:00:00,11:53:07,2,38.6,0.0,49.7,72.0,2982.0,2982.03,0.0,-1.2,0.0,28.1,372.02,199.4,55.4,60.3,49.5
2022-03-08 00:00:00,11:54:07,2,38.6,0.0,49.7,72.0,2982.0,2981.82,0.0,-1.2,0.0,28.1,372.02,199.4,55.6,60.2,49.5
2022-03-08 00:00:00,11:55:07,2,38.6,0.0,49.7,72.0,2982.0,2981.43,0.0,-1.3,0.0,28.1,372.02,199.4,55.5,60.3,49.5
2022-03-08 00:00:00,11:56:07,2,38.6,0.0,49.7,72.0,2982.0,2981.64,0.0,-1.2,0.0,28.1,372.01,199.4,55.6,60.3,49.6
2022-03-08 00:00:00,11:57:07,2,38.6,0.0,49.7,72.0,2982.0,2981.36,0.0,-1.2,0.0,28.0,372.02,199.4,55.7,60.3,49.6
2022-03-08 00:00:00,11:58:07,2,38.6,0.0,49.7,72.0,2982.0,2981.25,0.0,-1.2,0.0,28.1,372.01,199.4,55.5,60.4,49.5
2022-03-08 00:00:00,11:59:07,2,38.4,0.0,49.7,72.0,2982.0,2981.39,0.0,-1.2,0.0,28.1,372.02,199.4,55.5,60.4,49.4
2022-03-08 00:00:00,12:00:07,2,38.2,0.0,49.7,72.0,2982.0,2981.5,0.0,-1.3,0.0,28.1,372.01,199.4,55.4,60.3,49.5
2022-03-08 00:00:00,12:01:07,2,38.0,0.0,49.7,72.0,2982.0,2981.25,0.0,-1.3,0.0,28.1,372.02,199.4,55.2,60.3,49.5
2022-03-08 00:00:00,12:02:07,2,37.9,0.0,49.7,72.0,2982.0,2981.18,0.0,-1.3,0.0,28.1,372.01,199.4,55.3,60.2,49.6
2022-03-08 00:00:00,12:03:07,2,37.7,0.0,49.7,72.0,2982.0,2981.43,0.0,-1.2,0.0,28.1,372.01,199.4,55.2,60.2,49.6
2022-03-08 00:00:00,12:04:07,2,37.4,0.0,49.7,72.0,2982.0,2980.9,0.0,-1.3,0.0,28.1,372.02,199.4,55.1,60.2,49.7
2022-03-08 00:00:00,12:05:07,2,37.3,0.0,49.7,72.0,2982.0,2981.04,0.0,-1.3,0.0,28.1,372.01,199.4,55.1,60.1,49.7
2022-03-08 00:00:00,12:06:07,2,37.2,0.0,49.7,72.0,2982.0,2981.5,0.0,-1.3,0.0,28.1,372.02,199.4,54.9,60.2,49.8
2022-03-08 00:00:00,12:07:07,2,37.1,0.0,49.7,72.0,2982.0,2981.36,0.0,-1.2,0.0,28.1,372.01,199.4,55.0,60.2,49.8
2022-03-08 00:00:00,12:08:07,2,37.0,0.0,49.7,72.0,2982.0,2981.18,0.0,-1.2,0.0,28.1,372.02,199.4,54.8,60.1,49.7
2022-03-08 00:00:00,12:09:07,3,36.9,0.0,49.7,72.0,2982.0,2981.18,0.0,-1.2,0.0,28.1,372.01,199.4,54.8,60.0,49.7
2022-03-08 00:00:00,12:09:11,3,36.9,0.0,49.2,72.0,3585.5,3610.91,0.0,-1.2,0.0,33.3,372.9,199.4,54.8,60.2,49.6
2022-03-08 00:00:00,12:10:11,3,36.9,0.0,49.2,72.0,3585.5,3585.71,0.0,-1.2,0.0,33.0,373.05,199.4,55.2,60.2,50.2
2022-03-08 00:00:00,12:11:11,3,37.1,0.0,49.2,72.0,3585.5,3585.29,0.0,-1.2,0.0,33.0,373.04,199.4,55.6,60.4,50.7
2022-03-08 00:00:00,12:12:11,3,37.4,0.0,49.2,72.0,3585.5,3585.04,0.0,-1.2,0.0,33.0,373.03,199.4,56.0,60.5,50.7
2022-03-08 00:00:00,12:13:11,3,37.7,0.0,49.2,72.0,3585.5,3585.4,0.0,-1.3,0.0,33.0,373.0,199.4,56.3,60.5,51.1
2022-03-08 00:00:00,12:14:11,3,38.0,0.0,49.2,72.0,3585.5,3585.22,0.0,-1.3,0.0,32.9,373.0,199.4,56.5,60.5,51.2
2022-03-08 00:00:00,12:15:11,3,38.1,0.0,49.2,72.0,3585.5,3585.25,0.0,-1.3,0.0,32.9,372.99,199.4,56.8,60.4,51.2
2022-03-08 00:00:00,12:16:11,3,38.1,0.0,49.2,72.0,3585.5,3585.08,0.0,-1.3,0.0,32.9,372.98,199.4,56.9,60.6,51.1
2022-03-08 00:00:00,12:17:11,3,38.1,0.0,49.2,72.0,3585.5,3585.22,0.0,-1.2,0.0,32.9,372.97,199.4,57.0,60.7,51.3
2022-03-08 00:00:00,12:18:11,3,38.2,0.0,49.2,72.0,3585.5,3585.15,0.0,-1.3,0.0,32.9,372.95,199.4,57.2,60.7,51.2
2022-03-08 00:00:00,12:19:11,3,38.2,0.0,49.2,72.0,3585.5,3585.25,0.0,-1.3,0.0,32.9,372.95,199.4,57.3,60.7,51.3
2022-03-08 00:00:00,12:20:11,3,38.4,0.0,49.2,72.0,3585.5,3585.75,0.0,-1.3,0.0,32.9,372.94,199.4,57.3,60.9,51.4
2022-03-08 00:00:00,12:21:11,3,38.4,0.0,49.2,72.0,3585.5,3586.07,0.0,-1.2,0.0,32.8,372.93,199.4,57.5,61.0,51.4
2022-03-08 00:00:00,12:22:11,3,38.4,0.0,49.2,72.0,3585.5,3585.86,0.0,-1.2,0.0,32.8,372.93,199.4,57.6,60.9,51.4
2022-03-08 00:00:00,12:23:11,3,38.5,0.0,49.2,72.0,3585.5,3585.86,0.0,-1.2,0.0,32.8,372.92,199.4,57.6,61.1,51.5
2022-03-08 00:00:00,12:24:11,3,38.6,0.0,49.2,72.0,3585.5,3585.71,0.0,-1.2,0.0,32.8,372.9,199.4,57.6,61.2,51.6
2022-03-08 00:00:00,12:25:11,3,38.6,0.0,49.2,72.0,3585.5,3585.5,0.0,-1.2,0.0,32.8,372.89,199.4,57.8,61.2,51.7
2022-03-08 00:00:00,12:26:11,3,38.6,0.0,49.2,72.0,3585.5,3585.75,0.0,-1.2,0.0,32.8,372.89,199.4,57.9,61.2,51.8
2022-03-08 00:00:00,12:27:11,3,38.5,0.0,49.2,72.0,3585.5,3585.57,0.0,-1.2,0.0,32.8,372.88,199.4,57.9,61.3,51.7
2022-03-08 00:00:00,12:28:11,3,38.4,0.0,49.2,72.0,3585.5,3584.72,0.0,-1.3,0.0,32.8,372.87,199.4,57.9,61.2,51.6
2022-03-08 00:00:00,12:29:11,3,38.3,0.0,49.2,72.0,3585.5,3585.32,0.0,-1.3,0.0,32.8,372.88,199.4,57.8,61.3,51.7
2022-03-08 00:00:00,12:30:11,3,38.2,0.0,49.2,72.0,3585.5,3586.1,0.0,-1.3,0.0,32.8,372.86,199.4,57.7,61.3,51.7
2022-03-08 00:00:00,12:31:11,3,37.9,0.0,49.2,72.0,3585.5,3585.64,0.0,-1.3,0.0,32.8,372.86,199.4,57.6,61.3,51.8
2022-03-08 00:00:00,12:32:11,3,37.7,0.0,49.2,72.0,3585.5,3585.68,0.0,-1.3,0.0,32.8,372.86,199.4,57.6,61.3,51.9
2022-03-08 00:00:00,12:33:11,3,37.5,0.0,49.2,72.0,3585.5,3585.93,0.0,-1.3,0.0,32.8,372.85,199.4,57.6,61.2,51.9
2022-03-08 00:00:00,12:34:11,3,37.3,0.0,49.2,72.0,3585.5,3585.4,0.0,-1.3,0.0,32.8,372.84,199.4,57.5,61.2,52.0
2022-03-08 00:00:00,12:35:11,3,37.3,0.0,49.2,72.0,3585.5,3585.15,0.0,-1.2,0.0,32.8,372.83,199.4,57.5,61.3,52.0
2022-03-08 00:00:00,12:36:11,3,37.1,0.0,49.2,72.0,3585.5,3585.64,0.0,-1.2,0.0,32.8,372.83,199.4,57.5,61.3,52.1
2022-03-08 00:00:00,12:37:11,3,36.9,0.0,49.2,72.0,3585.5,3585.89,0.0,-1.2,0.0,32.7,372.83,199.4,57.5,61.1,52.1
2022-03-08 00:00:00,12:38:11,3,36.9,0.0,49.2,72.0,3585.5,3585.61,0.0,-1.2,0.0,32.7,372.83,199.4,57.5,61.1,52.1
2022-03-08 00:00:00,12:39:11,3,36.9,0.0,49.2,72.0,3585.5,3585.96,0.0,-1.2,0.0,32.7,372.83,199.4,57.4,61.2,52.1
2022-03-08 00:00:00,12:40:11,3,36.9,0.0,49.2,72.0,3585.5,3585.47,0.0,-1.2,0.0,32.7,372.83,199.4,57.5,61.2,52.3
2022-03-08 00:00:00,12:41:11,3,37.2,0.0,49.2,72.0,3585.5,3584.9,0.0,-1.2,0.0,32.7,372.82,199.4,57.5,61.3,52.4
2022-03-08 00:00:00,12:42:11,3,37.5,0.0,49.2,72.0,3585.5,3585.61,0.0,-1.3,0.0,32.7,372.82,199.4,57.7,61.3,52.3
2022-03-08 00:00:00,12:43:11,3,37.8,0.0,49.2,72.0,3585.5,3585.61,0.0,-1.3,0.0,32.7,372.81,199.4,57.9,61.2,52.2
2022-03-08 00:00:00,12:44:11,3,38.0,0.0,49.2,72.0,3585.5,3585.61,0.0,-1.3,0.0,32.7,372.81,199.4,57.8,61.3,52.3
2022-03-08 00:00:00,12:45:11,3,38.1,0.0,49.2,72.0,3585.5,3585.61,0.0,-1.3,0.0,32.7,372.79,199.4,57.9,61.3,52.1
2022-03-08 00:00:00,12:46:11,3,38.1,0.0,49.2,72.0,3585.5,3585.11,0.0,-1.3,0.0,32.7,372.8,199.4,58.0,61.4,52.1
2022-03-08 00:00:00,12:47:11,3,38.2,0.0,49.2,72.0,3585.5,3585.36,0.0,-1.3,0.0,32.7,372.8,199.4,58.0,61.4,52.1
2022-03-08 00:00:00,12:48:11,3,38.2,0.0,49.2,72.0,3585.5,3585.64,0.0,-1.2,0.0,32.7,372.79,199.4,58.1,61.5,52.1
2022-03-08 00:00:00,12:49:11,3,38.3,0.0,49.2,72.0,3585.5,3585.82,0.0,-1.2,0.0,32.7,372.79,199.4,58.3,61.4,52.0
2022-03-08 00:00:00,12:50:11,3,38.4,0.0,49.2,72.0,3585.5,3585.43,0.0,-1.2,0.0,32.7,372.79,199.4,58.2,61.6,52.0
2022-03-08 00:00:00,12:51:11,3,38.5,0.0,49.2,72.0,3585.5,3584.76,0.0,-1.2,0.0,32.7,372.79,199.4,58.4,61.5,52.0
2022-03-08 00:00:00,12:52:11,3,38.6,0.0,49.2,72.0,3585.5,3585.96,0.0,-1.2,0.0,32.7,372.79,199.4,58.4,61.7,52.1
2022-03-08 00:00:00,12:53:11,3,38.6,0.0,49.2,72.0,3585.5,3586.03,0.0,-1.2,0.0,32.7,372.78,199.4,58.5,61.7,51.9
2022-03-08 00:00:00,12:54:11,3,38.6,0.0,49.2,72.0,3585.5,3585.75,0.0,-1.3,0.0,32.7,372.77,199.4,58.5,61.7,52.0
2022-03-08 00:00:00,12:55:11,3,38.6,0.0,49.2,72.0,3585.5,3585.18,0.0,-1.2,0.0,32.7,372.76,199.4,58.6,61.8,52.1
2022-03-08 00:00:00,12:56:11,3,38.6,0.0,49.2,72.0,3585.5,3585.36,0.0,-1.3,0.0,32.6,372.77,199.4,58.6,61.9,52.3
2022-03-08 00:00:00,12:57:11,3,38.6,0.0,49.2,72.0,3585.5,3585.64,0.0,-1.2,0.0,32.6,372.76,199.4,58.7,61.8,52.1
2022-03-08 00:00:00,12:58:11,3,38.5,0.0,49.2,72.0,3585.5,3585.82,0.0,-1.2,0.0,32.7,372.76,199.4,58.5,61.9,52.1
2022-03-08 00:00:00,12:59:11,3,38.3,0.0,49.2,72.0,3585.5,3585.68,0.0,-1.2,0.0,32.7,372.76,199.4,58.5,61.8,52.1
2022-03-08 00:00:00,13:00:11,3,38.1,0.0,49.2,72.0,3585.5,3585.08,0.0,-1.3,0.0,32.7,372.75,199.4,58.2,61.8,52.2
2022-03-08 00:00:00,13:01:11,3,37.9,0.0,49.2,72.0,3585.5,3585.64,0.0,-1.3,0.0,32.6,372.75,199.4,58.3,61.7,52.2
2022-03-08 00:00:00,13:02:11,3,37.8,0.0,49.2,72.0,3585.5,3585.93,0.0,-1.3,0.0,32.7,372.75,199.4,58.0,61.8,52.3
2022-03-08 00:00:00,13:03:11,3,37.5,0.0,49.2,72.0,3585.5,3585.32,0.0,-1.3,0.0,32.6,372.75,199.4,58.2,61.8,52.2
2022-03-08 00:00:00,13:04:11,3,37.6,0.0,49.2,72.0,3585.5,3584.97,0.0,-1.3,0.0,32.6,372.74,199.4,58.0,61.8,52.3
2022-03-08 00:00:00,13:05:11,3,37.3,0.0,49.2,72.0,3585.5,3585.61,0.0,-1.3,0.0,32.6,372.75,199.4,58.0,61.8,52.3
2022-03-08 00:00:00,13:06:11,3,37.3,0.0,49.2,72.0,3585.5,3585.71,0.0,-1.2,0.0,32.7,372.75,199.4,57.8,61.7,52.4
2022-03-08 00:00:00,13:07:11,3,37.1,0.0,49.2,72.0,3585.5,3584.97,0.0,-1.3,0.0,32.6,372.75,199.4,58.0,61.6,52.4
2022-03-08 00:00:00,13:08:11,3,37.1,0.0,49.2,72.0,3585.5,3584.9,0.0,-1.3,0.0,32.6,372.75,199.4,57.9,61.6,52.4
2022-03-08 00:00:00,13:09:11,3,37.0,0.0,49.2,72.0,3585.5,3586.07,0.0,-1.3,0.0,32.6,372.75,199.4,57.7,61.6,52.4
2022-03-08 00:00:00,13:10:11,3,36.9,0.0,49.2,72.0,3585.5,3585.57,0.0,-1.3,0.0,32.6,372.74,199.4,57.9,61.6,52.4
2022-03-08 00:00:00,13:11:11,3,37.1,0.0,49.2,72.0,3585.5,3585.08,0.0,-1.3,0.0,32.6,372.74,199.4,58.0,61.6,52.5
2022-03-08 00:00:00,13:12:11,3,37.4,0.0,49.2,72.0,3585.5,3585.25,0.0,-1.3,0.0,32.6,372.74,199.4,58.1,61.8,52.6
2022-03-08 00:00:00,13:13:11,3,37.7,0.0,49.2,72.0,3585.5,3585.71,0.0,-1.3,0.0,32.6,372.73,199.4,58.1,61.8,52.6
2022-03-08 00:00:00,13:14:11,3,38.0,0.0,49.2,72.0,3585.5,3585.43,0.0,-1.3,0.0,32.6,372.74,199.4,58.3,61.8,52.5
2022-03-08 00:00:00,13:15:11,3,38.1,0.0,49.2,72.0,3585.5,3585.15,0.0,-1.3,0.0,32.6,372.73,199.4,58.5,61.7,52.5
2022-03-08 00:00:00,13:16:11,3,38.2,0.0,49.2,72.0,3585.5,3585.68,0.0,-1.3,0.0,32.6,372.73,199.4,58.3,61.7,52.3
2022-03-08 00:00:00,13:17:11,3,38.2,0.0,49.2,72.0,3585.5,3585.47,0.0,-1.2,0.0,32.6,372.72,199.4,58.5,61.8,52.2
2022-03-08 00:00:00,13:18:11,3,38.2,0.0,49.2,72.0,3585.5,3585.57,0.0,-1.2,0.0,32.6,372.72,199.4,58.6,61.8,52.2
2022-03-08 00:00:00,13:19:11,3,38.3,0.0,49.2,72.0,3585.5,3585.25,0.0,-1.2,0.0,32.6,372.72,199.4,58.6,61.9,52.1
2022-03-08 00:00:00,13:20:11,3,38.5,0.0,49.2,72.0,3585.5,3585.64,0.0,-1.2,0.0,32.6,372.72,199.4,58.7,61.9,52.2
2022-03-08 00:00:00,13:21:11,3,38.5,0.0,49.2,72.0,3585.5,3585.61,0.0,-1.3,0.0,32.6,372.72,199.4,58.7,61.9,52.2
2022-03-08 00:00:00,13:22:11,3,38.6,0.0,49.2,72.0,3585.5,3585.5,0.0,-1.3,0.0,32.6,372.72,199.4,58.7,61.9,52.2
2022-03-08 00:00:00,13:23:11,3,38.6,0.0,49.2,72.0,3585.5,3585.08,0.0,-1.3,0.0,32.6,372.72,199.4,58.8,61.9,52.2
2022-03-08 00:00:00,13:24:11,3,38.7,0.0,49.2,72.0,3585.5,3585.61,0.0,-1.3,0.0,32.6,372.72,199.4,58.8,61.9,52.3
2022-03-08 00:00:00,13:25:11,3,38.7,0.0,49.2,72.0,3585.5,3586.21,0.0,-1.3,0.0,32.6,372.72,199.4,58.7,62.1,52.4
2022-03-08 00:00:00,13:26:11,3,38.6,0.0,49.2,72.0,3585.5,3584.97,0.0,-1.3,0.0,32.6,372.71,199.4,58.8,62.2,52.3
2022-03-08 00:00:00,13:27:11,3,38.6,0.0,49.2,72.0,3585.5,3585.68,0.0,-1.3,0.0,32.6,372.72,199.4,58.8,62.2,52.3
2022-03-08 00:00:00,13:28:11,3,38.4,0.0,49.2,72.0,3585.5,3585.89,0.0,-1.3,0.0,32.6,372.71,199.4,58.7,62.0,52.3
2022-03-08 00:00:00,13:29:11,3,38.2,0.0,49.2,72.0,3585.5,3585.15,0.0,-1.2,0.0,32.6,372.71,199.4,58.5,62.1,52.4
2022-03-08 00:00:00,13:30:11,3,38.0,0.0,49.2,72.0,3585.5,3585.08,0.0,-1.2,0.0,32.6,372.7,199.4,58.5,62.0,52.3
2022-03-08 00:00:00,13:31:11,3,37.9,0.0,49.2,72.0,3585.5,3585.96,0.0,-1.2,0.0,32.6,372.7,199.4,58.5,61.9,52.3
2022-03-08 00:00:00,13:32:11,3,37.6,0.0,49.2,72.0,3585.5,3585.75,0.0,-1.3,0.0,32.6,372.7,199.4,58.4,62.0,52.4
2022-03-08 00:00:00,13:33:11,3,37.5,0.0,49.2,72.0,3585.5,3584.37,0.0,-1.3,0.0,32.6,372.71,199.4,58.3,61.9,52.5
2022-03-08 00:00:00,13:34:11,3,37.3,0.0,49.2,72.0,3585.5,3585.64,0.0,-1.2,0.0,32.6,372.7,199.4,58.2,62.0,52.5
2022-03-08 00:00:00,13:35:11,3,37.3,0.0,49.2,72.0,3585.5,3585.82,0.0,-1.3,0.0,32.6,372.7,199.4,58.2,61.8,52.5
2022-03-08 00:00:00,13:36:11,3,37.2,0.0,49.2,72.0,3585.5,3584.94,0.0,-1.3,0.0,32.6,372.69,199.4,58.3,61.9,52.5
2022-03-08 00:00:00,13:37:11,3,37.2,0.0,49.2,72.0,3585.5,3585.64,0.0,-1.3,0.0,32.6,372.7,199.4,58.0,61.9,52.5
2022-03-08 00:00:00,13:38:11,3,36.9,0.0,49.2,72.0,3585.5,3586.14,0.0,-1.3,0.0,32.6,372.69,199.4,58.1,61.8,52.5
2022-03-08 00:00:00,13:39:11,3,36.8,0.0,49.2,72.0,3585.5,3584.97,0.0,-1.3,0.0,32.6,372.69,199.4,58.1,61.8,52.5
2022-03-08 00:00:00,13:40:11,3,37.0,0.0,49.2,72.0,3585.5,3585.04,0.0,-1.2,0.0,32.6,372.7,199.4,58.3,61.8,52.6
2022-03-08 00:00:00,13:41:11,3,37.4,0.0,49.2,72.0,3585.5,3585.96,0.0,-1.3,0.0,32.6,372.69,199.4,58.2,61.9,52.8
2022-03-08 00:00:00,13:42:11,3,37.7,0.0,49.2,72.0,3585.5,3585.71,0.0,-1.3,0.0,32.6,372.69,199.4,58.5,61.8,52.6
2022-03-08 00:00:00,13:43:11,3,37.9,0.0,49.2,72.0,3585.5,3584.97,0.0,-1.3,0.0,32.6,372.69,199.4,58.5,61.8,52.7
2022-03-08 00:00:00,13:44:11,3,38.1,0.0,49.2,72.0,3585.5,3585.93,0.0,-1.3,0.0,32.6,372.69,199.4,58.5,61.9,52.5
2022-03-08 00:00:00,13:45:11,3,38.1,0.0,49.2,72.0,3585.5,3585.93,0.0,-1.2,0.0,32.6,372.69,199.4,58.7,61.9,52.5
2022-03-08 00:00:00,13:46:11,3,38.1,0.0,49.2,72.0,3585.5,3585.04,0.0,-1.2,0.0,32.6,372.69,199.4,58.7,61.9,52.4
2022-03-08 00:00:00,13:47:11,3,38.3,0.0,49.2,72.0,3585.5,3585.78,0.0,-1.2,0.0,32.6,372.69,199.4,58.6,62.0,52.3
2022-03-08 00:00:00,13:48:11,3,38.3,0.0,49.2,72.0,3585.5,3585.82,0.0,-1.3,0.0,32.6,372.69,199.4,58.7,61.9,52.3
2022-03-08 00:00:00,13:49:11,3,38.3,0.0,49.2,72.0,3585.5,3585.15,0.0,-1.3,0.0,32.6,372.69,199.4,58.9,62.0,52.2
2022-03-08 00:00:00,13:50:11,3,38.4,0.0,49.2,72.0,3585.5,3585.61,0.0,-1.3,0.0,32.6,372.69,199.4,58.8,62.0,52.3
2022-03-08 00:00:00,13:51:11,3,38.5,0.0,49.2,72.0,3585.5,3586.0,0.0,-1.3,0.0,32.6,372.69,199.4,58.8,62.1,52.4
2022-03-08 00:00:00,13:52:11,3,38.6,0.0,49.2,72.0,3585.5,3585.5,0.0,-1.3,0.0,32.6,372.69,199.4,58.9,62.1,52.3
2022-03-08 00:00:00,13:53:11,3,38.6,0.0,49.2,72.0,3585.5,3585.25,0.0,-1.3,0.0,32.6,372.68,199.4,58.9,62.3,52.4
2022-03-08 00:00:00,13:54:11,3,38.6,0.0,49.2,72.0,3585.5,3586.07,0.0,-1.3,0.0,32.6,372.69,199.4,59.0,62.3,52.5
2022-03-08 00:00:00,13:55:11,3,38.6,0.0,49.2,72.0,3585.5,3585.96,0.0,-1.3,0.0,32.6,372.69,199.4,59.1,62.2,52.3
2022-03-08 00:00:00,13:56:11,3,38.6,0.0,49.2,72.0,3585.5,3585.01,0.0,-1.3,0.0,32.6,372.68,199.4,59.0,62.2,52.4
2022-03-08 00:00:00,13:57:11,3,38.5,0.0,49.2,72.0,3585.5,3586.07,0.0,-1.3,0.0,32.6,372.66,199.4,58.9,62.3,52.5
2022-03-08 00:00:00,13:58:11,3,38.3,0.0,49.2,72.0,3585.5,3585.71,0.0,-1.2,0.0,32.6,372.67,199.4,58.8,62.4,52.5
2022-03-08 00:00:00,13:59:11,3,38.2,0.0,49.2,72.0,3585.5,3584.94,0.0,-1.2,0.0,32.6,372.68,199.4,58.8,62.3,52.5
2022-03-08 00:00:00,14:00:11,3,38.1,0.0,49.2,72.0,3585.5,3585.78,0.0,-1.2,0.0,32.6,372.67,199.4,58.7,62.3,52.6
2022-03-08 00:00:00,14:01:11,3,38.1,0.0,49.2,72.0,3585.5,3585.82,0.0,-1.2,0.0,32.6,372.66,199.4,58.7,62.3,52.6
2022-03-08 00:00:00,14:02:11,3,38.0,0.0,49.2,72.0,3585.5,3584.9,0.0,-1.3,0.0,32.6,372.66,199.4,58.7,62.2,52.6
2022-03-08 00:00:00,14:03:11,3,37.8,0.0,49.2,72.0,3585.5,3585.71,0.0,-1.3,0.0,32.6,372.67,199.4,58.7,62.2,52.5
2022-03-08 00:00:00,14:04:11,3,37.8,0.0,49.2,72.0,3585.5,3585.82,0.0,-1.3,0.0,32.6,372.67,199.4,58.6,62.0,52.6
2022-03-08 00:00:00,14:05:11,3,37.7,0.0,49.2,72.0,3585.5,3584.9,0.0,-1.3,0.0,32.6,372.67,199.4,58.5,62.1,52.6
2022-03-08 00:00:00,14:06:11,3,37.7,0.0,49.2,72.0,3585.5,3585.82,0.0,-1.3,0.0,32.6,372.66,199.4,58.6,62.2,52.6
2022-03-08 00:00:00,14:07:11,3,37.6,0.0,49.2,72.0,3585.5,3585.89,0.0,-1.3,0.0,32.6,372.67,199.4,58.5,62.1,52.5
2022-03-08 00:00:00,14:08:11,3,37.5,0.0,49.2,72.0,3585.5,3585.11,0.0,-1.3,0.0,32.6,372.67,199.4,58.6,62.1,52.6
2022-03-08 00:00:00,14:09:11,3,37.5,0.0,49.2,72.0,3585.5,3585.78,0.0,-1.3,0.0,32.6,372.66,199.4,58.4,62.1,52.5
2022-03-08 00:00:00,14:10:11,3,37.5,0.0,49.2,72.0,3585.5,3585.89,0.0,-1.3,0.0,32.6,372.66,199.4,58.5,62.0,52.4
2022-03-08 00:00:00,14:11:11,3,37.3,0.0,49.2,72.0,3585.5,3585.22,0.0,-1.3,0.0,32.6,372.67,199.4,58.4,61.9,52.5
2022-03-08 00:00:00,14:12:11,3,37.3,0.0,49.2,72.0,3585.5,3585.71,0.0,-1.3,0.0,32.6,372.66,199.4,58.4,62.0,52.5
2022-03-08 00:00:00,14:13:11,3,37.3,0.0,49.2,72.0,3585.5,3585.86,0.0,-1.3,0.0,32.6,372.67,199.4,58.5,61.9,52.5
2022-03-08 00:00:00,14:14:11,3,37.4,0.0,49.2,72.0,3585.5,3585.18,0.0,-1.3,0.0,32.6,372.67,199.4,58.4,61.9,52.4
2022-03-08 00:00:00,14:15:11,3,37.1,0.0,49.2,72.0,3585.5,3585.57,0.0,-1.2,0.0,32.6,372.67,199.4,58.3,61.9,52.6
2022-03-08 00:00:00,14:16:11,3,37.4,0.0,49.2,72.0,3585.5,3585.75,0.0,-1.3,0.0,32.6,372.66,199.4,58.3,61.8,52.4
2022-03-08 00:00:00,14:17:11,3,37.2,0.0,49.2,72.0,3585.5,3585.36,0.0,-1.3,0.0,32.6,372.66,199.4,58.2,61.8,52.4
2022-03-08 00:00:00,14:18:11,3,37.0,0.0,49.2,72.0,3585.5,3585.86,0.0,-1.2,0.0,32.6,372.66,199.4,58.1,61.8,52.5
2022-03-08 00:00:00,14:19:11,3,37.1,0.0,49.2,72.0,3585.5,3585.86,0.0,-1.2,0.0,32.6,372.66,199.4,58.3,61.7,52.4
2022-03-08 00:00:00,14:20:11,3,37.0,0.0,49.2,72.0,3585.5,3585.29,0.0,-1.3,0.0,32.6,372.66,199.4,58.1,61.7,52.3
2022-03-08 00:00:00,14:21:11,3,37.0,0.0,49.2,72.0,3585.5,3585.68,0.0,-1.3,0.0,32.6,372.66,199.4,58.1,61.7,52.4
2022-03-08 00:00:00,14:22:11,3,37.1,0.0,49.2,72.0,3585.5,3585.61,0.0,-1.3,0.0,32.6,372.66,199.4,58.1,61.6,52.3
2022-03-08 00:00:00,14:23:11,3,36.8,0.0,49.2,72.0,3585.5,3585.22,0.0,-1.3,0.0,32.6,372.68,199.4,58.0,61.7,52.2
2022-03-08 00:00:00,14:24:11,3,36.8,0.0,49.2,72.0,3585.5,3586.14,0.0,-1.3,0.0,32.6,372.67,199.4,58.0,61.6,52.2
2022-03-08 00:00:00,14:25:11,3,36.9,0.0,49.2,72.0,3585.5,3585.68,0.0,-1.3,0.0,32.6,372.66,199.4,57.9,61.6,52.2
2022-03-08 00:00:00,14:26:11,3,36.9,0.0,49.2,72.0,3585.5,3585.11,0.0,-1.3,0.0,32.6,372.66,199.4,57.8,61.7,52.3
2022-03-08 00:00:00,14:27:11,3,36.8,0.0,49.2,72.0,3585.5,3586.1,0.0,-1.2,0.0,32.6,372.67,199.4,58.0,61.4,52.1
2022-03-08 00:00:00,14:28:11,3,36.9,0.0,49.2,72.0,3585.5,3585.54,0.0,-1.2,0.0,32.6,372.67,199.4,58.0,61.4,52.1
2022-03-08 00:00:00,14:29:11,3,36.7,0.0,49.2,72.0,3585.5,3584.86,0.0,-1.3,0.0,32.6,372.67,199.4,57.9,61.4,52.2
2022-03-08 00:00:00,14:30:11,3,36.7,0.0,49.2,72.0,3585.5,3586.28,0.0,-1.2,0.0,32.6,372.68,199.4,57.8,61.5,52.2
2022-03-08 00:00:00,14:31:11,3,36.7,0.0,49.2,72.0,3585.5,3585.78,0.0,-1.3,0.0,32.6,372.68,199.4,57.8,61.4,52.1
2022-03-08 00:00:00,14:32:11,3,36.6,0.0,49.2,72.0,3585.5,3584.94,0.0,-1.3,0.0,32.6,372.68,199.4,57.8,61.2,52.1
2022-03-08 00:00:00,14:33:11,3,36.4,0.0,49.2,72.0,3585.5,3585.96,0.0,-1.2,0.0,32.6,372.68,199.4,57.8,61.3,52.1
2022-03-08 00:00:00,14:34:11,3,36.6,0.0,49.2,72.0,3585.5,3585.75,0.0,-1.3,0.0,32.6,372.67,199.4,57.8,61.3,52.0
2022-03-08 00:00:00,14:35:11,3,36.5,0.0,49.2,72.0,3585.5,3585.04,0.0,-1.3,0.0,32.6,372.68,199.4,57.7,61.3,51.9
2022-03-08 00:00:00,14:36:11,3,36.4,0.0,49.2,72.0,3585.5,3585.96,0.0,-1.3,0.0,32.6,372.67,199.4,57.8,61.1,52.0
2022-03-08 00:00:00,14:37:11,3,36.5,0.0,49.2,72.0,3585.5,3586.03,0.0,-1.2,0.0,32.6,372.67,199.4,57.5,61.2,52.0
2022-03-08 00:00:00,14:38:11,3,36.4,0.0,49.2,72.0,3585.5,3585.01,0.0,-1.2,0.0,32.6,372.67,199.4,57.7,61.1,51.9
2022-03-08 00:00:00,14:39:11,3,36.5,0.0,49.2,72.0,3585.5,3586.24,0.0,-1.2,0.0,32.6,372.67,199.4,57.6,61.1,51.9
2022-03-08 00:00:00,14:40:11,3,36.4,0.0,49.2,72.0,3585.5,3586.1,0.0,-1.3,0.0,32.6,372.67,199.4,57.6,61.2,51.9
2022-03-08 00:00:00,14:41:11,3,36.6,0.0,49.2,72.0,3585.5,3584.9,0.0,-1.3,0.0,32.6,372.67,199.4,57.6,61.0,51.8
2022-03-08 00:00:00,14:42:11,3,36.4,0.0,49.2,72.0,3585.5,3586.03,0.0,-1.3,0.0,32.6,372.68,199.4,57.6,61.0,51.8
2022-03-08 00:00:00,14:43:11,3,36.2,0.0,49.2,72.0,3585.5,3586.17,0.0,-1.2,0.0,32.6,372.66,199.4,57.5,61.0,51.9
2022-03-08 00:00:00,14:44:11,3,36.4,0.0,49.2,72.0,3585.5,3585.15,0.0,-1.3,0.0,32.6,372.68,199.4,57.5,61.1,51.8
2022-03-08 00:00:00,14:45:11,3,36.2,0.0,49.2,72.0,3585.5,3585.93,0.0,-1.3,0.0,32.6,372.67,199.4,57.4,61.0,51.7
2022-03-08 00:00:00,14:46:11,3,36.1,0.0,49.2,72.0,3585.5,3586.0,0.0,-1.3,0.0,32.6,372.69,199.4,57.4,61.0,51.5
2022-03-08 00:00:00,14:47:11,3,36.3,0.0,49.2,72.0,3585.5,3585.29,0.0,-1.3,0.0,32.6,372.67,199.4,57.6,61.0,51.7
2022-03-08 00:00:00,14:48:11,3,36.6,0.0,49.2,72.0,3585.5,3585.82,0.0,-1.3,0.0,32.6,372.67,199.4,57.7,61.1,51.9
2022-03-08 00:00:00,14:49:11,3,37.0,0.0,49.2,72.0,3585.5,3585.96,0.0,-1.3,0.0,32.6,372.68,199.4,57.8,61.1,51.9
2022-03-08 00:00:00,14:50:11,3,37.3,0.0,49.2,72.0,3585.5,3585.47,0.0,-1.2,0.0,32.6,372.68,199.4,57.8,61.1,51.8
2022-03-08 00:00:00,14:51:11,3,37.4,0.0,49.2,72.0,3585.5,3585.64,0.0,-1.3,0.0,32.6,372.67,199.4,57.8,61.1,51.8
2022-03-08 00:00:00,14:52:11,3,37.4,0.0,49.2,72.0,3585.5,3585.75,0.0,-1.2,0.0,32.6,372.68,199.4,58.0,61.0,51.6
2022-03-08 00:00:00,14:53:11,3,37.5,0.0,49.2,72.0,3585.5,3585.43,0.0,-1.2,0.0,32.6,372.67,199.4,58.0,61.1,51.6
2022-03-08 00:00:00,14:54:11,3,37.5,0.0,49.2,72.0,3585.5,3585.64,0.0,-1.2,0.0,32.6,372.68,199.4,58.1,61.1,51.5
2022-03-08 00:00:00,14:55:11,3,37.6,0.0,49.2,72.0,3585.5,3585.71,0.0,-1.3,0.0,32.6,372.66,199.4,58.1,61.2,51.7
2022-03-08 00:00:00,14:56:11,3,37.7,0.0,49.2,72.0,3585.5,3585.43,0.0,-1.2,0.0,32.6,372.68,199.4,58.3,61.2,51.6
2022-03-08 00:00:00,14:57:11,3,37.8,0.0,49.2,72.0,3585.5,3585.64,0.0,-1.2,0.0,32.6,372.67,199.4,58.3,61.2,51.5
2022-03-08 00:00:00,14:58:11,3,37.8,0.0,49.2,72.0,3585.5,3585.64,0.0,-1.2,0.0,32.6,372.67,199.4,58.2,61.3,51.5
2022-03-08 00:00:00,14:59:11,3,37.9,0.0,49.2,72.0,3585.5,3585.43,0.0,-1.2,0.0,32.6,372.66,199.4,58.4,61.3,51.5
2022-03-08 00:00:00,15:00:11,3,38.0,0.0,49.2,72.0,3585.5,3585.64,0.0,-1.2,0.0,32.6,372.65,199.4,58.4,61.4,51.6
2022-03-08 00:00:00,15:01:11,3,38.0,0.0,49.2,72.0,3585.5,3585.68,0.0,-1.3,0.0,32.6,372.66,199.4,58.5,61.5,51.5
2022-03-08 00:00:00,15:02:11,3,38.1,0.0,49.2,72.0,3585.5,3585.5,0.0,-1.3,0.0,32.6,372.66,199.4,58.5,61.6,51.5
2022-03-08 00:00:00,15:03:11,3,38.1,0.0,49.2,72.0,3585.5,3586.0,0.0,-1.2,0.0,32.6,372.66,199.4,58.5,61.6,51.6
2022-03-08 00:00:00,15:04:11,3,38.2,0.0,49.2,72.0,3585.5,3585.71,0.0,-1.2,0.0,32.6,372.66,199.4,58.6,61.5,51.7
2022-03-08 00:00:00,15:05:11,3,38.2,0.0,49.2,72.0,3585.5,3585.18,0.0,-1.2,0.0,32.6,372.66,199.4,58.6,61.6,51.7
2022-03-08 00:00:00,15:06:11,3,38.2,0.0,49.2,72.0,3585.5,3585.93,0.0,-1.2,0.0,32.6,372.66,199.4,58.7,61.7,51.7
2022-03-08 00:00:00,15:07:11,3,38.3,0.0,49.2,72.0,3585.5,3585.57,0.0,-1.2,0.0,32.6,372.66,199.4,58.7,61.7,51.7
2022-03-08 00:00:00,15:08:11,3,38.3,0.0,49.2,72.0,3585.5,3585.11,0.0,-1.2,0.0,32.6,372.65,199.4,58.8,61.7,51.8
2022-03-08 00:00:00,15:09:11,3,38.4,0.0,49.2,72.0,3585.5,3586.07,0.0,-1.2,0.0,32.6,372.66,199.4,58.7,61.9,52.0
2022-03-08 00:00:00,15:10:11,3,38.4,0.0,49.2,72.0,3585.5,3585.54,0.0,-1.3,0.0,32.6,372.66,199.4,58.8,62.0,51.9
2022-03-08 00:00:00,15:11:11,3,38.5,0.0,49.2,72.0,3585.5,3584.76,0.0,-1.2,0.0,32.6,372.66,199.4,59.0,61.8,51.9
2022-03-08 00:00:00,15:12:11,3,38.6,0.0,49.2,72.0,3585.5,3585.96,0.0,-1.2,0.0,32.6,372.66,199.4,58.9,62.0,52.0
2022-03-08 00:00:00,15:13:11,3,38.6,0.0,49.2,72.0,3585.5,3585.96,0.0,-1.2,0.0,32.6,372.66,199.4,58.9,62.1,52.2
2022-03-08 00:00:00,15:14:11,3,38.5,0.0,49.2,72.0,3585.5,3584.94,0.0,-1.2,0.0,32.6,372.66,199.4,58.9,62.1,52.1
2022-03-08 00:00:00,15:15:11,3,38.5,0.0,49.2,72.0,3585.5,3586.03,0.0,-1.2,0.0,32.6,372.66,199.4,58.9,62.1,51.9
2022-03-08 00:00:00,15:16:11,3,38.4,0.0,49.2,72.0,3585.5,3585.96,0.0,-1.2,0.0,32.6,372.65,199.4,58.8,62.1,52.1
2022-03-08 00:00:00,15:17:11,3,38.2,0.0,49.2,72.0,3585.5,3584.51,0.0,-1.3,0.0,32.6,372.64,199.4,58.7,62.1,52.1
2022-03-08 00:00:00,15:18:11,3,38.0,0.0,49.2,72.0,3585.5,3585.75,0.0,-1.2,0.0,32.6,372.64,199.4,58.7,62.0,52.0
2022-03-08 00:00:00,15:19:11,3,37.9,0.0,49.2,72.0,3585.5,3585.82,0.0,-1.3,0.0,32.6,372.64,199.4,58.6,61.9,52.1
2022-03-08 00:00:00,15:20:11,3,37.7,0.0,49.2,72.0,3585.5,3585.15,0.0,-1.2,0.0,32.6,372.63,199.4,58.6,62.0,52.3
2022-03-08 00:00:00,15:21:11,3,37.5,0.0,49.2,72.0,3585.5,3585.75,0.0,-1.3,0.0,32.6,372.66,199.4,58.4,62.1,52.3
2022-03-08 00:00:00,15:22:11,3,37.4,0.0,49.2,72.0,3585.5,3585.54,0.0,-1.2,0.0,32.6,372.65,199.4,58.4,62.0,52.2
2022-03-08 00:00:00,15:23:11,3,37.2,0.0,49.2,72.0,3585.5,3585.61,0.0,-1.2,0.0,32.6,372.66,199.4,58.4,61.9,52.3
2022-03-08 00:00:00,15:24:11,3,37.1,0.0,49.2,72.0,3585.5,3585.57,0.0,-1.2,0.0,32.6,372.65,199.4,58.2,61.9,52.3
2022-03-08 00:00:00,15:25:11,3,36.8,0.0,49.2,72.0,3585.5,3585.4,0.0,-1.2,0.0,32.6,372.65,199.4,58.3,61.8,52.4
2022-03-08 00:00:00,15:26:11,3,36.9,0.0,49.2,72.0,3585.5,3586.03,0.0,-1.3,0.0,32.6,372.66,199.4,58.2,61.8,52.4
2022-03-08 00:00:00,15:27:11,3,36.7,0.0,49.2,72.0,3585.5,3585.47,0.0,-1.2,0.0,32.6,372.64,199.4,58.1,61.7,52.3
2022-03-08 00:00:00,15:28:11,3,36.7,0.0,49.2,72.0,3585.5,3585.11,0.0,-1.2,0.0,32.6,372.65,199.4,58.2,61.6,52.3
2022-03-08 00:00:00,15:29:11,3,36.9,0.0,49.2,72.0,3585.5,3585.93,0.0,-1.2,0.0,32.6,372.65,199.4,58.1,61.7,52.5
2022-03-08 00:00:00,15:30:11,3,37.1,0.0,49.2,72.0,3585.5,3585.54,0.0,-1.3,0.0,32.6,372.66,199.4,58.4,61.8,52.6
2022-03-08 00:00:00,15:31:11,3,37.5,0.0,49.2,72.0,3585.5,3585.18,0.0,-1.3,0.0,32.6,372.63,199.4,58.4,61.9,52.5
2022-03-08 00:00:00,15:32:11,3,37.7,0.0,49.2,72.0,3585.5,3586.14,0.0,-1.3,0.0,32.6,372.63,199.4,58.6,61.8,52.5
2022-03-08 00:00:00,15:33:11,3,37.9,0.0,49.2,72.0,3585.5,3585.61,0.0,-1.3,0.0,32.6,372.64,199.4,58.5,61.8,52.4
2022-03-08 00:00:00,15:34:11,3,38.0,0.0,49.2,72.0,3585.5,3585.11,0.0,-1.3,0.0,32.6,372.63,199.4,58.6,61.8,52.3
2022-03-08 00:00:00,15:35:11,3,38.0,0.0,49.2,72.0,3585.5,3585.86,0.0,-1.3,0.0,32.6,372.65,199.4,58.6,61.8,52.3
2022-03-08 00:00:00,15:36:11,3,38.0,0.0,49.2,72.0,3585.5,3585.01,0.0,-1.3,0.0,32.6,372.64,199.4,58.7,61.9,52.2
2022-03-08 00:00:00,15:37:11,3,38.1,0.0,49.2,72.0,3585.5,3585.75,0.0,-1.3,0.0,32.6,372.64,199.4,58.7,61.9,52.2
2022-03-08 00:00:00,15:38:11,3,38.2,0.0,49.2,72.0,3585.5,3585.71,0.0,-1.3,0.0,32.6,372.65,199.4,58.7,62.0,52.1
2022-03-08 00:00:00,15:39:11,3,38.3,0.0,49.2,72.0,3585.5,3585.22,0.0,-1.3,0.0,32.6,372.64,199.4,58.8,62.0,52.2
2022-03-08 00:00:00,15:40:11,3,38.4,0.0,49.2,72.0,3585.5,3585.75,0.0,-1.3,0.0,32.6,372.64,199.4,58.9,62.0,52.1
2022-03-08 00:00:00,15:41:11,3,38.4,0.0,49.2,72.0,3585.5,3585.82,0.0,-1.3,0.0,32.6,372.63,199.4,58.8,62.0,52.2
2022-03-08 00:00:00,15:42:11,3,38.4,0.0,49.2,72.0,3585.5,3585.22,0.0,-1.3,0.0,32.6,372.63,199.4,58.9,62.1,52.3
2022-03-08 00:00:00,15:43:11,3,38.5,0.0,49.2,72.0,3585.5,3585.54,0.0,-1.3,0.0,32.6,372.63,199.4,58.8,62.1,52.3
2022-03-08 00:00:00,15:44:11,3,38.5,0.0,49.2,72.0,3585.5,3585.43,0.0,-1.2,0.0,32.6,372.64,199.4,59.0,62.2,52.3
2022-03-08 00:00:00,15:45:11,3,38.4,0.0,49.2,72.0,3585.5,3585.54,0.0,-1.2,0.0,32.6,372.63,199.4,59.0,62.2,52.2
2022-03-08 00:00:00,15:46:11,3,38.4,0.0,49.2,72.0,3585.5,3585.64,0.0,-1.3,0.0,32.6,372.63,199.4,58.9,62.2,52.2
2022-03-08 00:00:00,15:47:11,3,38.2,0.0,49.2,72.0,3585.5,3585.08,0.0,-1.2,0.0,32.6,372.62,199.4,58.8,62.2,52.2
2022-03-08 00:00:00,15:48:11,3,38.1,0.0,49.2,72.0,3585.5,3585.96,0.0,-1.2,0.0,32.6,372.62,199.4,58.7,62.1,52.2
2022-03-08 00:00:00,15:49:11,3,37.8,0.0,49.2,72.0,3585.5,3585.89,0.0,-1.2,0.0,32.6,372.63,199.4,58.6,62.1,52.4
2022-03-08 00:00:00,15:50:11,3,37.6,0.0,49.2,72.0,3585.5,3584.9,0.0,-1.3,0.0,32.6,372.63,199.4,58.5,62.1,52.3
2022-03-08 00:00:00,15:51:11,3,37.5,0.0,49.2,72.0,3585.5,3585.93,0.0,-1.3,0.0,32.6,372.62,199.4,58.4,62.0,52.4
2022-03-08 00:00:00,15:52:11,3,37.4,0.0,49.2,72.0,3585.5,3585.61,0.0,-1.2,0.0,32.6,372.63,199.4,58.5,62.0,52.4
2022-03-08 00:00:00,15:53:11,3,37.3,0.0,49.2,72.0,3585.5,3585.15,0.0,-1.3,0.0,32.6,372.63,199.4,58.5,62.0,52.4
2022-03-08 00:00:00,15:54:11,3,37.0,0.0,49.2,72.0,3585.5,3585.64,0.0,-1.3,0.0,32.6,372.62,199.4,58.4,61.9,52.5
2022-03-08 00:00:00,15:55:11,3,36.9,0.0,49.2,72.0,3585.5,3585.25,0.0,-1.3,0.0,32.6,372.63,199.4,58.2,61.9,52.5
2022-03-08 00:00:00,15:56:11,3,36.9,0.0,49.2,72.0,3585.5,3585.68,0.0,-1.3,0.0,32.6,372.62,199.4,58.1,62.0,52.5
2022-03-08 00:00:00,15:57:11,3,36.8,0.0,49.2,72.0,3585.5,3585.32,0.0,-1.3,0.0,32.6,372.62,199.4,58.3,61.8,52.6
2022-03-08 00:00:00,15:58:11,3,37.1,0.0,49.2,72.0,3585.5,3585.29,0.0,-1.2,0.0,32.6,372.63,199.4,58.3,61.8,52.6
2022-03-08 00:00:00,15:59:11,3,37.2,0.0,49.2,72.0,3585.5,3585.89,0.0,-1.3,0.0,32.6,372.63,199.4,58.5,62.0,52.6
2022-03-08 00:00:00,16:00:11,3,37.6,0.0,49.2,72.0,3585.5,3585.54,0.0,-1.2,0.0,32.6,372.62,199.4,58.6,62.0,52.6
2022-03-08 00:00:00,16:01:11,3,37.8,0.0,49.2,72.0,3585.5,3585.4,0.0,-1.2,0.0,32.6,372.62,199.4,58.6,62.0,52.5
2022-03-08 00:00:00,16:02:11,3,38.0,0.0,49.2,72.0,3585.5,3585.57,0.0,-1.3,0.0,32.6,372.61,199.4,58.6,62.0,52.6
2022-03-08 00:00:00,16:03:11,3,38.1,0.0,49.2,72.0,3585.5,3584.94,0.0,-1.2,0.0,32.6,372.62,199.4,58.6,62.0,52.6
2022-03-08 00:00:00,16:04:11,3,38.1,0.0,49.2,72.0,3585.5,3585.89,0.0,-1.2,0.0,32.6,372.62,199.4,58.7,62.0,52.4
2022-03-08 00:00:00,16:05:11,3,38.1,0.0,49.2,72.0,3585.5,3585.82,0.0,-1.2,0.0,32.6,372.63,199.4,58.9,61.9,52.3
2022-03-08 00:00:00,16:06:11,3,38.2,0.0,49.2,72.0,3585.5,3584.83,0.0,-1.2,0.0,32.6,372.62,199.4,58.7,62.2,52.3
2022-03-08 00:00:00,16:07:11,3,38.3,0.0,49.2,72.0,3585.5,3585.89,0.0,-1.2,0.0,32.6,372.62,199.4,58.8,62.0,52.3
2022-03-08 00:00:00,16:08:11,3,38.4,0.0,49.2,72.0,3585.5,3585.86,0.0,-1.3,0.0,32.6,372.62,199.4,59.0,62.1,52.3
2022-03-08 00:00:00,16:09:11,3,38.4,0.0,49.2,72.0,3585.5,3584.97,0.0,-1.3,0.0,32.6,372.62,199.4,59.0,62.3,52.3
2022-03-08 00:00:00,16:10:11,3,38.4,0.0,49.2,72.0,3585.5,3585.43,0.0,-1.3,0.0,32.6,372.62,199.4,59.0,62.3,52.3
2022-03-08 00:00:00,16:11:11,3,38.6,0.0,49.2,72.0,3585.5,3585.11,0.0,-1.3,0.0,32.6,372.61,199.4,59.0,62.4,52.3
2022-03-08 00:00:00,16:12:11,3,38.5,0.0,49.2,72.0,3585.5,3585.96,0.0,-1.3,0.0,32.6,372.6,199.4,59.1,62.3,52.4
2022-03-08 00:00:00,16:13:11,3,38.5,0.0,49.2,72.0,3585.5,3585.93,0.0,-1.2,0.0,32.6,372.61,199.4,59.1,62.4,52.5
2022-03-08 00:00:00,16:14:11,3,38.4,0.0,49.2,72.0,3585.5,3585.18,0.0,-1.2,0.0,32.6,372.61,199.4,59.2,62.2,52.2
2022-03-08 00:00:00,16:15:11,3,38.3,0.0,49.2,72.0,3585.5,3585.78,0.0,-1.3,0.0,32.6,372.61,199.4,58.9,62.3,52.3
2022-03-08 00:00:00,16:16:11,3,38.1,0.0,49.2,72.0,3585.5,3585.25,0.0,-1.2,0.0,32.6,372.61,199.4,58.7,62.4,52.3
2022-03-08 00:00:00,16:17:11,3,37.9,0.0,49.2,72.0,3585.5,3585.86,0.0,-1.3,0.0,32.6,372.61,199.4,58.7,62.1,52.4
2022-03-08 00:00:00,16:18:11,3,37.6,0.0,49.2,72.0,3585.5,3585.64,0.0,-1.2,0.0,32.6,372.62,199.4,58.6,62.1,52.4
2022-03-08 00:00:00,16:19:11,3,37.6,0.0,49.2,72.0,3585.5,3585.04,0.0,-1.3,0.0,32.6,372.62,199.4,58.7,62.0,52.5
2022-03-08 00:00:00,16:20:11,3,37.4,0.0,49.2,72.0,3585.5,3586.03,0.0,-1.3,0.0,32.6,372.61,199.4,58.6,62.2,52.4
2022-03-08 00:00:00,16:21:11,3,37.3,0.0,49.2,72.0,3585.5,3585.54,0.0,-1.3,0.0,32.6,372.6,199.4,58.4,62.1,52.6
2022-03-08 00:00:00,16:22:11,3,37.3,0.0,49.2,72.0,3585.5,3585.25,0.0,-1.3,0.0,32.6,372.62,199.4,58.3,62.1,52.5
2022-03-08 00:00:00,16:23:11,3,37.2,0.0,49.2,72.0,3585.5,3585.75,0.0,-1.3,0.0,32.6,372.61,199.4,58.4,62.1,52.4
2022-03-08 00:00:00,16:24:11,3,37.0,0.0,49.2,72.0,3585.5,3585.11,0.0,-1.3,0.0,32.6,372.61,199.4,58.3,62.1,52.5
2022-03-08 00:00:00,16:25:11,3,36.9,0.0,49.2,72.0,3585.5,3585.78,0.0,-1.3,0.0,32.6,372.62,199.4,58.2,62.0,52.6
2022-03-08 00:00:00,16:26:11,3,37.0,0.0,49.2,72.0,3585.5,3585.75,0.0,-1.3,0.0,32.6,372.62,199.4,58.4,61.8,52.6
2022-03-08 00:00:00,16:27:11,3,37.0,0.0,49.2,72.0,3585.5,3585.22,0.0,-1.3,0.0,32.6,372.62,199.4,58.5,62.0,52.6
2022-03-08 00:00:00,16:28:11,3,37.4,0.0,49.2,72.0,3585.5,3585.75,0.0,-1.3,0.0,32.6,372.61,199.4,58.5,62.0,52.6
2022-03-08 00:00:00,16:29:11,3,37.8,0.0,49.2,72.0,3585.5,3584.9,0.0,-1.3,0.0,32.6,372.62,199.4,58.7,62.0,52.8
2022-03-08 00:00:00,16:30:11,3,38.0,0.0,49.2,72.0,3585.5,3585.89,0.0,-1.3,0.0,32.6,372.62,199.4,58.6,62.0,52.6
2022-03-08 00:00:00,16:31:11,3,38.1,0.0,49.2,72.0,3585.5,3585.82,0.0,-1.3,0.0,32.6,372.62,199.4,58.7,62.0,52.6
2022-03-08 00:00:00,16:32:11,3,38.1,0.0,49.2,72.0,3585.5,3585.22,0.0,-1.3,0.0,32.6,372.62,199.4,58.8,62.0,52.5
2022-03-08 00:00:00,16:33:11,3,38.2,0.0,49.2,72.0,3585.5,3585.96,0.0,-1.3,0.0,32.6,372.62,199.4,58.8,62.1,52.4
2022-03-08 00:00:00,16:34:11,3,38.2,0.0,49.2,72.0,3585.5,3585.32,0.0,-1.3,0.0,32.6,372.62,199.4,58.9,62.1,52.4
2022-03-08 00:00:00,16:35:11,3,38.3,0.0,49.2,72.0,3585.5,3585.57,0.0,-1.3,0.0,32.6,372.6,199.4,58.9,62.2,52.4
2022-03-08 00:00:00,16:36:11,3,38.4,0.0,49.2,72.0,3585.5,3585.82,0.0,-1.3,0.0,32.6,372.62,199.4,59.0,62.2,52.4
2022-03-08 00:00:00,16:37:11,3,38.4,0.0,49.2,72.0,3585.5,3585.25,0.0,-1.3,0.0,32.6,372.62,199.4,59.0,62.4,52.4
2022-03-08 00:00:00,16:38:11,3,38.5,0.0,49.2,72.0,3585.5,3585.89,0.0,-1.3,0.0,32.6,372.61,199.4,58.9,62.4,52.3
2022-03-08 00:00:00,16:39:11,3,38.6,0.0,49.2,72.0,3585.5,3585.47,0.0,-1.3,0.0,32.6,372.61,199.4,59.0,62.4,52.5
2022-03-08 00:00:00,16:40:11,3,38.5,0.0,49.2,72.0,3585.5,3585.32,0.0,-1.3,0.0,32.6,372.6,199.4,59.1,62.4,52.5
2022-03-08 00:00:00,16:41:11,3,38.6,0.0,49.2,72.0,3585.5,3585.64,0.0,-1.3,0.0,32.6,372.6,199.4,59.1,62.4,52.4
2022-03-08 00:00:00,16:42:11,3,38.5,0.0,49.2,72.0,3585.5,3584.97,0.0,-1.3,0.0,32.6,372.61,199.4,59.1,62.5,52.4
2022-03-08 00:00:00,16:43:11,3,38.4,0.0,49.2,72.0,3585.5,3585.96,0.0,-1.3,0.0,32.6,372.6,199.4,58.9,62.4,52.3
2022-03-08 00:00:00,16:44:11,3,38.1,0.0,49.2,72.0,3585.5,3586.0,0.0,-1.3,0.0,32.6,372.61,199.4,58.9,62.3,52.4
2022-03-08 00:00:00,16:45:11,3,38.0,0.0,49.2,72.0,3585.5,3585.11,0.0,-1.3,0.0,32.6,372.61,199.4,58.8,62.3,52.4
2022-03-08 00:00:00,16:46:11,3,37.8,0.0,49.2,72.0,3585.5,3585.57,0.0,-1.3,0.0,32.6,372.6,199.4,58.7,62.2,52.4
2022-03-08 00:00:00,16:47:11,3,37.6,0.0,49.2,72.0,3585.5,3585.25,0.0,-1.3,0.0,32.6,372.6,199.4,58.7,62.1,52.4
2022-03-08 00:00:00,16:48:11,3,37.6,0.0,49.2,72.0,3585.5,3585.68,0.0,-1.3,0.0,32.6,372.6,199.4,58.7,62.2,52.5
2022-03-08 00:00:00,16:49:11,3,37.5,0.0,49.2,72.0,3585.5,3585.61,0.0,-1.2,0.0,32.6,372.6,199.4,58.5,62.1,52.6
2022-03-08 00:00:00,16:50:11,3,37.3,0.0,49.2,72.0,3585.5,3585.47,0.0,-1.2,0.0,32.6,372.61,199.4,58.5,62.2,52.7
2022-03-08 00:00:00,16:51:11,3,37.2,0.0,49.2,72.0,3585.5,3585.57,0.0,-1.3,0.0,32.6,372.59,199.4,58.5,62.1,52.6
2022-03-08 00:00:00,16:52:11,3,37.1,0.0,49.2,72.0,3585.5,3585.01,0.0,-1.3,0.0,32.6,372.6,199.4,58.4,62.0,52.6
2022-03-08 00:00:00,16:53:11,3,37.1,0.0,49.2,72.0,3585.5,3586.07,0.0,-1.3,0.0,32.6,372.6,199.4,58.4,61.9,52.6
2022-03-08 00:00:00,16:54:11,3,36.8,0.0,49.2,72.0,3585.5,3585.75,0.0,-1.3,0.0,32.6,372.6,199.4,58.4,61.9,52.5
2022-03-08 00:00:00,16:55:11,3,37.0,0.0,49.2,72.0,3585.5,3585.15,0.0,-1.3,0.0,32.6,372.6,199.4,58.4,62.0,52.6
2022-03-08 00:00:00,16:56:11,3,37.3,0.0,49.2,72.0,3585.5,3585.78,0.0,-1.3,0.0,32.6,372.61,199.4,58.6,62.1,52.8
2022-03-08 00:00:00,16:57:11,3,37.6,0.0,49.2,72.0,3585.5,3585.47,0.0,-1.3,0.0,32.6,372.6,199.4,58.5,62.1,52.8
2022-03-08 00:00:00,16:58:11,3,37.9,0.0,49.2,72.0,3585.5,3585.64,0.0,-1.3,0.0,32.6,372.61,199.4,58.6,62.1,52.9
2022-03-08 00:00:00,16:59:11,3,38.1,0.0,49.2,72.0,3585.5,3586.1,0.0,-1.3,0.0,32.6,372.6,199.4,58.7,62.0,52.7
2022-03-08 00:00:00,17:00:11,3,38.1,0.0,49.2,72.0,3585.5,3585.5,0.0,-1.3,0.0,32.6,372.61,199.4,58.8,62.0,52.7
2022-03-08 00:00:00,17:01:11,3,38.2,0.0,49.2,72.0,3585.5,3585.68,0.0,-1.3,0.0,32.6,372.61,199.4,58.8,62.2,52.6
2022-03-08 00:00:00,17:02:11,3,38.2,0.0,49.2,72.0,3585.5,3585.36,0.0,-1.2,0.0,32.6,372.59,199.4,59.0,62.0,52.5
2022-03-08 00:00:00,17:03:11,3,38.3,0.0,49.2,72.0,3585.5,3586.21,0.0,-1.2,0.0,32.6,372.59,199.4,59.0,62.1,52.5
2022-03-08 00:00:00,17:04:11,3,38.3,0.0,49.2,72.0,3585.5,3585.78,0.0,-1.2,0.0,32.6,372.59,199.4,59.0,62.3,52.5
2022-03-08 00:00:00,17:05:11,3,38.4,0.0,49.2,72.0,3585.5,3585.15,0.0,-1.2,0.0,32.6,372.61,199.4,59.0,62.3,52.4
2022-03-08 00:00:00,17:06:11,3,38.5,0.0,49.2,72.0,3585.5,3586.07,0.0,-1.2,0.0,32.6,372.59,199.4,59.0,62.4,52.6
2022-03-08 00:00:00,17:07:11,3,38.6,0.0,49.2,72.0,3585.5,3585.08,0.0,-1.2,0.0,32.6,372.59,199.4,59.0,62.6,52.4
2022-03-08 00:00:00,17:08:11,3,38.6,0.0,49.2,72.0,3585.5,3585.78,0.0,-1.2,0.0,32.6,372.59,199.4,59.1,62.6,52.4
2022-03-08 00:00:00,17:09:11,3,38.7,0.0,49.2,72.0,3585.5,3585.86,0.0,-1.3,0.0,32.6,372.59,199.4,59.1,62.6,52.4
2022-03-08 00:00:00,17:10:11,3,38.6,0.0,49.2,72.0,3585.5,3585.5,0.0,-1.3,0.0,32.6,372.59,199.4,59.2,62.6,52.5
2022-03-08 00:00:00,17:11:11,3,38.6,0.0,49.2,72.0,3585.5,3585.5,0.0,-1.3,0.0,32.6,372.59,199.4,59.3,62.4,52.5
2022-03-08 00:00:00,17:12:11,3,38.5,0.0,49.2,72.0,3585.5,3585.22,0.0,-1.3,0.0,32.6,372.59,199.4,59.1,62.5,52.4
2022-03-08 00:00:00,17:13:11,3,38.4,0.0,49.2,72.0,3585.5,3586.07,0.0,-1.3,0.0,32.6,372.59,199.4,59.0,62.4,52.5
2022-03-08 00:00:00,17:14:11,3,38.1,0.0,49.2,72.0,3585.5,3585.15,0.0,-1.3,0.0,32.6,372.59,199.4,58.9,62.4,52.5
2022-03-08 00:00:00,17:15:11,3,38.0,0.0,49.2,72.0,3585.5,3585.68,0.0,-1.3,0.0,32.6,372.59,199.4,58.8,62.5,52.5
2022-03-08 00:00:00,17:16:11,3,37.9,0.0,49.2,72.0,3585.5,3586.03,0.0,-1.3,0.0,32.6,372.59,199.4,58.7,62.5,52.5
2022-03-08 00:00:00,17:17:11,3,37.7,0.0,49.2,72.0,3585.5,3585.04,0.0,-1.3,0.0,32.6,372.59,199.4,58.8,62.2,52.6
2022-03-08 00:00:00,17:18:11,3,37.6,0.0,49.2,72.0,3585.5,3586.1,0.0,-1.3,0.0,32.6,372.59,199.4,58.7,62.2,52.7
2022-03-08 00:00:00,17:19:11,3,37.4,0.0,49.2,72.0,3585.5,3585.61,0.0,-1.3,0.0,32.6,372.59,199.4,58.6,62.4,52.7
2022-03-08 00:00:00,17:20:11,3,37.4,0.0,49.2,72.0,3585.5,3586.03,0.0,-1.2,0.0,32.6,372.59,199.4,58.5,62.3,52.7
2022-03-08 00:00:00,17:21:11,3,37.1,0.0,49.2,72.0,3585.5,3585.57,0.0,-1.3,0.0,32.6,372.59,199.4,58.5,62.2,52.7
2022-03-08 00:00:00,17:22:11,3,37.2,0.0,49.2,72.0,3585.5,3585.32,0.0,-1.3,0.0,32.6,372.59,199.4,58.5,62.1,52.6
2022-03-08 00:00:00,17:23:11,3,36.9,0.0,49.2,72.0,3585.5,3585.89,0.0,-1.3,0.0,32.6,372.59,199.4,58.4,62.1,52.7
2022-03-08 00:00:00,17:24:11,3,37.1,0.0,49.2,72.0,3585.5,3585.15,0.0,-1.3,0.0,32.6,372.59,199.4,58.3,62.1,52.8
2022-03-08 00:00:00,17:25:11,3,37.2,0.0,49.2,72.0,3585.5,3585.89,0.0,-1.3,0.0,32.6,372.59,199.4,58.4,62.0,52.8
2022-03-08 00:00:00,17:26:11,3,37.3,0.0,49.2,72.0,3585.5,3586.0,0.0,-1.3,0.0,32.6,372.6,199.4,58.6,62.2,52.9
2022-03-08 00:00:00,17:27:11,3,37.7,0.0,49.2,72.0,3585.5,3585.4,0.0,-1.3,0.0,32.6,372.59,199.4,58.7,62.2,52.8
2022-03-08 00:00:00,17:28:11,3,38.0,0.0,49.2,72.0,3585.5,3585.78,0.0,-1.3,0.0,32.6,372.59,199.4,58.8,62.2,52.9
2022-03-08 00:00:00,17:29:11,3,38.1,0.0,49.2,72.0,3585.5,3585.22,0.0,-1.3,0.0,32.6,372.59,199.4,58.7,62.1,52.7
2022-03-08 00:00:00,17:30:11,3,38.2,0.0,49.2,72.0,3585.5,3585.86,0.0,-1.3,0.0,32.6,372.6,199.4,58.8,62.2,52.6
2022-03-08 00:00:00,17:31:11,3,38.2,0.0,49.2,72.0,3585.5,3585.78,0.0,-1.3,0.0,32.6,372.59,199.4,59.0,62.0,52.6
2022-03-08 00:00:00,17:32:11,3,38.2,0.0,49.2,72.0,3585.5,3585.61,0.0,-1.2,0.0,32.6,372.59,199.4,59.0,62.1,52.5
2022-03-08 00:00:00,17:33:11,3,38.3,0.0,49.2,72.0,3585.5,3585.78,0.0,-1.3,0.0,32.6,372.59,199.4,59.0,62.3,52.6
2022-03-08 00:00:00,17:34:11,3,38.4,0.0,49.2,72.0,3585.5,3585.04,0.0,-1.3,0.0,32.6,372.59,199.4,59.0,62.4,52.5
2022-03-08 00:00:00,17:35:11,3,38.5,0.0,49.2,72.0,3585.5,3585.78,0.0,-1.3,0.0,32.6,372.59,199.4,59.0,62.4,52.6
2022-03-08 00:00:00,17:36:11,3,38.5,0.0,49.2,72.0,3585.5,3585.43,0.0,-1.3,0.0,32.6,372.59,199.4,59.1,62.5,52.4
2022-03-08 00:00:00,17:37:11,3,38.6,0.0,49.2,72.0,3585.5,3585.68,0.0,-1.3,0.0,32.6,372.59,199.4,59.2,62.5,52.6
2022-03-08 00:00:00,17:38:11,3,38.7,0.0,49.2,72.0,3585.5,3585.64,0.0,-1.3,0.0,32.6,372.58,199.4,59.3,62.4,52.5
2022-03-08 00:00:00,17:39:11,3,38.6,0.0,49.2,72.0,3585.5,3585.29,0.0,-1.3,0.0,32.6,372.57,199.4,59.1,62.6,52.6
2022-03-08 00:00:00,17:40:11,3,38.6,0.0,49.2,72.0,3585.5,3585.86,0.0,-1.3,0.0,32.6,372.58,199.4,59.3,62.6,52.5
2022-03-08 00:00:00,17:41:11,3,38.6,0.0,49.2,72.0,3585.5,3585.22,0.0,-1.3,0.0,32.6,372.57,199.4,59.2,62.5,52.5
2022-03-08 00:00:00,17:42:11,3,38.4,0.0,49.2,72.0,3585.5,3585.93,0.0,-1.3,0.0,32.6,372.57,199.4,59.1,62.5,52.5
2022-03-08 00:00:00,17:43:11,3,38.3,0.0,49.2,72.0,3585.5,3585.68,0.0,-1.3,0.0,32.6,372.56,199.4,59.0,62.4,52.5
2022-03-08 00:00:00,17:44:11,3,38.2,0.0,49.2,72.0,3585.5,3585.4,0.0,-1.3,0.0,32.6,372.58,199.4,58.8,62.5,52.5
2022-03-08 00:00:00,17:45:11,3,38.0,0.0,49.2,72.0,3585.5,3585.78,0.0,-1.3,0.0,32.6,372.58,199.4,58.8,62.5,52.7
2022-03-08 00:00:00,17:46:11,3,37.8,0.0,49.2,72.0,3585.5,3585.04,0.0,-1.3,0.0,32.6,372.58,199.4,58.7,62.5,52.7
2022-03-08 00:00:00,17:47:11,3,37.7,0.0,49.2,72.0,3585.5,3585.71,0.0,-1.2,0.0,32.6,372.58,199.4,58.7,62.4,52.7
2022-03-08 00:00:00,17:48:11,3,37.5,0.0,49.2,72.0,3585.5,3585.5,0.0,-1.3,0.0,32.6,372.58,199.4,58.6,62.4,52.7
2022-03-08 00:00:00,17:49:11,3,37.3,0.0,49.2,72.0,3585.5,3585.89,0.0,-1.3,0.0,32.6,372.58,199.4,58.6,62.3,52.7
2022-03-08 00:00:00,17:50:11,3,37.2,0.0,49.2,72.0,3585.5,3585.61,0.0,-1.3,0.0,32.6,372.58,199.4,58.6,62.2,52.8
2022-03-08 00:00:00,17:51:11,3,37.2,0.0,49.2,72.0,3585.5,3585.11,0.0,-1.3,0.0,32.6,372.58,199.4,58.5,62.1,52.7
2022-03-08 00:00:00,17:52:11,3,36.8,0.0,49.2,72.0,3585.5,3586.14,0.0,-1.3,0.0,32.6,372.58,199.4,58.4,62.1,52.7
2022-03-08 00:00:00,17:53:11,3,36.9,0.0,49.2,72.0,3585.5,3584.94,0.0,-1.3,0.0,32.6,372.59,199.4,58.5,62.0,52.7
2022-03-08 00:00:00,17:54:11,3,37.0,0.0,49.2,72.0,3585.5,3586.07,0.0,-1.3,0.0,32.6,372.59,199.4,58.5,62.0,52.6
2022-03-08 00:00:00,17:55:11,3,37.2,0.0,49.2,72.0,3585.5,3585.96,0.0,-1.3,0.0,32.6,372.59,199.4,58.6,62.3,53.0
2022-03-08 00:00:00,17:56:11,3,37.5,0.0,49.2,72.0,3585.5,3585.36,0.0,-1.3,0.0,32.6,372.59,199.4,58.7,62.1,52.9
2022-03-08 00:00:00,17:57:11,3,37.9,0.0,49.2,72.0,3585.5,3585.57,0.0,-1.3,0.0,32.6,372.59,199.4,58.9,62.3,52.9
2022-03-08 00:00:00,17:58:11,3,38.1,0.0,49.2,72.0,3585.5,3585.22,0.0,-1.3,0.0,32.6,372.59,199.4,58.8,62.1,52.6
2022-03-08 00:00:00,17:59:11,3,38.2,0.0,49.2,72.0,3585.5,3585.54,0.0,-1.3,0.0,32.6,372.59,199.4,58.9,62.1,52.7
2022-03-08 00:00:00,18:00:11,3,38.2,0.0,49.2,72.0,3585.5,3585.15,0.0,-1.3,0.0,32.6,372.59,199.4,58.8,62.2,52.8
2022-03-08 00:00:00,18:01:11,3,38.2,0.0,49.2,72.0,3585.5,3585.93,0.0,-1.3,0.0,32.6,372.58,199.4,59.0,62.3,52.5
2022-03-08 00:00:00,18:02:11,3,38.3,0.0,49.2,72.0,3585.5,3585.75,0.0,-1.3,0.0,32.6,372.59,199.4,59.0,62.3,52.5
2022-03-08 00:00:00,18:03:11,3,38.4,0.0,49.2,72.0,3585.5,3584.83,0.0,-1.3,0.0,32.6,372.58,199.4,59.0,62.3,52.5
2022-03-08 00:00:00,18:04:11,3,38.4,0.0,49.2,72.0,3585.5,3585.78,0.0,-1.3,0.0,32.6,372.58,199.4,59.1,62.4,52.5
2022-03-08 00:00:00,18:05:11,3,38.5,0.0,49.2,72.0,3585.5,3585.04,0.0,-1.3,0.0,32.6,372.58,199.4,59.1,62.4,52.5
2022-03-08 00:00:00,18:06:11,3,38.6,0.0,49.2,72.0,3585.5,3585.54,0.0,-1.3,0.0,32.6,372.58,199.4,59.1,62.5,52.5
2022-03-08 00:00:00,18:07:11,3,38.7,0.0,49.2,72.0,3585.5,3585.71,0.0,-1.3,0.0,32.6,372.59,199.4,59.2,62.6,52.5
2022-03-08 00:00:00,18:08:11,3,38.7,0.0,49.2,72.0,3585.5,3585.86,0.0,-1.3,0.0,32.6,372.58,199.4,59.2,62.6,52.6
2022-03-08 00:00:00,18:09:11,3,38.6,0.0,49.2,72.0,3585.5,3585.32,0.0,-1.3,0.0,32.6,372.57,199.4,59.2,62.7,52.6
2022-03-08 00:00:00,18:10:11,3,38.6,0.0,49.2,72.0,3585.5,3585.11,0.0,-1.2,0.0,32.6,372.58,199.4,59.3,62.6,52.5
2022-03-08 00:00:00,18:11:11,3,38.5,0.0,49.2,72.0,3585.5,3585.96,0.0,-1.3,0.0,32.6,372.57,199.4,59.2,62.5,52.5
2022-03-08 00:00:00,18:12:11,3,38.4,0.0,49.2,72.0,3585.5,3585.01,0.0,-1.3,0.0,32.6,372.57,199.4,58.9,62.7,52.4
2022-03-08 00:00:00,18:13:11,3,38.2,0.0,49.2,72.0,3585.5,3585.86,0.0,-1.3,0.0,32.6,372.57,199.4,58.9,62.5,52.5
2022-03-08 00:00:00,18:14:11,3,38.0,0.0,49.2,72.0,3585.5,3585.86,0.0,-1.3,0.0,32.6,372.56,199.4,58.9,62.4,52.6
2022-03-08 00:00:00,18:15:11,3,37.9,0.0,49.2,72.0,3585.5,3585.5,0.0,-1.3,0.0,32.6,372.58,199.4,58.8,62.5,52.6
2022-03-08 00:00:00,18:16:11,3,37.8,0.0,49.2,72.0,3585.5,3585.54,0.0,-1.3,0.0,32.6,372.57,199.4,58.8,62.4,52.6
2022-03-08 00:00:00,18:17:11,3,37.4,0.0,49.2,72.0,3585.5,3585.15,0.0,-1.2,0.0,32.6,372.56,199.4,58.7,62.4,52.7
2022-03-08 00:00:00,18:18:11,3,37.4,0.0,49.2,72.0,3585.5,3585.86,0.0,-1.3,0.0,32.6,372.56,199.4,58.6,62.3,52.8
2022-03-08 00:00:00,18:19:11,3,37.3,0.0,49.2,72.0,3585.5,3585.01,0.0,-1.3,0.0,32.6,372.56,199.4,58.6,62.4,52.9
2022-03-08 00:00:00,18:20:11,3,37.2,0.0,49.2,72.0,3585.5,3586.1,0.0,-1.3,0.0,32.6,372.57,199.4,58.5,62.4,52.8
2022-03-08 00:00:00,18:21:11,3,37.1,0.0,49.2,72.0,3585.5,3585.78,0.0,-1.3,0.0,32.6,372.57,199.4,58.6,62.1,52.8
2022-03-08 00:00:00,18:22:11,3,36.9,0.0,49.2,72.0,3585.5,3585.32,0.0,-1.3,0.0,32.6,372.56,199.4,58.5,62.1,52.7
2022-03-08 00:00:00,18:23:11,3,36.9,0.0,49.2,72.0,3585.5,3586.07,0.0,-1.3,0.0,32.6,372.57,199.4,58.4,62.1,52.7
2022-03-08 00:00:00,18:24:11,3,37.2,0.0,49.2,72.0,3585.5,3585.15,0.0,-1.3,0.0,32.6,372.57,199.4,58.5,62.1,53.0
2022-03-08 00:00:00,18:25:11,3,37.4,0.0,49.2,72.0,3585.5,3585.78,0.0,-1.3,0.0,32.6,372.57,199.4,58.7,62.4,52.9
2022-03-08 00:00:00,18:26:11,3,37.8,0.0,49.2,72.0,3585.5,3585.01,0.0,-1.3,0.0,32.6,372.57,199.4,58.8,62.3,52.9
2022-03-08 00:00:00,18:27:11,3,38.0,0.0,49.2,72.0,3585.5,3585.96,0.0,-1.3,0.0,32.6,372.58,199.4,58.9,62.2,52.8
2022-03-08 00:00:00,18:28:11,3,38.1,0.0,49.2,72.0,3585.5,3585.47,0.0,-1.3,0.0,32.6,372.58,199.4,58.9,62.2,52.8
2022-03-08 00:00:00,18:29:11,3,38.2,0.0,49.2,72.0,3585.5,3585.64,0.0,-1.2,0.0,32.6,372.58,199.4,58.8,62.3,52.7
2022-03-08 00:00:00,18:30:11,3,38.2,0.0,49.2,72.0,3585.5,3585.82,0.0,-1.2,0.0,32.6,372.58,199.4,59.0,62.3,52.7
2022-03-08 00:00:00,18:31:11,3,38.2,0.0,49.2,72.0,3585.5,3585.04,0.0,-1.3,0.0,32.6,372.59,199.4,59.0,62.4,52.5
2022-03-08 00:00:00,18:32:11,3,38.4,0.0,49.2,72.0,3585.5,3585.61,0.0,-1.3,0.0,32.6,372.57,199.4,59.0,62.3,52.6
2022-03-08 00:00:00,18:33:11,3,38.5,0.0,49.2,72.0,3585.5,3585.29,0.0,-1.3,0.0,32.6,372.58,199.4,59.1,62.3,52.5
2022-03-08 00:00:00,18:34:11,3,38.6,0.0,49.2,72.0,3585.5,3585.86,0.0,-1.3,0.0,32.6,372.56,199.4,59.1,62.5,52.5
2022-03-08 00:00:00,18:35:11,3,38.6,0.0,49.2,72.0,3585.5,3585.54,0.0,-1.3,0.0,32.6,372.57,199.4,59.2,62.4,52.6
2022-03-08 00:00:00,18:36:11,3,38.6,0.0,49.2,72.0,3585.5,3585.68,0.0,-1.3,0.0,32.6,372.56,199.4,59.1,62.6,52.5
2022-03-08 00:00:00,18:37:11,3,38.7,0.0,49.2,72.0,3585.5,3585.89,0.0,-1.3,0.0,32.6,372.56,199.4,59.3,62.6,52.5
2022-03-08 00:00:00,18:38:11,3,38.6,0.0,49.2,72.0,3585.5,3585.15,0.0,-1.3,0.0,32.6,372.56,199.4,59.3,62.6,52.6
2022-03-08 00:00:00,18:39:11,3,38.6,0.0,49.2,72.0,3585.5,3585.78,0.0,-1.3,0.0,32.6,372.56,199.4,59.3,62.6,52.5
2022-03-08 00:00:00,18:40:11,3,38.5,0.0,49.2,72.0,3585.5,3585.32,0.0,-1.3,0.0,32.6,372.56,199.4,59.1,62.7,52.4
2022-03-08 00:00:00,18:41:11,3,38.4,0.0,49.2,72.0,3585.5,3585.78,0.0,-1.3,0.0,32.6,372.56,199.4,58.9,62.6,52.5
2022-03-08 00:00:00,18:42:11,3,38.2,0.0,49.2,72.0,3585.5,3585.29,0.0,-1.3,0.0,32.6,372.55,199.4,59.0,62.5,52.6
2022-03-08 00:00:00,18:43:11,3,38.0,0.0,49.2,72.0,3585.5,3586.03,0.0,-1.3,0.0,32.6,372.56,199.4,58.8,62.4,52.6
2022-03-08 00:00:00,18:44:11,3,37.8,0.0,49.2,72.0,3585.5,3586.0,0.0,-1.3,0.0,32.6,372.56,199.4,58.8,62.5,52.7
2022-03-08 00:00:00,18:45:11,3,37.6,0.0,49.2,72.0,3585.5,3585.08,0.0,-1.3,0.0,32.6,372.56,199.4,58.8,62.4,52.6
2022-03-08 00:00:00,18:46:11,3,37.3,0.0,49.2,72.0,3585.5,3585.57,0.0,-1.3,0.0,32.6,372.56,199.4,58.7,62.3,52.7
2022-03-08 00:00:00,18:47:11,3,37.4,0.0,49.2,72.0,3585.5,3585.11,0.0,-1.3,0.0,32.6,372.56,199.4,58.6,62.3,52.5
2022-03-08 00:00:00,18:48:11,3,37.3,0.0,49.2,72.0,3585.5,3585.57,0.0,-1.3,0.0,32.6,372.56,199.4,58.7,62.3,52.6
2022-03-08 00:00:00,18:49:11,3,37.1,0.0,49.2,72.0,3585.5,3585.11,0.0,-1.3,0.0,32.6,372.56,199.4,58.5,62.2,52.8
2022-03-08 00:00:00,18:50:11,3,37.0,0.0,49.2,72.0,3585.5,3586.0,0.0,-1.3,0.0,32.6,372.56,199.4,58.5,62.1,52.8
2022-03-08 00:00:00,18:51:11,3,37.1,0.0,49.2,72.0,3585.5,3585.5,0.0,-1.3,0.0,32.6,372.56,199.4,58.4,62.3,52.7
2022-03-08 00:00:00,18:52:11,3,37.1,0.0,49.2,72.0,3585.5,3585.4,0.0,-1.3,0.0,32.6,372.56,199.4,58.5,62.1,52.8
2022-03-08 00:00:00,18:53:11,3,37.3,0.0,49.2,72.0,3585.5,3586.24,0.0,-1.3,0.0,32.6,372.56,199.4,58.6,62.3,53.0
2022-03-08 00:00:00,18:54:11,3,37.6,0.0,49.2,72.0,3585.5,3584.86,0.0,-1.3,0.0,32.6,372.56,199.4,58.7,62.3,52.9
2022-03-08 00:00:00,18:55:11,3,37.9,0.0,49.2,72.0,3585.5,3585.57,0.0,-1.3,0.0,32.6,372.56,199.4,58.7,62.3,52.9
2022-03-08 00:00:00,18:56:11,3,38.1,0.0,49.2,72.0,3585.5,3585.25,0.0,-1.3,0.0,32.6,372.56,199.4,58.9,62.2,52.8
2022-03-08 00:00:00,18:57:11,3,38.2,0.0,49.2,72.0,3585.5,3585.93,0.0,-1.3,0.0,32.6,372.56,199.4,58.9,62.4,52.7
2022-03-08 00:00:00,18:58:11,3,38.2,0.0,49.2,72.0,3585.5,3585.43,0.0,-1.3,0.0,32.6,372.57,199.4,58.9,62.3,52.8
2022-03-08 00:00:00,18:59:11,3,38.3,0.0,49.2,72.0,3585.5,3586.03,0.0,-1.3,0.0,32.6,372.56,199.4,59.0,62.4,52.5
2022-03-08 00:00:00,19:00:11,3,38.3,0.0,49.2,72.0,3585.5,3586.17,0.0,-1.3,0.0,32.6,372.56,199.4,59.0,62.5,52.6
2022-03-08 00:00:00,19:01:11,3,38.4,0.0,49.2,72.0,3585.5,3584.94,0.0,-1.3,0.0,32.6,372.57,199.4,59.0,62.4,52.6
2022-03-08 00:00:00,19:02:11,3,38.5,0.0,49.2,72.0,3585.5,3585.78,0.0,-1.3,0.0,32.6,372.56,199.4,59.1,62.4,52.5
2022-03-08 00:00:00,19:03:11,3,38.6,0.0,49.2,72.0,3585.5,3585.4,0.0,-1.3,0.0,32.6,372.56,199.4,59.2,62.4,52.5
2022-03-08 00:00:00,19:04:11,3,38.6,0.0,49.2,72.0,3585.5,3585.71,0.0,-1.3,0.0,32.6,372.56,199.4,59.1,62.7,52.6
2022-03-08 00:00:00,19:05:11,3,38.7,0.0,49.2,72.0,3585.5,3585.11,0.0,-1.3,0.0,32.6,372.56,199.4,59.2,62.5,52.5
2022-03-08 00:00:00,19:06:11,3,38.8,0.0,49.2,72.0,3585.5,3586.32,0.0,-1.3,0.0,32.6,372.56,199.4,59.2,62.7,52.5
2022-03-08 00:00:00,19:07:11,3,38.7,0.0,49.2,72.0,3585.5,3585.47,0.0,-1.3,0.0,32.6,372.56,199.4,59.4,62.6,52.7
2022-03-08 00:00:00,19:08:11,3,38.7,0.0,49.2,72.0,3585.5,3585.82,0.0,-1.3,0.0,32.6,372.56,199.4,59.4,62.6,52.6
2022-03-08 00:00:00,19:09:11,3,38.7,0.0,49.2,72.0,3585.5,3586.28,0.0,-1.3,0.0,32.6,372.56,199.4,59.2,62.7,52.5
2022-03-08 00:00:00,19:10:11,3,38.4,0.0,49.2,72.0,3585.5,3585.15,0.0,-1.3,0.0,32.6,372.56,199.4,59.0,62.7,52.6
2022-03-08 00:00:00,19:11:11,3,38.3,0.0,49.2,72.0,3585.5,3586.0,0.0,-1.3,0.0,32.6,372.56,199.4,59.0,62.6,52.7
2022-03-08 00:00:00,19:12:11,3,38.1,0.0,49.2,72.0,3585.5,3585.15,0.0,-1.3,0.0,32.6,372.56,199.4,58.8,62.6,52.7
2022-03-08 00:00:00,19:13:11,3,38.0,0.0,49.2,72.0,3585.5,3585.93,0.0,-1.3,0.0,32.6,372.56,199.4,59.0,62.5,52.6
2022-03-08 00:00:00,19:14:11,3,37.7,0.0,49.2,72.0,3585.5,3584.86,0.0,-1.3,0.0,32.6,372.56,199.4,58.9,62.5,52.7
2022-03-08 00:00:00,19:15:11,3,37.5,0.0,49.2,72.0,3585.5,3586.14,0.0,-1.3,0.0,32.6,372.55,199.4,58.8,62.6,52.8
2022-03-08 00:00:00,19:16:11,3,37.5,0.0,49.2,72.0,3585.5,3585.64,0.0,-1.3,0.0,32.6,372.55,199.4,58.8,62.4,52.8
2022-03-08 00:00:00,19:17:11,3,37.4,0.0,49.2,72.0,3585.5,3585.78,0.0,-1.3,0.0,32.6,372.55,199.4,58.6,62.4,52.7
2022-03-08 00:00:00,19:18:11,3,37.2,0.0,49.2,72.0,3585.5,3586.07,0.0,-1.3,0.0,32.6,372.56,199.4,58.7,62.2,52.8
2022-03-08 00:00:00,19:19:11,3,37.0,0.0,49.2,72.0,3585.5,3585.71,0.0,-1.3,0.0,32.6,372.55,199.4,58.6,62.3,52.8
2022-03-08 00:00:00,19:20:11,3,37.1,0.0,49.2,72.0,3585.5,3585.64,0.0,-1.3,0.0,32.6,372.54,199.4,58.6,62.1,52.7
2022-03-08 00:00:00,19:21:11,3,37.0,0.0,49.2,72.0,3585.5,3584.97,0.0,-1.3,0.0,32.6,372.56,199.4,58.5,62.2,52.7
2022-03-08 00:00:00,19:22:11,3,37.1,0.0,49.2,72.0,3585.5,3586.21,0.0,-1.3,0.0,32.6,372.56,199.4,58.5,62.2,53.0
2022-03-08 00:00:00,19:23:11,3,37.3,0.0,49.2,72.0,3585.5,3585.25,0.0,-1.3,0.0,32.6,372.56,199.4,58.7,62.3,52.9
2022-03-08 00:00:00,19:24:11,3,37.5,0.0,49.2,72.0,3585.5,3585.82,0.0,-1.3,0.0,32.6,372.56,199.4,58.8,62.2,53.0
2022-03-08 00:00:00,19:25:11,3,37.9,0.0,49.2,72.0,3585.5,3585.68,0.0,-1.3,0.0,32.6,372.56,199.4,58.8,62.3,52.9
2022-03-08 00:00:00,19:26:11,3,38.1,0.0,49.2,72.0,3585.5,3586.14,0.0,-1.3,0.0,32.6,372.56,199.4,58.9,62.4,52.9
2022-03-08 00:00:00,19:27:11,3,38.2,0.0,49.2,72.0,3585.5,3586.0,0.0,-1.3,0.0,32.6,372.56,199.4,58.9,62.4,52.7
2022-03-08 00:00:00,19:28:11,3,38.3,0.0,49.2,72.0,3585.5,3585.78,0.0,-1.3,0.0,32.6,372.56,199.4,58.9,62.3,52.8
2022-03-08 00:00:00,19:29:11,3,38.2,0.0,49.2,72.0,3585.5,3585.78,0.0,-1.3,0.0,32.6,372.55,199.4,58.9,62.5,52.7
2022-03-08 00:00:00,19:30:11,3,38.3,0.0,49.2,72.0,3585.5,3585.04,0.0,-1.3,0.0,32.6,372.56,199.4,59.0,62.4,52.6
2022-03-08 00:00:00,19:31:11,3,38.4,0.0,49.2,72.0,3585.5,3586.03,0.0,-1.3,0.0,32.6,372.57,199.4,59.1,62.5,52.7
2022-03-08 00:00:00,19:32:11,3,38.5,0.0,49.2,72.0,3585.5,3585.11,0.0,-1.3,0.0,32.6,372.55,199.4,59.1,62.5,52.5
2022-03-08 00:00:00,19:33:11,3,38.5,0.0,49.2,72.0,3585.5,3585.93,0.0,-1.3,0.0,32.6,372.56,199.4,59.1,62.5,52.6
2022-03-08 00:00:00,19:34:11,3,38.6,0.0,49.2,72.0,3585.5,3585.18,0.0,-1.3,0.0,32.6,372.55,199.4,59.1,62.6,52.6
2022-03-08 00:00:00,19:35:11,3,38.7,0.0,49.2,72.0,3585.5,3585.86,0.0,-1.3,0.0,32.6,372.55,199.4,59.2,62.6,52.5
2022-03-08 00:00:00,19:36:11,3,38.8,0.0,49.2,72.0,3585.5,3585.82,0.0,-1.3,0.0,32.6,372.56,199.4,59.3,62.6,52.6
2022-03-08 00:00:00,19:37:11,3,38.8,0.0,49.2,72.0,3585.5,3585.75,0.0,-1.3,0.0,32.6,372.56,199.4,59.3,62.7,52.7
2022-03-08 00:00:00,19:38:11,3,38.8,0.0,49.2,72.0,3585.5,3585.89,0.0,-1.3,0.0,32.6,372.56,199.4,59.3,62.8,52.7
2022-03-08 00:00:00,19:39:11,3,38.7,0.0,49.2,72.0,3585.5,3585.4,0.0,-1.3,0.0,32.6,372.56,199.4,59.2,62.7,52.6
2022-03-08 00:00:00,19:40:11,3,38.6,0.0,49.2,72.0,3585.5,3585.68,0.0,-1.3,0.0,32.6,372.55,199.4,59.3,62.7,52.5
2022-03-08 00:00:00,19:41:11,3,38.4,0.0,49.2,72.0,3585.5,3585.11,0.0,-1.3,0.0,32.6,372.54,199.4,59.0,62.7,52.6
2022-03-08 00:00:00,19:42:11,3,38.3,0.0,49.2,72.0,3585.5,3586.03,0.0,-1.3,0.0,32.6,372.54,199.4,58.9,62.7,52.7
2022-03-08 00:00:00,19:43:11,3,38.1,0.0,49.2,72.0,3585.5,3584.9,0.0,-1.3,0.0,32.6,372.55,199.4,59.0,62.5,52.6
2022-03-08 00:00:00,19:44:11,3,37.9,0.0,49.2,72.0,3585.5,3585.78,0.0,-1.3,0.0,32.6,372.53,199.4,58.9,62.6,52.7
2022-03-08 00:00:00,19:45:11,3,37.7,0.0,49.2,72.0,3585.5,3585.5,0.0,-1.3,0.0,32.6,372.54,199.4,58.9,62.4,52.8
2022-03-08 00:00:00,19:46:11,3,37.6,0.0,49.2,72.0,3585.5,3586.0,0.0,-1.3,0.0,32.6,372.54,199.4,58.7,62.5,52.8
2022-03-08 00:00:00,19:47:11,3,37.5,0.0,49.2,72.0,3585.5,3585.4,0.0,-1.3,0.0,32.6,372.55,199.4,58.7,62.5,52.8
2022-03-08 00:00:00,19:48:11,3,37.3,0.0,49.2,72.0,3585.5,3586.14,0.0,-1.3,0.0,32.6,372.54,199.4,58.7,62.5,52.8
2022-03-08 00:00:00,19:49:11,3,37.3,0.0,49.2,72.0,3585.5,3586.03,0.0,-1.3,0.0,32.6,372.54,199.4,58.7,62.3,52.9
2022-03-08 00:00:00,19:50:11,3,37.2,0.0,49.2,72.0,3585.5,3585.29,0.0,-1.3,0.0,32.6,372.55,199.4,58.5,62.4,52.7
2022-03-08 00:00:00,19:51:11,3,37.0,0.0,49.2,72.0,3585.5,3585.89,0.0,-1.3,0.0,32.6,372.54,199.4,58.5,62.2,52.8
2022-03-08 00:00:00,19:52:11,3,37.1,0.0,49.2,72.0,3585.5,3585.22,0.0,-1.3,0.0,32.6,372.55,199.4,58.4,62.3,52.9
2022-03-08 00:00:00,19:53:11,3,36.9,0.0,49.2,72.0,3585.5,3585.5,0.0,-1.3,0.0,32.6,372.55,199.4,58.6,62.1,52.9
2022-03-08 00:00:00,19:54:11,3,37.1,0.0,49.2,72.0,3585.5,3585.11,0.0,-1.3,0.0,32.6,372.54,199.4,58.6,62.4,53.1
2022-03-08 00:00:00,19:55:11,3,37.4,0.0,49.2,72.0,3585.5,3586.32,0.0,-1.3,0.0,32.6,372.54,199.4,58.7,62.3,52.9
2022-03-08 00:00:00,19:56:11,3,37.9,0.0,49.2,72.0,3585.5,3584.9,0.0,-1.3,0.0,32.6,372.56,199.4,58.9,62.2,53.0
2022-03-08 00:00:00,19:57:11,3,38.1,0.0,49.2,72.0,3585.5,3585.68,0.0,-1.3,0.0,32.6,372.55,199.4,58.9,62.2,52.8
2022-03-08 00:00:00,19:58:11,3,38.1,0.0,49.2,72.0,3585.5,3585.61,0.0,-1.3,0.0,32.6,372.54,199.4,58.9,62.3,52.8
2022-03-08 00:00:00,19:59:11,3,38.2,0.0,49.2,72.0,3585.5,3585.86,0.0,-1.3,0.0,32.6,372.55,199.4,59.0,62.3,52.6
2022-03-08 00:00:00,20:00:11,3,38.2,0.0,49.2,72.0,3585.5,3585.86,0.0,-1.3,0.0,32.6,372.54,199.4,59.0,62.4,52.7
2022-03-08 00:00:00,20:01:11,3,38.4,0.0,49.2,72.0,3585.5,3585.4,0.0,-1.3,0.0,32.6,372.55,199.4,59.0,62.4,52.6
2022-03-08 00:00:00,20:02:11,3,38.4,0.0,49.2,72.0,3585.5,3585.93,0.0,-1.3,0.0,32.6,372.54,199.4,59.0,62.5,52.7
2022-03-08 00:00:00,20:03:11,3,38.5,0.0,49.2,72.0,3585.5,3584.9,0.0,-1.3,0.0,32.6,372.54,199.4,59.1,62.5,52.5
2022-03-08 00:00:00,20:04:11,3,38.5,0.0,49.2,72.0,3585.5,3586.03,0.0,-1.3,0.0,32.6,372.55,199.4,59.1,62.5,52.6
2022-03-08 00:00:00,20:05:11,3,38.6,0.0,49.2,72.0,3585.5,3585.29,0.0,-1.3,0.0,32.6,372.52,199.4,59.1,62.6,52.6
2022-03-08 00:00:00,20:06:11,3,38.6,0.0,49.2,72.0,3585.5,3585.57,0.0,-1.3,0.0,32.6,372.54,199.4,59.2,62.7,52.6
2022-03-08 00:00:00,20:07:11,3,38.7,0.0,49.2,72.0,3585.5,3585.08,0.0,-1.3,0.0,32.6,372.53,199.4,59.3,62.7,52.6
2022-03-08 00:00:00,20:08:11,3,38.8,0.0,49.2,72.0,3585.5,3585.86,0.0,-1.3,0.0,32.6,372.55,199.4,59.3,62.6,52.7
2022-03-08 00:00:00,20:09:11,3,38.8,0.0,49.2,72.0,3585.5,3585.11,0.0,-1.3,0.0,32.6,372.54,199.4,59.3,62.7,52.7
2022-03-08 00:00:00,20:10:11,3,38.7,0.0,49.2,72.0,3585.5,3585.75,0.0,-1.3,0.0,32.6,372.53,199.4,59.3,62.7,52.7
2022-03-08 00:00:00,20:11:11,3,38.6,0.0,49.2,72.0,3585.5,3585.82,0.0,-1.3,0.0,32.6,372.53,199.4,59.2,62.7,52.7
2022-03-08 00:00:00,20:12:11,3,38.5,0.0,49.2,72.0,3585.5,3585.75,0.0,-1.3,0.0,32.6,372.53,199.4,59.1,62.7,52.6
2022-03-08 00:00:00,20:13:11,3,38.3,0.0,49.2,72.0,3585.5,3585.93,0.0,-1.3,0.0,32.6,372.54,199.4,59.1,62.6,52.6
2022-03-08 00:00:00,20:14:11,3,38.1,0.0,49.2,72.0,3585.5,3585.61,0.0,-1.3,0.0,32.6,372.53,199.4,59.1,62.6,52.6
2022-03-08 00:00:00,20:15:11,3,37.9,0.0,49.2,72.0,3585.5,3585.93,0.0,-1.3,0.0,32.6,372.52,199.4,58.9,62.6,52.7
2022-03-08 00:00:00,20:16:11,3,37.8,0.0,49.2,72.0,3585.5,3584.9,0.0,-1.3,0.0,32.6,372.54,199.4,58.8,62.5,52.7
2022-03-08 00:00:00,20:17:11,3,37.6,0.0,49.2,72.0,3585.5,3585.86,0.0,-1.3,0.0,32.6,372.52,199.4,58.9,62.5,52.9
2022-03-08 00:00:00,20:18:11,3,37.4,0.0,49.2,72.0,3585.5,3585.11,0.0,-1.3,0.0,32.6,372.53,199.4,58.7,62.5,52.9
2022-03-08 00:00:00,20:19:11,3,37.4,0.0,49.2,72.0,3585.5,3585.78,0.0,-1.3,0.0,32.6,372.53,199.4,58.7,62.3,52.7
2022-03-08 00:00:00,20:20:11,3,37.1,0.0,49.2,72.0,3585.5,3584.86,0.0,-1.3,0.0,32.6,372.52,199.4,58.7,62.3,52.8
2022-03-08 00:00:00,20:21:11,3,37.1,0.0,49.2,72.0,3585.5,3585.86,0.0,-1.3,0.0,32.6,372.52,199.4,58.6,62.3,52.9
2022-03-08 00:00:00,20:22:11,3,37.1,0.0,49.2,72.0,3585.5,3585.15,0.0,-1.3,0.0,32.6,372.54,199.4,58.5,62.2,52.9
2022-03-08 00:00:00,20:23:11,3,37.1,0.0,49.2,72.0,3585.5,3585.78,0.0,-1.3,0.0,32.6,372.54,199.4,58.5,62.3,52.8
2022-03-08 00:00:00,20:24:11,3,37.1,0.0,49.2,72.0,3585.5,3585.43,0.0,-1.3,0.0,32.6,372.54,199.4,58.6,62.3,53.0
2022-03-08 00:00:00,20:25:11,3,37.3,0.0,49.2,72.0,3585.5,3585.89,0.0,-1.3,0.0,32.6,372.53,199.4,58.6,62.4,52.9
2022-03-08 00:00:00,20:26:11,3,37.7,0.0,49.2,72.0,3585.5,3585.47,0.0,-1.3,0.0,32.6,372.53,199.4,58.8,62.5,53.0
2022-03-08 00:00:00,20:27:11,3,38.0,0.0,49.2,72.0,3585.5,3585.68,0.0,-1.3,0.0,32.6,372.53,199.4,58.9,62.3,52.9
2022-03-08 00:00:00,20:28:11,3,38.1,0.0,49.2,72.0,3585.5,3585.86,0.0,-1.3,0.0,32.6,372.52,199.4,58.8,62.5,53.0
2022-03-08 00:00:00,20:29:11,3,38.2,0.0,49.2,72.0,3585.5,3585.32,0.0,-1.3,0.0,32.6,372.54,199.4,58.9,62.5,52.8
2022-03-08 00:00:00,20:30:11,3,38.2,0.0,49.2,72.0,3585.5,3585.82,0.0,-1.3,0.0,32.6,372.54,199.4,59.1,62.4,52.7
2022-03-08 00:00:00,20:31:11,3,38.3,0.0,49.2,72.0,3585.5,3585.25,0.0,-1.3,0.0,32.6,372.53,199.4,59.1,62.4,52.7
2022-03-08 00:00:00,20:32:11,3,38.4,0.0,49.2,72.0,3585.5,3585.54,0.0,-1.3,0.0,32.6,372.52,199.4,59.1,62.4,52.6
2022-03-08 00:00:00,20:33:11,3,38.5,0.0,49.2,72.0,3585.5,3584.83,0.0,-1.3,0.0,32.6,372.52,199.4,59.1,62.5,52.6
2022-03-08 00:00:00,20:34:11,3,38.5,0.0,49.2,72.0,3585.5,3585.86,0.0,-1.3,0.0,32.6,372.53,199.4,59.1,62.6,52.6
2022-03-08 00:00:00,20:35:11,3,38.7,0.0,49.2,72.0,3585.5,3584.79,0.0,-1.3,0.0,32.6,372.53,199.4,59.1,62.6,52.7
2022-03-08 00:00:00,20:36:11,3,38.7,0.0,49.2,72.0,3585.5,3585.71,0.0,-1.3,0.0,32.6,372.52,199.4,59.2,62.6,52.5
2022-03-08 00:00:00,20:37:11,3,38.7,0.0,49.2,72.0,3585.5,3585.18,0.0,-1.3,0.0,32.6,372.52,199.4,59.3,62.8,52.7
2022-03-08 00:00:00,20:38:11,3,38.8,0.0,49.2,72.0,3585.5,3585.64,0.0,-1.3,0.0,32.6,372.52,199.4,59.4,62.7,52.6
2022-03-08 00:00:00,20:39:11,3,38.7,0.0,49.2,72.0,3585.5,3585.11,0.0,-1.3,0.0,32.6,372.52,199.4,59.3,62.8,52.8
2022-03-08 00:00:00,20:40:11,3,38.7,0.0,49.2,72.0,3585.5,3585.93,0.0,-1.3,0.0,32.6,372.53,199.4,59.4,62.8,52.6
2022-03-08 00:00:00,20:41:11,3,38.6,0.0,49.2,72.0,3585.5,3585.57,0.0,-1.3,0.0,32.6,372.52,199.4,59.2,62.7,52.6
2022-03-08 00:00:00,20:42:11,3,38.5,0.0,49.2,72.0,3585.5,3585.75,0.0,-1.3,0.0,32.6,372.52,199.4,59.0,62.7,52.7
2022-03-08 00:00:00,20:43:11,3,38.4,0.0,49.2,72.0,3585.5,3585.61,0.0,-1.3,0.0,32.6,372.52,199.4,59.0,62.7,52.6
2022-03-08 00:00:00,20:44:11,3,38.1,0.0,49.2,72.0,3585.5,3585.82,0.0,-1.3,0.0,32.6,372.52,199.4,58.9,62.7,52.7
2022-03-08 00:00:00,20:45:11,3,38.0,0.0,49.2,72.0,3585.5,3585.5,0.0,-1.3,0.0,32.6,372.52,199.4,58.9,62.6,52.7
2022-03-08 00:00:00,20:46:11,3,37.7,0.0,49.2,72.0,3585.5,3585.54,0.0,-1.3,0.0,32.6,372.52,199.4,58.9,62.5,52.8
2022-03-08 00:00:00,20:47:11,3,37.7,0.0,49.2,72.0,3585.5,3585.89,0.0,-1.3,0.0,32.6,372.52,199.4,58.8,62.5,52.8
2022-03-08 00:00:00,20:48:11,3,37.6,0.0,49.2,72.0,3585.5,3584.97,0.0,-1.3,0.0,32.6,372.52,199.4,58.8,62.6,52.9
2022-03-08 00:00:00,20:49:11,3,37.4,0.0,49.2,72.0,3585.5,3585.54,0.0,-1.2,0.0,32.6,372.53,199.4,58.6,62.6,52.9
2022-03-08 00:00:00,20:50:11,3,37.3,0.0,49.2,72.0,3585.5,3585.29,0.0,-1.3,0.0,32.6,372.53,199.4,58.6,62.4,52.9
2022-03-08 00:00:00,20:51:11,3,37.2,0.0,49.2,72.0,3585.5,3585.61,0.0,-1.2,0.0,32.6,372.52,199.4,58.6,62.4,52.9
2022-03-08 00:00:00,20:52:11,3,37.1,0.0,49.2,72.0,3585.5,3584.76,0.0,-1.2,0.0,32.6,372.52,199.4,58.5,62.4,52.9
2022-03-08 00:00:00,20:53:11,3,37.1,0.0,49.2,72.0,3585.5,3585.93,0.0,-1.3,0.0,32.6,372.52,199.4,58.5,62.2,53.0
2022-03-08 00:00:00,20:54:11,3,37.3,0.0,49.2,72.0,3585.5,3585.04,0.0,-1.3,0.0,32.6,372.53,199.4,58.7,62.3,53.1
2022-03-08 00:00:00,20:55:11,3,37.5,0.0,49.2,72.0,3585.5,3585.54,0.0,-1.2,0.0,32.6,372.52,199.4,58.7,62.5,53.0
2022-03-08 00:00:00,20:56:11,3,37.9,0.0,49.2,72.0,3585.5,3585.15,0.0,-1.3,0.0,32.6,372.52,199.4,58.8,62.4,53.1
2022-03-08 00:00:00,20:57:11,3,38.1,0.0,49.2,72.0,3585.5,3585.82,0.0,-1.3,0.0,32.6,372.52,199.4,58.9,62.4,53.0
2022-03-08 00:00:00,20:58:11,3,38.2,0.0,49.2,72.0,3585.5,3585.15,0.0,-1.3,0.0,32.6,372.52,199.4,58.9,62.3,52.8
2022-03-08 00:00:00,20:59:11,3,38.2,0.0,49.2,72.0,3585.5,3585.82,0.0,-1.3,0.0,32.6,372.53,199.4,58.9,62.5,52.8
2022-03-08 00:00:00,21:00:11,3,38.3,0.0,49.2,72.0,3585.5,3585.36,0.0,-1.3,0.0,32.6,372.52,199.4,59.1,62.4,52.8
2022-03-08 00:00:00,21:01:11,3,38.3,0.0,49.2,72.0,3585.5,3585.86,0.0,-1.3,0.0,32.6,372.52,199.4,59.0,62.7,52.8
2022-03-08 00:00:00,21:02:11,3,38.4,0.0,49.2,72.0,3585.5,3585.54,0.0,-1.3,0.0,32.6,372.53,199.4,59.1,62.5,52.7
2022-03-08 00:00:00,21:03:11,3,38.5,0.0,49.2,72.0,3585.5,3585.96,0.0,-1.3,0.0,32.6,372.52,199.4,59.1,62.5,52.6
2022-03-08 00:00:00,21:04:11,3,38.6,0.0,49.2,72.0,3585.5,3585.78,0.0,-1.3,0.0,32.6,372.52,199.4,59.2,62.6,52.7
2022-03-08 00:00:00,21:05:11,3,38.7,0.0,49.2,72.0,3585.5,3585.68,0.0,-1.3,0.0,32.6,372.52,199.4,59.3,62.6,52.7
2022-03-08 00:00:00,21:06:11,3,38.7,0.0,49.2,72.0,3585.5,3586.1,0.0,-1.3,0.0,32.6,372.52,199.4,59.3,62.8,52.6
2022-03-08 00:00:00,21:07:11,3,38.8,0.0,49.2,72.0,3585.5,3585.36,0.0,-1.3,0.0,32.6,372.52,199.4,59.3,62.8,52.8
2022-03-08 00:00:00,21:08:11,3,38.7,0.0,49.2,72.0,3585.5,3585.86,0.0,-1.3,0.0,32.6,372.52,199.4,59.3,62.8,52.9
2022-03-08 00:00:00,21:09:11,3,38.7,0.0,49.2,72.0,3585.5,3585.25,0.0,-1.3,0.0,32.6,372.52,199.4,59.4,62.7,52.6
2022-03-08 00:00:00,21:10:11,3,38.6,0.0,49.2,72.0,3585.5,3585.86,0.0,-1.3,0.0,32.6,372.52,199.4,59.3,62.7,52.6
2022-03-08 00:00:00,21:11:11,3,38.4,0.0,49.2,72.0,3585.5,3584.94,0.0,-1.3,0.0,32.6,372.52,199.4,59.1,62.7,52.7
2022-03-08 00:00:00,21:12:11,3,38.2,0.0,49.2,72.0,3585.5,3585.71,0.0,-1.3,0.0,32.6,372.52,199.4,59.0,62.7,52.7
2022-03-08 00:00:00,21:13:11,3,38.1,0.0,49.2,72.0,3585.5,3585.22,0.0,-1.3,0.0,32.6,372.52,199.4,58.9,62.9,52.8
2022-03-08 00:00:00,21:14:11,3,37.9,0.0,49.2,72.0,3585.5,3585.78,0.0,-1.3,0.0,32.6,372.52,199.4,58.8,62.8,52.9
2022-03-08 00:00:00,21:15:11,3,37.7,0.0,49.2,72.0,3585.5,3584.97,0.0,-1.3,0.0,32.6,372.51,199.4,58.8,62.7,52.8
2022-03-08 00:00:00,21:16:11,3,37.7,0.0,49.2,72.0,3585.5,3585.89,0.0,-1.2,0.0,32.6,372.52,199.4,58.7,62.6,52.9
2022-03-08 00:00:00,21:17:11,3,37.5,0.0,49.2,72.0,3585.5,3585.18,0.0,-1.3,0.0,32.6,372.52,199.4,58.7,62.5,52.9
2022-03-08 00:00:00,21:18:11,3,37.4,0.0,49.2,72.0,3585.5,3585.78,0.0,-1.3,0.0,32.6,372.52,199.4,58.7,62.3,52.7
2022-03-08 00:00:00,21:19:11,3,37.2,0.0,49.2,72.0,3585.5,3585.18,0.0,-1.3,0.0,32.6,372.51,199.4,58.6,62.5,52.8
2022-03-08 00:00:00,21:20:11,3,37.1,0.0,49.2,72.0,3585.5,3586.17,0.0,-1.3,0.0,32.6,372.52,199.4,58.6,62.3,52.8
2022-03-08 00:00:00,21:21:11,3,37.1,0.0,49.2,72.0,3585.5,3584.94,0.0,-1.3,0.0,32.6,372.52,199.4,58.6,62.3,52.9
2022-03-08 00:00:00,21:22:11,3,36.8,0.0,49.2,72.0,3585.5,3585.96,0.0,-1.3,0.0,32.6,372.53,199.4,58.5,62.3,52.9
2022-03-08 00:00:00,21:23:11,3,37.1,0.0,49.2,72.0,3585.5,3585.4,0.0,-1.3,0.0,32.6,372.52,199.4,58.7,62.4,52.9
2022-03-08 00:00:00,21:24:11,3,37.5,0.0,49.2,72.0,3585.5,3585.68,0.0,-1.3,0.0,32.6,372.52,199.4,58.8,62.4,53.0
2022-03-08 00:00:00,21:25:11,3,37.8,0.0,49.2,72.0,3585.5,3585.36,0.0,-1.2,0.0,32.6,372.52,199.4,58.8,62.5,53.0
2022-03-08 00:00:00,21:26:11,3,38.1,0.0,49.2,72.0,3585.5,3586.21,0.0,-1.3,0.0,32.6,372.52,199.4,58.9,62.4,52.9
2022-03-08 00:00:00,21:27:11,3,38.1,0.0,49.2,72.0,3585.5,3585.32,0.0,-1.3,0.0,32.6,372.52,199.4,59.0,62.3,52.8
2022-03-08 00:00:00,21:28:11,3,38.2,0.0,49.2,72.0,3585.5,3585.68,0.0,-1.3,0.0,32.6,372.51,199.4,59.0,62.3,52.8
2022-03-08 00:00:00,21:29:11,3,38.3,0.0,49.2,72.0,3585.5,3585.71,0.0,-1.3,0.0,32.6,372.52,199.4,59.0,62.3,52.7
2022-03-08 00:00:00,21:30:11,3,38.3,0.0,49.2,72.0,3585.5,3585.93,0.0,-1.3,0.0,32.6,372.52,199.4,59.0,62.5,52.6
2022-03-08 00:00:00,21:31:11,3,38.3,0.0,49.2,72.0,3585.5,3585.47,0.0,-1.3,0.0,32.6,372.51,199.4,58.9,62.7,52.6
2022-03-08 00:00:00,21:32:11,3,38.5,0.0,49.2,72.0,3585.5,3586.24,0.0,-1.3,0.0,32.6,372.52,199.4,59.2,62.5,52.6
2022-03-08 00:00:00,21:33:11,3,38.6,0.0,49.2,72.0,3585.5,3586.03,0.0,-1.3,0.0,32.6,372.52,199.4,59.1,62.6,52.6
2022-03-08 00:00:00,21:34:11,3,38.6,0.0,49.2,72.0,3585.5,3585.61,0.0,-1.3,0.0,32.6,372.52,199.4,59.2,62.7,52.7
2022-03-08 00:00:00,21:35:11,3,38.7,0.0,49.2,72.0,3585.5,3585.93,0.0,-1.3,0.0,32.6,372.52,199.4,59.2,62.8,52.6
2022-03-08 00:00:00,21:36:11,3,38.7,0.0,49.2,72.0,3585.5,3585.71,0.0,-1.3,0.0,32.6,372.5,199.4,59.2,62.8,52.7
2022-03-08 00:00:00,21:37:11,3,38.7,0.0,49.2,72.0,3585.5,3585.64,0.0,-1.3,0.0,32.6,372.52,199.4,59.3,62.7,52.6
2022-03-08 00:00:00,21:38:11,3,38.7,0.0,49.2,72.0,3585.5,3585.22,0.0,-1.3,0.0,32.6,372.51,199.4,59.3,62.8,52.7
2022-03-08 00:00:00,21:39:11,3,38.7,0.0,49.2,72.0,3585.5,3586.1,0.0,-1.3,0.0,32.6,372.51,199.4,59.3,62.8,52.7
2022-03-08 00:00:00,21:40:11,3,38.6,0.0,49.2,72.0,3585.5,3584.94,0.0,-1.3,0.0,32.6,372.51,199.4,59.1,62.8,52.7
2022-03-08 00:00:00,21:41:11,3,38.4,0.0,49.2,72.0,3585.5,3585.5,0.0,-1.3,0.0,32.6,372.51,199.4,59.1,62.8,52.6
2022-03-08 00:00:00,21:42:11,3,38.3,0.0,49.2,72.0,3585.5,3585.43,0.0,-1.3,0.0,32.6,372.5,199.4,59.0,62.7,52.8
2022-03-08 00:00:00,21:43:11,3,38.1,0.0,49.2,72.0,3585.5,3585.57,0.0,-1.3,0.0,32.6,372.51,199.4,59.0,62.6,52.8
2022-03-08 00:00:00,21:44:11,3,37.9,0.0,49.2,72.0,3585.5,3585.15,0.0,-1.3,0.0,32.6,372.51,199.4,58.9,62.6,52.8
2022-03-08 00:00:00,21:45:11,3,37.7,0.0,49.2,72.0,3585.5,3585.86,0.0,-1.3,0.0,32.6,372.51,199.4,58.9,62.7,52.9
2022-03-08 00:00:00,21:46:11,3,37.6,0.0,49.2,72.0,3585.5,3585.11,0.0,-1.2,0.0,32.6,372.5,199.4,58.8,62.5,52.8
2022-03-08 00:00:00,21:47:11,3,37.4,0.0,49.2,72.0,3585.5,3585.5,0.0,-1.3,0.0,32.6,372.51,199.4,58.7,62.5,52.9
2022-03-08 00:00:00,21:48:11,3,37.3,0.0,49.2,72.0,3585.5,3585.15,0.0,-1.2,0.0,32.6,372.51,199.4,58.7,62.5,52.9
2022-03-08 00:00:00,21:49:11,3,37.2,0.0,49.2,72.0,3585.5,3585.86,0.0,-1.3,0.0,32.6,372.51,199.4,58.6,62.5,52.8
2022-03-08 00:00:00,21:50:11,3,37.3,0.0,49.2,72.0,3585.5,3584.97,0.0,-1.3,0.0,32.6,372.51,199.4,58.4,62.6,52.8
2022-03-08 00:00:00,21:51:11,3,37.0,0.0,49.2,72.0,3585.5,3585.93,0.0,-1.3,0.0,32.6,372.51,199.4,58.6,62.2,52.7
2022-03-08 00:00:00,21:52:11,3,36.9,0.0,49.2,72.0,3585.5,3585.22,0.0,-1.3,0.0,32.6,372.51,199.4,58.4,62.4,53.0
2022-03-08 00:00:00,21:53:11,3,37.0,0.0,49.2,72.0,3585.5,3585.68,0.0,-1.3,0.0,32.6,372.52,199.4,58.6,62.3,53.0
2022-03-08 00:00:00,21:54:11,3,37.4,0.0,49.2,72.0,3585.5,3585.08,0.0,-1.2,0.0,32.6,372.52,199.4,58.7,62.4,53.1
2022-03-08 00:00:00,21:55:11,3,37.8,0.0,49.2,72.0,3585.5,3586.28,0.0,-1.2,0.0,32.6,372.51,199.4,58.9,62.3,52.9
2022-03-08 00:00:00,21:56:11,3,38.0,0.0,49.2,72.0,3585.5,3584.97,0.0,-1.3,0.0,32.6,372.52,199.4,58.9,62.4,53.1
2022-03-08 00:00:00,21:57:11,3,38.2,0.0,49.2,72.0,3585.5,3585.89,0.0,-1.3,0.0,32.6,372.51,199.4,58.9,62.4,52.8
2022-03-08 00:00:00,21:58:11,3,38.2,0.0,49.2,72.0,3585.5,3585.47,0.0,-1.3,0.0,32.6,372.52,199.4,58.9,62.5,52.8
2022-03-08 00:00:00,21:59:11,3,38.3,0.0,49.2,72.0,3585.5,3585.78,0.0,-1.3,0.0,32.6,372.51,199.4,59.0,62.5,52.7
2022-03-08 00:00:00,22:00:11,3,38.3,0.0,49.2,72.0,3585.5,3585.08,0.0,-1.3,0.0,32.6,372.52,199.4,59.0,62.4,52.7
2022-03-08 00:00:00,22:01:11,3,38.4,0.0,49.2,72.0,3585.5,3585.96,0.0,-1.3,0.0,32.6,372.51,199.4,59.1,62.5,52.5
2022-03-08 00:00:00,22:02:11,3,38.4,0.0,49.2,72.0,3585.5,3585.18,0.0,-1.3,0.0,32.6,372.51,199.4,59.2,62.4,52.7
2022-03-08 00:00:00,22:03:11,3,38.5,0.0,49.2,72.0,3585.5,3585.89,0.0,-1.3,0.0,32.6,372.51,199.4,59.2,62.6,52.7
2022-03-08 00:00:00,22:04:11,3,38.6,0.0,49.2,72.0,3585.5,3585.32,0.0,-1.3,0.0,32.6,372.51,199.4,59.2,62.5,52.5
2022-03-08 00:00:00,22:05:11,3,38.6,0.0,49.2,72.0,3585.5,3586.07,0.0,-1.3,0.0,32.6,372.51,199.4,59.2,62.7,52.6
2022-03-08 00:00:00,22:06:11,3,38.7,0.0,49.2,72.0,3585.5,3585.43,0.0,-1.2,0.0,32.6,372.51,199.4,59.3,62.8,52.6
2022-03-08 00:00:00,22:07:11,3,38.7,0.0,49.2,72.0,3585.5,3585.86,0.0,-1.3,0.0,32.6,372.51,199.4,59.3,62.8,52.7
2022-03-08 00:00:00,22:08:11,3,38.8,0.0,49.2,72.0,3585.5,3585.5,0.0,-1.3,0.0,32.6,372.51,199.4,59.3,62.9,52.7
2022-03-08 00:00:00,22:09:11,3,38.7,0.0,49.2,72.0,3585.5,3585.86,0.0,-1.3,0.0,32.6,372.51,199.4,59.3,62.9,52.7
2022-03-08 00:00:00,22:10:11,3,38.6,0.0,49.2,72.0,3585.5,3585.01,0.0,-1.3,0.0,32.6,372.51,199.4,59.4,62.7,52.7
2022-03-08 00:00:00,22:11:11,3,38.4,0.0,49.2,72.0,3585.5,3586.03,0.0,-1.3,0.0,32.6,372.5,199.4,59.1,62.8,52.6
2022-03-08 00:00:00,22:12:11,3,38.3,0.0,49.2,72.0,3585.5,3585.57,0.0,-1.3,0.0,32.6,372.5,199.4,59.1,62.7,52.7
2022-03-08 00:00:00,22:13:11,3,38.1,0.0,49.2,72.0,3585.5,3585.75,0.0,-1.3,0.0,32.6,372.51,199.4,59.1,62.7,52.7
2022-03-08 00:00:00,22:14:11,3,38.0,0.0,49.2,72.0,3585.5,3585.29,0.0,-1.3,0.0,32.6,372.5,199.4,59.0,62.7,52.7
2022-03-08 00:00:00,22:15:11,3,37.8,0.0,49.2,72.0,3585.5,3586.1,0.0,-1.3,0.0,32.6,372.5,199.4,58.8,62.7,52.8
2022-03-08 00:00:00,22:16:11,3,37.7,0.0,49.2,72.0,3585.5,3584.83,0.0,-1.3,0.0,32.6,372.5,199.4,58.8,62.7,52.8
2022-03-08 00:00:00,22:17:11,3,37.5,0.0,49.2,72.0,3585.5,3586.03,0.0,-1.3,0.0,32.6,372.5,199.4,58.7,62.7,52.8
2022-03-08 00:00:00,22:18:11,3,37.5,0.0,49.2,72.0,3585.5,3585.43,0.0,-1.3,0.0,32.6,372.5,199.4,58.7,62.5,52.9
2022-03-08 00:00:00,22:19:11,3,37.3,0.0,49.2,72.0,3585.5,3585.78,0.0,-1.2,0.0,32.6,372.5,199.4,58.7,62.4,52.9
2022-03-08 00:00:00,22:20:11,3,37.2,0.0,49.2,72.0,3585.5,3585.04,0.0,-1.3,0.0,32.6,372.51,199.4,58.6,62.4,52.9
2022-03-08 00:00:00,22:21:11,3,37.1,0.0,49.2,72.0,3585.5,3586.07,0.0,-1.3,0.0,32.6,372.5,199.4,58.5,62.5,52.9
2022-03-08 00:00:00,22:22:11,3,36.9,0.0,49.2,72.0,3585.5,3585.29,0.0,-1.3,0.0,32.6,372.51,199.4,58.6,62.3,52.9
2022-03-08 00:00:00,22:23:11,3,37.1,0.0,49.2,72.0,3585.5,3585.75,0.0,-1.3,0.0,32.6,372.51,199.4,58.6,62.3,53.1
2022-03-08 00:00:00,22:24:11,3,37.4,0.0,49.2,72.0,3585.5,3585.71,0.0,-1.2,0.0,32.6,372.5,199.4,58.7,62.5,53.0
2022-03-08 00:00:00,22:25:11,3,37.7,0.0,49.2,72.0,3585.5,3585.93,0.0,-1.2,0.0,32.6,372.51,199.4,58.8,62.4,52.8
2022-03-08 00:00:00,22:26:11,3,38.0,0.0,49.2,72.0,3585.5,3585.04,0.0,-1.3,0.0,32.6,372.51,199.4,58.8,62.6,53.1
2022-03-08 00:00:00,22:27:11,3,38.2,0.0,49.2,72.0,3585.5,3586.1,0.0,-1.2,0.0,32.6,372.51,199.4,58.9,62.4,52.9
2022-03-08 00:00:00,22:28:11,3,38.2,0.0,49.2,72.0,3585.5,3585.47,0.0,-1.3,0.0,32.6,372.52,199.4,59.0,62.4,52.8
2022-03-08 00:00:00,22:29:11,3,38.2,0.0,49.2,72.0,3585.5,3585.86,0.0,-1.3,0.0,32.6,372.5,199.4,59.0,62.5,52.7
2022-03-08 00:00:00,22:30:11,3,38.2,0.0,49.2,72.0,3585.5,3585.29,0.0,-1.3,0.0,32.6,372.51,199.4,59.1,62.5,52.7
2022-03-08 00:00:00,22:31:11,3,38.4,0.0,49.2,72.0,3585.5,3586.07,0.0,-1.3,0.0,32.6,372.5,199.4,59.1,62.6,52.7
2022-03-08 00:00:00,22:32:11,3,38.5,0.0,49.2,72.0,3585.5,3585.29,0.0,-1.3,0.0,32.6,372.51,199.4,59.2,62.7,52.6
2022-03-08 00:00:00,22:33:11,3,38.6,0.0,49.2,72.0,3585.5,3586.03,0.0,-1.3,0.0,32.6,372.51,199.4,59.2,62.6,52.6
2022-03-08 00:00:00,22:34:11,3,38.7,0.0,49.2,72.0,3585.5,3585.57,0.0,-1.3,0.0,32.6,372.5,199.4,59.2,62.7,52.6
2022-03-08 00:00:00,22:35:11,3,38.7,0.0,49.2,72.0,3585.5,3585.61,0.0,-1.3,0.0,32.6,372.49,199.4,59.3,62.7,52.6
2022-03-08 00:00:00,22:36:11,3,38.7,0.0,49.2,72.0,3585.5,3585.22,0.0,-1.3,0.0,32.6,372.49,199.4,59.2,62.8,52.6
2022-03-08 00:00:00,22:37:11,3,38.8,0.0,49.2,72.0,3585.5,3585.89,0.0,-1.3,0.0,32.6,372.5,199.4,59.4,62.7,52.7
2022-03-08 00:00:00,22:38:11,3,38.8,0.0,49.2,72.0,3585.5,3585.64,0.0,-1.3,0.0,32.6,372.5,199.4,59.4,62.8,52.7
2022-03-08 00:00:00,22:39:11,3,38.7,0.0,49.2,72.0,3585.5,3585.82,0.0,-1.3,0.0,32.6,372.49,199.4,59.3,62.8,52.7
2022-03-08 00:00:00,22:40:11,3,38.6,0.0,49.2,72.0,3585.5,3585.5,0.0,-1.3,0.0,32.6,372.49,199.4,59.3,62.8,52.6
2022-03-08 00:00:00,22:41:11,3,38.4,0.0,49.2,72.0,3585.5,3586.07,0.0,-1.3,0.0,32.6,372.49,199.4,59.2,62.8,52.6
2022-03-08 00:00:00,22:42:11,3,38.3,0.0,49.2,72.0,3585.5,3585.11,0.0,-1.3,0.0,32.6,372.49,199.4,59.1,62.8,52.6
2022-03-08 00:00:00,22:43:11,3,38.1,0.0,49.2,72.0,3585.5,3585.93,0.0,-1.3,0.0,32.6,372.5,199.4,59.0,62.8,52.7
2022-03-08 00:00:00,22:44:11,3,38.0,0.0,49.2,72.0,3585.5,3585.29,0.0,-1.3,0.0,32.6,372.49,199.4,58.9,62.7,52.8
2022-03-08 00:00:00,22:45:11,3,37.8,0.0,49.2,72.0,3585.5,3585.93,0.0,-1.3,0.0,32.6,372.5,199.4,58.8,62.7,52.9
2022-03-08 00:00:00,22:46:11,3,37.7,0.0,49.2,72.0,3585.5,3585.22,0.0,-1.2,0.0,32.6,372.49,199.4,58.7,62.7,52.9
2022-03-08 00:00:00,22:47:11,3,37.5,0.0,49.2,72.0,3585.5,3586.07,0.0,-1.2,0.0,32.6,372.5,199.4,58.7,62.6,52.7
2022-03-08 00:00:00,22:48:11,3,37.4,0.0,49.2,72.0,3585.5,3585.25,0.0,-1.2,0.0,32.6,372.49,199.4,58.7,62.6,52.9
2022-03-08 00:00:00,22:49:11,3,37.2,0.0,49.2,72.0,3585.5,3585.71,0.0,-1.3,0.0,32.6,372.49,199.4,58.6,62.5,52.9
2022-03-08 00:00:00,22:50:11,3,37.1,0.0,49.2,72.0,3585.5,3585.29,0.0,-1.3,0.0,32.6,372.49,199.4,58.7,62.3,52.9
2022-03-08 00:00:00,22:51:11,3,37.1,0.0,49.2,72.0,3585.5,3585.68,0.0,-1.3,0.0,32.6,372.5,199.4,58.7,62.4,52.9
2022-03-08 00:00:00,22:52:11,3,37.0,0.0,49.2,72.0,3585.5,3585.18,0.0,-1.3,0.0,32.6,372.49,199.4,58.4,62.4,52.9
2022-03-08 00:00:00,22:53:11,3,37.1,0.0,49.2,72.0,3585.5,3585.93,0.0,-1.3,0.0,32.6,372.5,199.4,58.6,62.4,52.9
2022-03-08 00:00:00,22:54:11,3,37.1,0.0,49.2,72.0,3585.5,3585.08,0.0,-1.3,0.0,32.6,372.49,199.4,58.7,62.3,53.1
2022-03-08 00:00:00,22:55:11,3,37.5,0.0,49.2,72.0,3585.5,3585.75,0.0,-1.3,0.0,32.6,372.5,199.4,58.7,62.5,53.0
2022-03-08 00:00:00,22:56:11,3,37.9,0.0,49.2,72.0,3585.5,3584.79,0.0,-1.2,0.0,32.6,372.49,199.4,58.9,62.4,53.1
2022-03-08 00:00:00,22:57:11,3,38.1,0.0,49.2,72.0,3585.5,3585.86,0.0,-1.3,0.0,32.6,372.49,199.4,58.8,62.5,52.9
2022-03-08 00:00:00,22:58:11,3,38.2,0.0,49.2,72.0,3585.5,3585.11,0.0,-1.3,0.0,32.6,372.49,199.4,58.9,62.6,52.8
2022-03-08 00:00:00,22:59:11,3,38.2,0.0,49.2,72.0,3585.5,3585.68,0.0,-1.3,0.0,32.6,372.5,199.4,59.0,62.5,52.8
2022-03-08 00:00:00,23:00:11,3,38.3,0.0,49.2,72.0,3585.5,3585.18,0.0,-1.3,0.0,32.6,372.49,199.4,59.0,62.5,52.7
2022-03-08 00:00:00,23:01:11,3,38.3,0.0,49.2,72.0,3585.5,3585.86,0.0,-1.3,0.0,32.6,372.49,199.4,59.0,62.6,52.7
2022-03-08 00:00:00,23:02:11,3,38.4,0.0,49.2,72.0,3585.5,3584.83,0.0,-1.3,0.0,32.6,372.49,199.4,59.1,62.4,52.7
2022-03-08 00:00:00,23:03:11,3,38.5,0.0,49.2,72.0,3585.5,3585.78,0.0,-1.3,0.0,32.6,372.48,199.4,59.2,62.5,52.6
2022-03-08 00:00:00,23:04:11,3,38.6,0.0,49.2,72.0,3585.5,3585.08,0.0,-1.3,0.0,32.6,372.49,199.4,59.1,62.7,52.6
2022-03-08 00:00:00,23:05:11,3,38.6,0.0,49.2,72.0,3585.5,3585.47,0.0,-1.3,0.0,32.6,372.49,199.4,59.1,62.8,52.6
2022-03-08 00:00:00,23:06:11,3,38.6,0.0,49.2,72.0,3585.5,3585.15,0.0,-1.3,0.0,32.6,372.5,199.4,59.2,62.7,52.6
2022-03-08 00:00:00,23:07:11,3,38.7,0.0,49.2,72.0,3585.5,3585.89,0.0,-1.3,0.0,32.6,372.49,199.4,59.3,62.7,52.6
2022-03-08 00:00:00,23:08:11,3,38.7,0.0,49.2,72.0,3585.5,3584.65,0.0,-1.3,0.0,32.6,372.49,199.4,59.4,62.8,52.7
2022-03-08 00:00:00,23:09:11,3,38.8,0.0,49.2,72.0,3585.5,3585.71,0.0,-1.3,0.0,32.6,372.49,199.4,59.3,62.8,52.7
2022-03-08 00:00:00,23:10:11,3,38.7,0.0,49.2,72.0,3585.5,3585.25,0.0,-1.3,0.0,32.6,372.49,199.4,59.4,62.8,52.6
2022-03-08 00:00:00,23:11:11,3,38.7,0.0,49.2,72.0,3585.5,3585.47,0.0,-1.3,0.0,32.6,372.49,199.4,59.3,62.9,52.6
2022-03-08 00:00:00,23:12:11,3,38.5,0.0,49.2,72.0,3585.5,3584.94,0.0,-1.3,0.0,32.6,372.49,199.4,59.3,62.8,52.7
2022-03-08 00:00:00,23:13:11,3,38.4,0.0,49.2,72.0,3585.5,3585.82,0.0,-1.3,0.0,32.6,372.49,199.4,59.1,62.8,52.8
2022-03-08 00:00:00,23:14:11,3,38.3,0.0,49.2,72.0,3585.5,3585.11,0.0,-1.3,0.0,32.6,372.48,199.4,59.0,62.8,52.7
2022-03-08 00:00:00,23:15:11,3,38.1,0.0,49.2,72.0,3585.5,3585.61,0.0,-1.3,0.0,32.6,372.49,199.4,58.9,62.8,52.7
2022-03-08 00:00:00,23:16:11,3,37.7,0.0,49.2,72.0,3585.5,3585.68,0.0,-1.3,0.0,32.6,372.49,199.4,58.9,62.6,52.8
2022-03-08 00:00:00,23:17:11,3,37.7,0.0,49.2,72.0,3585.5,3586.14,0.0,-1.3,0.0,32.6,372.49,199.4,58.9,62.6,52.9
2022-03-08 00:00:00,23:18:11,3,37.6,0.0,49.2,72.0,3585.5,3585.36,0.0,-1.2,0.0,32.6,372.48,199.4,58.7,62.8,53.0
2022-03-08 00:00:00,23:19:11,3,37.5,0.0,49.2,72.0,3585.5,3585.82,0.0,-1.3,0.0,32.6,372.49,199.4,58.8,62.4,52.9
2022-03-08 00:00:00,23:20:11,3,37.2,0.0,49.2,72.0,3585.5,3585.86,0.0,-1.3,0.0,32.6,372.49,199.4,58.7,62.4,52.9
2022-03-08 00:00:00,23:21:11,3,37.3,0.0,49.2,72.0,3585.5,3585.4,0.0,-1.3,0.0,32.6,372.48,199.4,58.6,62.4,52.9
2022-03-08 00:00:00,23:22:11,3,37.1,0.0,49.2,72.0,3585.5,3585.86,0.0,-1.3,0.0,32.6,372.49,199.4,58.6,62.3,52.9
2022-03-08 00:00:00,23:23:11,3,37.0,0.0,49.2,72.0,3585.5,3585.64,0.0,-1.3,0.0,32.6,372.48,199.4,58.5,62.4,52.9
2022-03-08 00:00:00,23:24:11,3,37.2,0.0,49.2,72.0,3585.5,3585.61,0.0,-1.3,0.0,32.6,372.49,199.4,58.5,62.5,53.0
2022-03-08 00:00:00,23:25:11,3,37.2,0.0,49.2,72.0,3585.5,3585.25,0.0,-1.3,0.0,32.6,372.49,199.4,58.7,62.2,53.0
2022-03-08 00:00:00,23:26:11,3,37.4,0.0,49.2,72.0,3585.5,3585.89,0.0,-1.3,0.0,32.6,372.49,199.4,58.7,62.5,53.0
2022-03-08 00:00:00,23:27:11,3,37.8,0.0,49.2,72.0,3585.5,3585.25,0.0,-1.3,0.0,32.6,372.48,199.4,58.8,62.6,52.9
2022-03-08 00:00:00,23:28:11,3,38.1,0.0,49.2,72.0,3585.5,3585.5,0.0,-1.3,0.0,32.6,372.49,199.4,58.9,62.4,52.9
2022-03-08 00:00:00,23:29:11,3,38.2,0.0,49.2,72.0,3585.5,3585.5,0.0,-1.3,0.0,32.6,372.49,199.4,58.9,62.5,52.8
2022-03-08 00:00:00,23:30:11,3,38.3,0.0,49.2,72.0,3585.5,3585.93,0.0,-1.3,0.0,32.6,372.49,199.4,59.1,62.4,52.7
2022-03-08 00:00:00,23:31:11,3,38.3,0.0,49.2,72.0,3585.5,3585.01,0.0,-1.3,0.0,32.6,372.49,199.4,58.9,62.6,52.7
2022-03-08 00:00:00,23:32:11,3,38.3,0.0,49.2,72.0,3585.5,3585.82,0.0,-1.3,0.0,32.6,372.48,199.4,59.1,62.5,52.7
2022-03-08 00:00:00,23:33:11,3,38.4,0.0,49.2,72.0,3585.5,3585.22,0.0,-1.3,0.0,32.6,372.49,199.4,59.1,62.5,52.6
2022-03-08 00:00:00,23:34:11,3,38.5,0.0,49.2,72.0,3585.5,3585.93,0.0,-1.3,0.0,32.6,372.49,199.4,59.1,62.5,52.7
2022-03-08 00:00:00,23:35:11,3,38.6,0.0,49.2,72.0,3585.5,3585.18,0.0,-1.3,0.0,32.6,372.48,199.4,59.2,62.7,52.7
2022-03-08 00:00:00,23:36:11,3,38.6,0.0,49.2,72.0,3585.5,3586.14,0.0,-1.3,0.0,32.6,372.48,199.4,59.2,62.7,52.6
2022-03-08 00:00:00,23:37:11,3,38.6,0.0,49.2,72.0,3585.5,3584.86,0.0,-1.3,0.0,32.6,372.49,199.4,59.2,62.8,52.6
2022-03-08 00:00:00,23:38:11,3,38.7,0.0,49.2,72.0,3585.5,3585.82,0.0,-1.3,0.0,32.6,372.48,199.4,59.2,62.8,52.7
2022-03-08 00:00:00,23:39:11,3,38.7,0.0,49.2,72.0,3585.5,3585.32,0.0,-1.3,0.0,32.6,372.48,199.4,59.3,62.8,52.7
2022-03-08 00:00:00,23:40:11,3,38.7,0.0,49.2,72.0,3585.5,3585.78,0.0,-1.3,0.0,32.6,372.48,199.4,59.3,62.9,52.8
2022-03-08 00:00:00,23:41:11,3,38.7,0.0,49.2,72.0,3585.5,3584.76,0.0,-1.3,0.0,32.6,372.48,199.4,59.4,62.9,52.7
2022-03-08 00:00:00,23:42:11,3,38.7,0.0,49.2,72.0,3585.5,3585.96,0.0,-1.3,0.0,32.6,372.47,199.4,59.3,62.9,52.7
2022-03-08 00:00:00,23:43:11,3,38.6,0.0,49.2,72.0,3585.5,3585.01,0.0,-1.3,0.0,32.6,372.48,199.4,59.2,62.8,52.7
2022-03-08 00:00:00,23:44:11,3,38.5,0.0,49.2,72.0,3585.5,3585.71,0.0,-1.3,0.0,32.6,372.48,199.4,59.2,62.7,52.6
2022-03-08 00:00:00,23:45:11,3,38.3,0.0,49.2,72.0,3585.5,3585.57,0.0,-1.3,0.0,32.6,372.47,199.4,59.0,62.8,52.7
2022-03-08 00:00:00,23:46:11,3,38.1,0.0,49.2,72.0,3585.5,3586.1,0.0,-1.3,0.0,32.6,372.48,199.4,59.0,62.7,52.8
2022-03-08 00:00:00,23:47:11,3,37.9,0.0,49.2,72.0,3585.5,3585.5,0.0,-1.3,0.0,32.6,372.49,199.4,58.9,62.7,52.8
2022-03-08 00:00:00,23:48:11,3,37.9,0.0,49.2,72.0,3585.5,3585.82,0.0,-1.2,0.0,32.6,372.48,199.4,58.7,62.7,53.0
2022-03-08 00:00:00,23:49:11,3,37.7,0.0,49.2,72.0,3585.5,3585.96,0.0,-1.3,0.0,32.6,372.48,199.4,58.8,62.7,53.0
2022-03-08 00:00:00,23:50:11,3,37.5,0.0,49.2,72.0,3585.5,3585.71,0.0,-1.3,0.0,32.6,372.47,199.4,58.8,62.6,53.0
2022-03-08 00:00:00,23:51:11,3,37.4,0.0,49.2,72.0,3585.5,3585.82,0.0,-1.3,0.0,32.6,372.48,199.4,58.8,62.6,52.9
2022-03-08 00:00:00,23:52:11,3,37.4,0.0,49.2,72.0,3585.5,3585.64,0.0,-1.3,0.0,32.6,372.49,199.4,58.6,62.6,53.0
2022-03-08 00:00:00,23:53:11,3,37.3,0.0,49.2,72.0,3585.5,3585.93,0.0,-1.3,0.0,32.6,372.48,199.4,58.7,62.5,52.9
2022-03-08 00:00:00,23:54:11,3,37.3,0.0,49.2,72.0,3585.5,3584.97,0.0,-1.3,0.0,32.6,372.47,199.4,58.6,62.4,52.8
2022-03-08 00:00:00,23:55:11,3,37.0,0.0,49.2,72.0,3585.5,3585.96,0.0,-1.3,0.0,32.6,372.48,199.4,58.5,62.5,53.0
2022-03-08 00:00:00,23:56:11,3,37.2,0.0,49.2,72.0,3585.5,3585.29,0.0,-1.3,0.0,32.6,372.48,199.4,58.7,62.4,52.9
2022-03-08 00:00:00,23:57:11,3,37.4,0.0,49.2,72.0,3585.5,3585.71,0.0,-1.3,0.0,32.6,372.47,199.4,58.7,62.6,53.1
2022-03-08 00:00:00,23:58:11,3,37.8,0.0,49.2,72.0,3585.5,3584.94,0.0,-1.3,0.0,32.6,372.49,199.4,58.8,62.6,53.1
2022-03-08 00:00:00,23:59:11,3,38.0,0.0,49.2,72.0,3585.5,3586.07,0.0,-1.3,0.0,32.6,372.48,199.4,59.0,62.6,53.0
2022-03-09 00:00:00,00:00:11,3,38.2,0.0,49.2,72.0,3585.5,3584.97,0.0,-1.3,0.0,32.6,372.47,199.4,58.9,62.5,52.9
2022-03-09 00:00:00,00:01:11,3,38.2,0.0,49.2,72.0,3585.5,3585.5,0.0,-1.2,0.0,32.6,372.48,199.4,59.1,62.5,52.9
2022-03-09 00:00:00,00:02:11,3,38.3,0.0,49.2,72.0,3585.5,3585.11,0.0,-1.2,0.0,32.6,372.48,199.4,59.1,62.5,52.8
2022-03-09 00:00:00,00:03:11,3,38.3,0.0,49.2,72.0,3585.5,3585.54,0.0,-1.3,0.0,32.6,372.46,199.4,59.1,62.4,52.8
2022-03-09 00:00:00,00:04:11,3,38.4,0.0,49.2,72.0,3585.5,3584.97,0.0,-1.3,0.0,32.6,372.47,199.4,59.2,62.6,52.6
2022-03-09 00:00:00,00:05:11,3,38.6,0.0,49.2,72.0,3585.5,3585.82,0.0,-1.3,0.0,32.6,372.47,199.4,59.1,62.7,52.8
2022-03-09 00:00:00,00:06:11,3,38.6,0.0,49.2,72.0,3585.5,3585.32,0.0,-1.3,0.0,32.6,372.48,199.4,59.3,62.7,52.6
2022-03-09 00:00:00,00:07:11,3,38.6,0.0,49.2,72.0,3585.5,3585.61,0.0,-1.3,0.0,32.6,372.46,199.4,59.2,62.8,52.6
2022-03-09 00:00:00,00:08:11,3,38.7,0.0,49.2,72.0,3585.5,3585.75,0.0,-1.3,0.0,32.6,372.48,199.4,59.2,62.8,52.6
2022-03-09 00:00:00,00:09:11,3,38.7,0.0,49.2,72.0,3585.5,3585.82,0.0,-1.3,0.0,32.6,372.46,199.4,59.3,62.8,52.6
2022-03-09 00:00:00,00:10:11,3,38.8,0.0,49.2,72.0,3585.5,3585.54,0.0,-1.3,0.0,32.6,372.46,199.4,59.3,62.9,52.6
2022-03-09 00:00:00,00:11:11,3,38.8,0.0,49.2,72.0,3585.5,3585.75,0.0,-1.3,0.0,32.6,372.47,199.4,59.5,62.9,52.8
2022-03-09 00:00:00,00:12:11,3,38.8,0.0,49.2,72.0,3585.5,3585.89,0.0,-1.3,0.0,32.6,372.46,199.4,59.4,62.9,52.7
2022-03-09 00:00:00,00:13:11,3,38.8,0.0,49.2,72.0,3585.5,3585.08,0.0,-1.3,0.0,32.6,372.47,199.4,59.4,62.9,52.6
2022-03-09 00:00:00,00:14:11,3,38.6,0.0,49.2,72.0,3585.5,3585.89,0.0,-1.3,0.0,32.6,372.47,199.4,59.3,62.9,52.7
2022-03-09 00:00:00,00:15:11,3,38.4,0.0,49.2,72.0,3585.5,3585.25,0.0,-1.3,0.0,32.6,372.46,199.4,59.2,62.9,52.7
2022-03-09 00:00:00,00:16:11,3,38.2,0.0,49.2,72.0,3585.5,3585.86,0.0,-1.2,0.0,32.6,372.46,199.4,59.1,62.9,52.8
2022-03-09 00:00:00,00:17:11,3,38.1,0.0,49.2,72.0,3585.5,3585.18,0.0,-1.3,0.0,32.6,372.46,199.4,58.9,62.8,52.9
2022-03-09 00:00:00,00:18:11,3,37.9,0.0,49.2,72.0,3585.5,3585.96,0.0,-1.3,0.0,32.6,372.47,199.4,59.0,62.8,52.9
2022-03-09 00:00:00,00:19:11,3,37.7,0.0,49.2,72.0,3585.5,3585.11,0.0,-1.3,0.0,32.6,372.46,199.4,58.9,62.7,52.9
2022-03-09 00:00:00,00:20:11,3,37.8,0.0,49.2,72.0,3585.5,3585.57,0.0,-1.3,0.0,32.6,372.46,199.4,58.8,62.6,52.9
2022-03-09 00:00:00,00:21:11,3,37.5,0.0,49.2,72.0,3585.5,3585.5,0.0,-1.3,0.0,32.6,372.47,199.4,58.8,62.6,52.9
2022-03-09 00:00:00,00:22:11,3,37.4,0.0,49.2,72.0,3585.5,3585.82,0.0,-1.3,0.0,32.6,372.46,199.4,58.8,62.5,52.9
2022-03-09 00:00:00,00:23:11,3,37.3,0.0,49.2,72.0,3585.5,3585.5,0.0,-1.3,0.0,32.6,372.47,199.4,58.6,62.6,53.0
2022-03-09 00:00:00,00:24:11,3,37.2,0.0,49.2,72.0,3585.5,3586.0,0.0,-1.3,0.0,32.6,372.46,199.4,58.6,62.6,53.0
2022-03-09 00:00:00,00:25:11,3,37.1,0.0,49.2,72.0,3585.5,3586.0,0.0,-1.3,0.0,32.6,372.47,199.4,58.6,62.5,52.9
2022-03-09 00:00:00,00:26:11,3,37.1,0.0,49.2,72.0,3585.5,3585.29,0.0,-1.3,0.0,32.6,372.46,199.4,58.6,62.3,52.9
2022-03-09 00:00:00,00:27:11,3,37.0,0.0,49.2,72.0,3585.5,3585.93,0.0,-1.2,0.0,32.6,372.45,199.4,58.7,62.5,53.0
2022-03-09 00:00:00,00:28:11,3,37.4,0.0,49.2,72.0,3585.5,3585.32,0.0,-1.2,0.0,32.6,372.48,199.4,58.7,62.5,53.2
2022-03-09 00:00:00,00:29:11,3,37.8,0.0,49.2,72.0,3585.5,3585.68,0.0,-1.3,0.0,32.6,372.47,199.4,59.0,62.5,53.1
2022-03-09 00:00:00,00:30:11,3,38.1,0.0,49.2,72.0,3585.5,3585.11,0.0,-1.3,0.0,32.6,372.46,199.4,58.9,62.6,52.9
2022-03-09 00:00:00,00:31:11,3,38.2,0.0,49.2,72.0,3585.5,3585.78,0.0,-1.3,0.0,32.6,372.46,199.4,59.0,62.5,52.9
2022-03-09 00:00:00,00:32:11,3,38.3,0.0,49.2,72.0,3585.5,3584.86,0.0,-1.3,0.0,32.6,372.46,199.4,59.1,62.6,52.8
2022-03-09 00:00:00,00:33:11,3,38.3,0.0,49.2,72.0,3585.5,3586.0,0.0,-1.3,0.0,32.6,372.45,199.4,59.1,62.5,52.8
2022-03-09 00:00:00,00:34:11,3,38.3,0.0,49.2,72.0,3585.5,3585.08,0.0,-1.3,0.0,32.6,372.46,199.4,59.0,62.7,52.8
2022-03-09 00:00:00,00:35:11,3,38.4,0.0,49.2,72.0,3585.5,3585.78,0.0,-1.3,0.0,32.6,372.47,199.4,59.1,62.6,52.7
2022-03-09 00:00:00,00:36:11,3,38.6,0.0,49.2,72.0,3585.5,3585.08,0.0,-1.2,0.0,32.6,372.45,199.4,59.2,62.8,52.7
2022-03-09 00:00:00,00:37:11,3,38.6,0.0,49.2,72.0,3585.5,3586.1,0.0,-1.2,0.0,32.6,372.46,199.4,59.2,62.7,52.7
2022-03-09 00:00:00,00:38:11,3,38.6,0.0,49.2,72.0,3585.5,3585.08,0.0,-1.2,0.0,32.6,372.46,199.4,59.3,62.7,52.6
2022-03-09 00:00:00,00:39:11,3,38.7,0.0,49.2,72.0,3585.5,3585.89,0.0,-1.3,0.0,32.6,372.45,199.4,59.3,62.8,52.6
2022-03-09 00:00:00,00:40:11,3,38.8,0.0,49.2,72.0,3585.5,3586.07,0.0,-1.3,0.0,32.6,372.47,199.4,59.4,62.8,52.7
2022-03-09 00:00:00,00:41:11,3,38.9,0.0,49.2,72.0,3585.5,3585.89,0.0,-1.3,0.0,32.6,372.46,199.4,59.4,62.8,52.7
2022-03-09 00:00:00,00:42:11,3,38.8,0.0,49.2,72.0,3585.5,3585.93,0.0,-1.3,0.0,32.6,372.45,199.4,59.4,63.0,52.7
2022-03-09 00:00:00,00:43:11,3,38.7,0.0,49.2,72.0,3585.5,3585.36,0.0,-1.3,0.0,32.6,372.47,199.4,59.4,62.9,52.7
2022-03-09 00:00:00,00:44:11,3,38.7,0.0,49.2,72.0,3585.5,3586.21,0.0,-1.2,0.0,32.6,372.47,199.4,59.4,62.9,52.7
2022-03-09 00:00:00,00:45:11,3,38.5,0.0,49.2,72.0,3585.5,3585.08,0.0,-1.3,0.0,32.6,372.45,199.4,59.2,62.8,52.7
2022-03-09 00:00:00,00:46:11,3,38.4,0.0,49.2,72.0,3585.5,3586.03,0.0,-1.3,0.0,32.6,372.46,199.4,59.2,62.8,52.8
2022-03-09 00:00:00,00:47:11,3,38.2,0.0,49.2,72.0,3585.5,3585.08,0.0,-1.3,0.0,32.6,372.45,199.4,59.0,62.9,52.9
2022-03-09 00:00:00,00:48:11,3,38.1,0.0,49.2,72.0,3585.5,3585.61,0.0,-1.3,0.0,32.6,372.46,199.4,59.1,62.8,52.9
2022-03-09 00:00:00,00:49:11,3,37.9,0.0,49.2,72.0,3585.5,3585.25,0.0,-1.3,0.0,32.6,372.45,199.4,59.0,62.7,52.8
2022-03-09 00:00:00,00:50:11,3,37.7,0.0,49.2,72.0,3585.5,3585.96,0.0,-1.3,0.0,32.6,372.45,199.4,58.9,62.8,52.9
2022-03-09 00:00:00,00:51:11,3,37.6,0.0,49.2,72.0,3585.5,3585.36,0.0,-1.2,0.0,32.6,372.46,199.4,58.9,62.6,52.9
2022-03-09 00:00:00,00:52:11,3,37.4,0.0,49.2,72.0,3585.5,3585.89,0.0,-1.3,0.0,32.6,372.45,199.4,58.8,62.6,52.9
2022-03-09 00:00:00,00:53:11,3,37.2,0.0,49.2,72.0,3585.5,3585.93,0.0,-1.3,0.0,32.6,372.46,199.4,58.7,62.6,53.1
2022-03-09 00:00:00,00:54:11,3,37.4,0.0,49.2,72.0,3585.5,3585.54,0.0,-1.3,0.0,32.6,372.45,199.4,58.7,62.5,52.9
2022-03-09 00:00:00,00:55:11,3,37.2,0.0,49.2,72.0,3585.5,3585.82,0.0,-1.3,0.0,32.6,372.46,199.4,58.6,62.6,52.9
2022-03-09 00:00:00,00:56:11,3,37.0,0.0,49.2,72.0,3585.5,3585.4,0.0,-1.3,0.0,32.6,372.47,199.4,58.6,62.4,53.0
2022-03-09 00:00:00,00:57:11,3,37.0,0.0,49.2,72.0,3585.5,3586.03,0.0,-1.3,0.0,32.6,372.46,199.4,58.5,62.4,53.0
2022-03-09 00:00:00,00:58:11,3,37.2,0.0,49.2,72.0,3585.5,3584.79,0.0,-1.3,0.0,32.6,372.46,199.4,58.6,62.4,53.1
2022-03-09 00:00:00,00:59:11,3,37.3,0.0,49.2,72.0,3585.5,3585.71,0.0,-1.3,0.0,32.6,372.47,199.4,58.7,62.6,53.2
2022-03-09 00:00:00,01:00:11,3,37.6,0.0,49.2,72.0,3585.5,3585.01,0.0,-1.3,0.0,32.6,372.47,199.4,58.8,62.5,53.1
2022-03-09 00:00:00,01:01:11,3,38.0,0.0,49.2,72.0,3585.5,3585.75,0.0,-1.2,0.0,32.6,372.45,199.4,58.9,62.6,53.1
2022-03-09 00:00:00,01:02:11,3,38.1,0.0,49.2,72.0,3585.5,3585.18,0.0,-1.2,0.0,32.6,372.46,199.4,59.0,62.6,52.9
2022-03-09 00:00:00,01:03:11,3,38.2,0.0,49.2,72.0,3585.5,3585.93,0.0,-1.2,0.0,32.6,372.46,199.4,59.0,62.4,52.9
2022-03-09 00:00:00,01:04:11,3,38.3,0.0,49.2,72.0,3585.5,3585.64,0.0,-1.3,0.0,32.6,372.47,199.4,59.0,62.7,52.8
2022-03-09 00:00:00,01:05:11,3,38.3,0.0,49.2,72.0,3585.5,3585.61,0.0,-1.3,0.0,32.6,372.46,199.4,59.0,62.6,52.8
2022-03-09 00:00:00,01:06:11,3,38.4,0.0,49.2,72.0,3585.5,3585.82,0.0,-1.3,0.0,32.6,372.46,199.4,59.1,62.6,52.7
2022-03-09 00:00:00,01:07:11,3,38.4,0.0,49.2,72.0,3585.5,3585.43,0.0,-1.3,0.0,32.6,372.45,199.4,59.2,62.7,52.7
2022-03-09 00:00:00,01:08:11,3,38.5,0.0,49.2,72.0,3585.5,3585.68,0.0,-1.3,0.0,32.6,372.47,199.4,59.2,62.6,52.6
2022-03-09 00:00:00,01:09:11,3,38.6,0.0,49.2,72.0,3585.5,3585.04,0.0,-1.2,0.0,32.6,372.45,199.4,59.3,62.7,52.7
2022-03-09 00:00:00,01:10:11,3,38.7,0.0,49.2,72.0,3585.5,3585.93,0.0,-1.3,0.0,32.6,372.45,199.4,59.3,62.7,52.7
2022-03-09 00:00:00,01:11:11,3,38.7,0.0,49.2,72.0,3585.5,3584.97,0.0,-1.3,0.0,32.6,372.46,199.4,59.3,62.8,52.7
2022-03-09 00:00:00,01:12:11,3,38.7,0.0,49.2,72.0,3585.5,3585.57,0.0,-1.2,0.0,32.6,372.45,199.4,59.3,62.8,52.7
2022-03-09 00:00:00,01:13:11,3,38.8,0.0,49.2,72.0,3585.5,3585.29,0.0,-1.3,0.0,32.6,372.45,199.4,59.4,62.9,52.8
2022-03-09 00:00:00,01:14:11,3,38.7,0.0,49.2,72.0,3585.5,3585.75,0.0,-1.3,0.0,32.6,372.45,199.4,59.5,62.9,52.8
2022-03-09 00:00:00,01:15:11,3,38.7,0.0,49.2,72.0,3585.5,3585.4,0.0,-1.3,0.0,32.6,372.45,199.4,59.5,62.9,52.8
2022-03-09 00:00:00,01:16:11,3,38.6,0.0,49.2,72.0,3585.5,3586.14,0.0,-1.2,0.0,32.6,372.44,199.4,59.3,62.8,52.7
2022-03-09 00:00:00,01:17:11,3,38.5,0.0,49.2,72.0,3585.5,3585.78,0.0,-1.3,0.0,32.6,372.44,199.4,59.2,62.9,52.8
2022-03-09 00:00:00,01:18:11,3,38.3,0.0,49.2,72.0,3585.5,3584.72,0.0,-1.3,0.0,32.6,372.45,199.4,59.1,62.8,52.7
2022-03-09 00:00:00,01:19:11,3,38.1,0.0,49.2,72.0,3585.5,3585.68,0.0,-1.3,0.0,32.6,372.45,199.4,59.1,62.8,52.8
2022-03-09 00:00:00,01:20:11,3,37.9,0.0,49.2,72.0,3585.5,3584.83,0.0,-1.3,0.0,32.6,372.45,199.4,59.0,62.8,52.8
2022-03-09 00:00:00,01:21:11,3,37.7,0.0,49.2,72.0,3585.5,3585.68,0.0,-1.3,0.0,32.6,372.45,199.4,59.0,62.7,52.9
2022-03-09 00:00:00,01:22:11,3,37.7,0.0,49.2,72.0,3585.5,3585.01,0.0,-1.3,0.0,32.6,372.45,199.4,58.8,62.7,52.8
2022-03-09 00:00:00,01:23:11,3,37.5,0.0,49.2,72.0,3585.5,3585.78,0.0,-1.3,0.0,32.6,372.45,199.4,58.8,62.7,52.9
2022-03-09 00:00:00,01:24:11,3,37.3,0.0,49.2,72.0,3585.5,3585.08,0.0,-1.3,0.0,32.6,372.45,199.4,58.8,62.7,52.9
2022-03-09 00:00:00,01:25:11,3,37.2,0.0,49.2,72.0,3585.5,3585.71,0.0,-1.2,0.0,32.6,372.45,199.4,58.8,62.6,53.0
2022-03-09 00:00:00,01:26:11,3,37.1,0.0,49.2,72.0,3585.5,3586.24,0.0,-1.2,0.0,32.6,372.45,199.4,58.8,62.4,53.0
2022-03-09 00:00:00,01:27:11,3,37.1,0.0,49.2,72.0,3585.5,3585.18,0.0,-1.2,0.0,32.6,372.45,199.4,58.7,62.5,52.9
2022-03-09 00:00:00,01:28:11,3,37.2,0.0,49.2,72.0,3585.5,3585.82,0.0,-1.2,0.0,32.6,372.45,199.4,58.6,62.4,52.9
2022-03-09 00:00:00,01:29:11,3,37.2,0.0,49.2,72.0,3585.5,3585.43,0.0,-1.3,0.0,32.6,372.45,199.4,58.8,62.4,53.0
2022-03-09 00:00:00,01:30:11,3,37.5,0.0,49.2,72.0,3585.5,3585.82,0.0,-1.2,0.0,32.6,372.45,199.4,58.8,62.5,53.1
2022-03-09 00:00:00,01:31:11,3,37.8,0.0,49.2,72.0,3585.5,3585.11,0.0,-1.2,0.0,32.6,372.45,199.4,58.9,62.6,53.1
2022-03-09 00:00:00,01:32:11,3,38.0,0.0,49.2,72.0,3585.5,3585.96,0.0,-1.3,0.0,32.6,372.45,199.4,59.1,62.6,53.1
2022-03-09 00:00:00,01:33:11,3,38.2,0.0,49.2,72.0,3585.5,3585.18,0.0,-1.3,0.0,32.6,372.45,199.4,58.9,62.6,53.0
2022-03-09 00:00:00,01:34:11,3,38.2,0.0,49.2,72.0,3585.5,3585.57,0.0,-1.3,0.0,32.6,372.45,199.4,59.1,62.6,52.8
2022-03-09 00:00:00,01:35:11,3,38.2,0.0,49.2,72.0,3585.5,3585.75,0.0,-1.3,0.0,32.6,372.45,199.4,59.0,62.6,52.7
2022-03-09 00:00:00,01:36:11,3,38.3,0.0,49.2,72.0,3585.5,3585.93,0.0,-1.3,0.0,32.6,372.45,199.4,59.0,62.7,52.7
2022-03-09 00:00:00,01:37:11,3,38.4,0.0,49.2,72.0,3585.5,3585.75,0.0,-1.2,0.0,32.6,372.45,199.4,59.1,62.7,52.7
2022-03-09 00:00:00,01:38:11,3,38.5,0.0,49.2,72.0,3585.5,3585.4,0.0,-1.2,0.0,32.6,372.45,199.4,59.2,62.8,52.8
2022-03-09 00:00:00,01:39:11,3,38.6,0.0,49.2,72.0,3585.5,3585.78,0.0,-1.2,0.0,32.6,372.45,199.4,59.3,62.7,52.7
2022-03-09 00:00:00,01:40:11,3,38.6,0.0,49.2,72.0,3585.5,3584.9,0.0,-1.2,0.0,32.6,372.45,199.4,59.2,62.8,52.8
2022-03-09 00:00:00,01:41:11,3,38.7,0.0,49.2,72.0,3585.5,3585.86,0.0,-1.3,0.0,32.6,372.45,199.4,59.3,62.8,52.7
2022-03-09 00:00:00,01:42:11,3,38.7,0.0,49.2,72.0,3585.5,3585.08,0.0,-1.2,0.0,32.6,372.44,199.4,59.4,62.8,52.7
2022-03-09 00:00:00,01:43:11,3,38.8,0.0,49.2,72.0,3585.5,3585.61,0.0,-1.3,0.0,32.6,372.44,199.4,59.4,62.9,52.8
2022-03-09 00:00:00,01:44:11,3,38.8,0.0,49.2,72.0,3585.5,3585.32,0.0,-1.2,0.0,32.6,372.44,199.4,59.5,62.9,52.8
2022-03-09 00:00:00,01:45:11,3,38.7,0.0,49.2,72.0,3585.5,3585.86,0.0,-1.3,0.0,32.6,372.45,199.4,59.3,62.9,52.8
2022-03-09 00:00:00,01:46:11,3,38.6,0.0,49.2,72.0,3585.5,3585.78,0.0,-1.3,0.0,32.6,372.45,199.4,59.4,62.7,52.7
2022-03-09 00:00:00,01:47:11,3,38.4,0.0,49.2,72.0,3585.5,3585.22,0.0,-1.2,0.0,32.6,372.44,199.4,59.2,62.8,52.8
2022-03-09 00:00:00,01:48:11,3,38.3,0.0,49.2,72.0,3585.5,3585.68,0.0,-1.3,0.0,32.6,372.44,199.4,59.1,62.9,52.9
2022-03-09 00:00:00,01:49:11,3,38.1,0.0,49.2,72.0,3585.5,3585.15,0.0,-1.3,0.0,32.6,372.44,199.4,59.2,62.8,52.8
2022-03-09 00:00:00,01:50:11,3,38.0,0.0,49.2,72.0,3585.5,3585.75,0.0,-1.3,0.0,32.6,372.45,199.4,59.1,62.8,52.9
2022-03-09 00:00:00,01:51:11,3,37.7,0.0,49.2,72.0,3585.5,3584.76,0.0,-1.3,0.0,32.6,372.45,199.4,59.0,62.7,52.8
2022-03-09 00:00:00,01:52:11,3,37.7,0.0,49.2,72.0,3585.5,3585.93,0.0,-1.2,0.0,32.6,372.45,199.4,58.9,62.7,52.8
2022-03-09 00:00:00,01:53:11,3,37.5,0.0,49.2,72.0,3585.5,3585.29,0.0,-1.3,0.0,32.6,372.45,199.4,58.8,62.6,52.8
2022-03-09 00:00:00,01:54:11,3,37.2,0.0,49.2,72.0,3585.5,3585.64,0.0,-1.3,0.0,32.6,372.45,199.4,58.8,62.7,52.9
2022-03-09 00:00:00,01:55:11,3,37.3,0.0,49.2,72.0,3585.5,3585.78,0.0,-1.3,0.0,32.6,372.44,199.4,58.7,62.6,52.9
2022-03-09 00:00:00,01:56:11,3,37.3,0.0,49.2,72.0,3585.5,3585.43,0.0,-1.2,0.0,32.6,372.45,199.4,58.7,62.6,52.9
2022-03-09 00:00:00,01:57:11,3,37.2,0.0,49.2,72.0,3585.5,3585.61,0.0,-1.2,0.0,32.6,372.45,199.4,58.7,62.5,52.9
2022-03-09 00:00:00,01:58:11,3,37.2,0.0,49.2,72.0,3585.5,3585.15,0.0,-1.2,0.0,32.6,372.45,199.4,58.6,62.4,52.9
2022-03-09 00:00:00,01:59:11,3,37.1,0.0,49.2,72.0,3585.5,3585.96,0.0,-1.3,0.0,32.6,372.44,199.4,58.8,62.4,52.9
2022-03-09 00:00:00,02:00:11,3,37.3,0.0,49.2,72.0,3585.5,3584.83,0.0,-1.2,0.0,32.6,372.44,199.4,58.8,62.6,53.1
2022-03-09 00:00:00,02:01:11,3,37.7,0.0,49.2,72.0,3585.5,3585.64,0.0,-1.2,0.0,32.6,372.44,199.4,59.0,62.5,53.1
2022-03-09 00:00:00,02:02:11,3,38.1,0.0,49.2,72.0,3585.5,3585.71,0.0,-1.3,0.0,32.6,372.43,199.4,59.1,62.7,53.0
2022-03-09 00:00:00,02:03:11,3,38.2,0.0,49.2,72.0,3585.5,3585.43,0.0,-1.3,0.0,32.6,372.45,199.4,59.0,62.5,52.9
2022-03-09 00:00:00,02:04:11,3,38.2,0.0,49.2,72.0,3585.5,3585.96,0.0,-1.3,0.0,32.6,372.45,199.4,59.0,62.7,52.9
2022-03-09 00:00:00,02:05:11,3,38.3,0.0,49.2,72.0,3585.5,3585.5,0.0,-1.3,0.0,32.6,372.44,199.4,59.1,62.6,52.8
2022-03-09 00:00:00,02:06:11,3,38.3,0.0,49.2,72.0,3585.5,3585.75,0.0,-1.2,0.0,32.6,372.45,199.4,59.2,62.5,52.7
2022-03-09 00:00:00,02:07:11,3,38.4,0.0,49.2,72.0,3585.5,3584.86,0.0,-1.3,0.0,32.6,372.45,199.4,59.2,62.7,52.7
2022-03-09 00:00:00,02:08:11,3,38.5,0.0,49.2,72.0,3585.5,3586.03,0.0,-1.3,0.0,32.6,372.44,199.4,59.3,62.7,52.7
2022-03-09 00:00:00,02:09:11,3,38.6,0.0,49.2,72.0,3585.5,3584.86,0.0,-1.3,0.0,32.6,372.45,199.4,59.2,62.7,52.7
2022-03-09 00:00:00,02:10:11,3,38.7,0.0,49.2,72.0,3585.5,3585.78,0.0,-1.3,0.0,32.6,372.44,199.4,59.3,62.8,52.7
2022-03-09 00:00:00,02:11:11,3,38.7,0.0,49.2,72.0,3585.5,3585.68,0.0,-1.3,0.0,32.6,372.44,199.4,59.3,62.9,52.8
2022-03-09 00:00:00,02:12:11,3,38.7,0.0,49.2,72.0,3585.5,3585.96,0.0,-1.3,0.0,32.6,372.44,199.4,59.3,63.0,52.8
2022-03-09 00:00:00,02:13:11,3,38.8,0.0,49.2,72.0,3585.5,3585.64,0.0,-1.3,0.0,32.6,372.44,199.4,59.4,62.8,52.6
2022-03-09 00:00:00,02:14:11,3,38.7,0.0,49.2,72.0,3585.5,3585.04,0.0,-1.3,0.0,32.6,372.44,199.4,59.4,63.0,52.7
2022-03-09 00:00:00,02:15:11,3,38.7,0.0,49.2,72.0,3585.5,3586.1,0.0,-1.3,0.0,32.6,372.45,199.4,59.4,62.9,52.7
2022-03-09 00:00:00,02:16:11,3,38.5,0.0,49.2,72.0,3585.5,3585.01,0.0,-1.3,0.0,32.6,372.43,199.4,59.3,62.8,52.6
2022-03-09 00:00:00,02:17:11,3,38.4,0.0,49.2,72.0,3585.5,3585.86,0.0,-1.3,0.0,32.6,372.43,199.4,59.1,62.8,52.8
2022-03-09 00:00:00,02:18:11,3,38.3,0.0,49.2,72.0,3585.5,3585.47,0.0,-1.2,0.0,32.6,372.42,199.4,59.1,62.8,52.8
2022-03-09 00:00:00,02:19:11,3,38.1,0.0,49.2,72.0,3585.5,3585.78,0.0,-1.2,0.0,32.6,372.44,199.4,59.0,62.7,52.9
2022-03-09 00:00:00,02:20:11,3,37.9,0.0,49.2,72.0,3585.5,3586.07,0.0,-1.3,0.0,32.6,372.43,199.4,59.1,62.7,52.9
2022-03-09 00:00:00,02:21:11,3,37.8,0.0,49.2,72.0,3585.5,3585.5,0.0,-1.3,0.0,32.6,372.44,199.4,58.9,62.7,52.9
2022-03-09 00:00:00,02:22:11,3,37.7,0.0,49.2,72.0,3585.5,3585.86,0.0,-1.3,0.0,32.6,372.44,199.4,58.9,62.7,52.8
2022-03-09 00:00:00,02:23:11,3,37.6,0.0,49.2,72.0,3585.5,3584.9,0.0,-1.3,0.0,32.6,372.43,199.4,58.9,62.8,53.0
2022-03-09 00:00:00,02:24:11,3,37.5,0.0,49.2,72.0,3585.5,3585.89,0.0,-1.3,0.0,32.6,372.44,199.4,58.7,62.6,53.0
2022-03-09 00:00:00,02:25:11,3,37.2,0.0,49.2,72.0,3585.5,3585.25,0.0,-1.3,0.0,32.6,372.43,199.4,58.7,62.5,52.9
2022-03-09 00:00:00,02:26:11,3,37.2,0.0,49.2,72.0,3585.5,3585.86,0.0,-1.3,0.0,32.6,372.43,199.4,58.7,62.5,53.1
2022-03-09 00:00:00,02:27:11,3,37.1,0.0,49.2,72.0,3585.5,3586.0,0.0,-1.3,0.0,32.6,372.42,199.4,58.6,62.6,53.1
2022-03-09 00:00:00,02:28:11,3,37.2,0.0,49.2,72.0,3585.5,3585.54,0.0,-1.3,0.0,32.6,372.43,199.4,58.7,62.4,52.8
2022-03-09 00:00:00,02:29:11,3,37.1,0.0,49.2,72.0,3585.5,3586.03,0.0,-1.3,0.0,32.6,372.44,199.4,58.7,62.4,53.0
2022-03-09 00:00:00,02:30:11,3,37.3,0.0,49.2,72.0,3585.5,3585.01,0.0,-1.3,0.0,32.6,372.44,199.4,58.8,62.5,53.2
2022-03-09 00:00:00,02:31:11,3,37.7,0.0,49.2,72.0,3585.5,3586.24,0.0,-1.3,0.0,32.6,372.44,199.4,58.9,62.5,53.0
2022-03-09 00:00:00,02:32:11,3,38.0,0.0,49.2,72.0,3585.5,3585.08,0.0,-1.3,0.0,32.6,372.43,199.4,58.9,62.7,53.0
2022-03-09 00:00:00,02:33:11,3,38.2,0.0,49.2,72.0,3585.5,3585.78,0.0,-1.2,0.0,32.6,372.42,199.4,59.0,62.6,52.9
2022-03-09 00:00:00,02:34:11,3,38.2,0.0,49.2,72.0,3585.5,3585.61,0.0,-1.3,0.0,32.6,372.45,199.4,59.0,62.6,52.9
2022-03-09 00:00:00,02:35:11,3,38.2,0.0,49.2,72.0,3585.5,3585.78,0.0,-1.2,0.0,32.6,372.45,199.4,59.1,62.5,52.8
2022-03-09 00:00:00,02:36:11,3,38.3,0.0,49.2,72.0,3585.5,3586.03,0.0,-1.3,0.0,32.6,372.44,199.4,59.1,62.6,52.7
2022-03-09 00:00:00,02:37:11,3,38.4,0.0,49.2,72.0,3585.5,3585.4,0.0,-1.3,0.0,32.6,372.43,199.4,59.1,62.7,52.8
2022-03-09 00:00:00,02:38:11,3,38.5,0.0,49.2,72.0,3585.5,3586.07,0.0,-1.3,0.0,32.6,372.45,199.4,59.2,62.8,52.8
2022-03-09 00:00:00,02:39:11,3,38.5,0.0,49.2,72.0,3585.5,3585.22,0.0,-1.3,0.0,32.6,372.44,199.4,59.2,62.7,52.7
2022-03-09 00:00:00,02:40:11,3,38.6,0.0,49.2,72.0,3585.5,3585.75,0.0,-1.3,0.0,32.6,372.45,199.4,59.2,62.7,52.7
2022-03-09 00:00:00,02:41:11,3,38.7,0.0,49.2,72.0,3585.5,3585.54,0.0,-1.3,0.0,32.6,372.44,199.4,59.3,62.8,52.7
2022-03-09 00:00:00,02:42:11,3,38.7,0.0,49.2,72.0,3585.5,3585.71,0.0,-1.3,0.0,32.6,372.44,199.4,59.3,62.8,52.8
2022-03-09 00:00:00,02:43:11,3,38.8,0.0,49.2,72.0,3585.5,3585.93,0.0,-1.3,0.0,32.6,372.43,199.4,59.3,62.9,52.7
2022-03-09 00:00:00,02:44:11,3,38.7,0.0,49.2,72.0,3585.5,3585.32,0.0,-1.3,0.0,32.6,372.42,199.4,59.4,62.8,52.8
2022-03-09 00:00:00,02:45:11,3,38.7,0.0,49.2,72.0,3585.5,3586.03,0.0,-1.3,0.0,32.6,372.42,199.4,59.3,62.8,52.8
2022-03-09 00:00:00,02:46:11,3,38.6,0.0,49.2,72.0,3585.5,3584.94,0.0,-1.3,0.0,32.6,372.42,199.4,59.3,62.8,52.7
2022-03-09 00:00:00,02:47:11,3,38.4,0.0,49.2,72.0,3585.5,3585.64,0.0,-1.3,0.0,32.6,372.42,199.4,59.2,62.9,52.7
2022-03-09 00:00:00,02:48:11,3,38.2,0.0,49.2,72.0,3585.5,3585.4,0.0,-1.3,0.0,32.6,372.42,199.4,59.1,62.7,52.8
2022-03-09 00:00:00,02:49:11,3,38.1,0.0,49.2,72.0,3585.5,3585.96,0.0,-1.2,0.0,32.6,372.43,199.4,59.0,62.9,52.9
2022-03-09 00:00:00,02:50:11,3,37.9,0.0,49.2,72.0,3585.5,3586.1,0.0,-1.2,0.0,32.6,372.43,199.4,59.0,62.7,52.9
2022-03-09 00:00:00,02:51:11,3,37.7,0.0,49.2,72.0,3585.5,3585.29,0.0,-1.2,0.0,32.6,372.42,199.4,58.9,62.7,52.8
2022-03-09 00:00:00,02:52:11,3,37.5,0.0,49.2,72.0,3585.5,3585.93,0.0,-1.3,0.0,32.6,372.42,199.4,58.9,62.7,52.9
2022-03-09 00:00:00,02:53:11,3,37.5,0.0,49.2,72.0,3585.5,3585.18,0.0,-1.3,0.0,32.6,372.42,199.4,58.8,62.7,52.8
2022-03-09 00:00:00,02:54:11,3,37.2,0.0,49.2,72.0,3585.5,3585.86,0.0,-1.2,0.0,32.6,372.42,199.4,58.8,62.6,53.0
2022-03-09 00:00:00,02:55:11,3,37.2,0.0,49.2,72.0,3585.5,3585.15,0.0,-1.2,0.0,32.6,372.43,199.4,58.7,62.6,53.0
2022-03-09 00:00:00,02:56:11,3,37.2,0.0,49.2,72.0,3585.5,3585.61,0.0,-1.2,0.0,32.6,372.43,199.4,58.7,62.6,53.0
2022-03-09 00:00:00,02:57:11,3,37.0,0.0,49.2,72.0,3585.5,3586.17,0.0,-1.2,0.0,32.6,372.42,199.4,58.6,62.6,53.1
2022-03-09 00:00:00,02:58:11,3,37.2,0.0,49.2,72.0,3585.5,3585.22,0.0,-1.2,0.0,32.6,372.43,199.4,58.5,62.6,53.0
2022-03-09 00:00:00,02:59:11,3,37.3,0.0,49.2,72.0,3585.5,3585.89,0.0,-1.3,0.0,32.6,372.43,199.4,58.7,62.6,53.1
2022-03-09 00:00:00,03:00:11,3,37.3,0.0,49.2,72.0,3585.5,3585.32,0.0,-1.3,0.0,32.6,372.43,199.4,58.8,62.4,53.1
2022-03-09 00:00:00,03:01:11,3,37.8,0.0,49.2,72.0,3585.5,3585.68,0.0,-1.3,0.0,32.6,372.42,199.4,58.9,62.7,53.2
2022-03-09 00:00:00,03:02:11,3,38.1,0.0,49.2,72.0,3585.5,3585.18,0.0,-1.2,0.0,32.6,372.43,199.4,59.1,62.5,53.0
2022-03-09 00:00:00,03:03:11,3,38.2,0.0,49.2,72.0,3585.5,3585.96,0.0,-1.3,0.0,32.6,372.43,199.4,59.1,62.4,52.8
2022-03-09 00:00:00,03:04:11,3,38.2,0.0,49.2,72.0,3585.5,3586.03,0.0,-1.3,0.0,32.6,372.43,199.4,59.1,62.6,52.9
2022-03-09 00:00:00,03:05:11,3,38.3,0.0,49.2,72.0,3585.5,3584.97,0.0,-1.3,0.0,32.6,372.42,199.4,59.2,62.6,52.7
2022-03-09 00:00:00,03:06:11,3,38.3,0.0,49.2,72.0,3585.5,3585.96,0.0,-1.3,0.0,32.6,372.42,199.4,59.2,62.6,52.6
2022-03-09 00:00:00,03:07:11,3,38.4,0.0,49.2,72.0,3585.5,3585.15,0.0,-1.3,0.0,32.6,372.42,199.4,59.3,62.7,52.7
2022-03-09 00:00:00,03:08:11,3,38.5,0.0,49.2,72.0,3585.5,3585.32,0.0,-1.2,0.0,32.6,372.42,199.4,59.2,62.7,52.6
2022-03-09 00:00:00,03:09:11,3,38.5,0.0,49.2,72.0,3585.5,3585.43,0.0,-1.2,0.0,32.6,372.42,199.4,59.3,62.8,52.7
2022-03-09 00:00:00,03:10:11,3,38.6,0.0,49.2,72.0,3585.5,3585.86,0.0,-1.3,0.0,32.6,372.42,199.4,59.3,62.7,52.7
2022-03-09 00:00:00,03:11:11,3,38.7,0.0,49.2,72.0,3585.5,3585.86,0.0,-1.3,0.0,32.6,372.42,199.4,59.3,62.9,52.6
2022-03-09 00:00:00,03:12:11,3,38.7,0.0,49.2,72.0,3585.5,3585.11,0.0,-1.2,0.0,32.6,372.42,199.4,59.3,62.8,52.7
2022-03-09 00:00:00,03:13:11,3,38.8,0.0,49.2,72.0,3585.5,3586.14,0.0,-1.2,0.0,32.6,372.42,199.4,59.5,62.8,52.8
2022-03-09 00:00:00,03:14:11,3,38.7,0.0,49.2,72.0,3585.5,3585.04,0.0,-1.2,0.0,32.6,372.42,199.4,59.4,63.0,52.8
2022-03-09 00:00:00,03:15:11,3,38.7,0.0,49.2,72.0,3585.5,3585.61,0.0,-1.2,0.0,32.6,372.43,199.4,59.3,63.0,52.8
2022-03-09 00:00:00,03:16:11,3,38.5,0.0,49.2,72.0,3585.5,3585.89,0.0,-1.2,0.0,32.6,372.43,199.4,59.3,62.9,52.7
2022-03-09 00:00:00,03:17:11,3,38.4,0.0,49.2,72.0,3585.5,3585.71,0.0,-1.3,0.0,32.6,372.42,199.4,59.1,62.9,52.8
2022-03-09 00:00:00,03:18:11,3,38.1,0.0,49.2,72.0,3585.5,3585.82,0.0,-1.3,0.0,32.6,372.43,199.4,59.2,62.8,52.8
2022-03-09 00:00:00,03:19:11,3,38.0,0.0,49.2,72.0,3585.5,3585.18,0.0,-1.3,0.0,32.6,372.42,199.4,59.0,62.8,52.9
2022-03-09 00:00:00,03:20:11,3,37.8,0.0,49.2,72.0,3585.5,3585.89,0.0,-1.3,0.0,32.6,372.42,199.4,59.0,62.7,52.9
2022-03-09 00:00:00,03:21:11,3,37.6,0.0,49.2,72.0,3585.5,3584.97,0.0,-1.2,0.0,32.6,372.42,199.4,58.9,62.7,53.0
2022-03-09 00:00:00,03:22:11,3,37.5,0.0,49.2,72.0,3585.5,3586.07,0.0,-1.2,0.0,32.6,372.42,199.4,58.8,62.7,53.0
2022-03-09 00:00:00,03:23:11,3,37.5,0.0,49.2,72.0,3585.5,3586.24,0.0,-1.2,0.0,32.6,372.42,199.4,58.7,62.7,53.1
2022-03-09 00:00:00,03:24:11,3,37.3,0.0,49.2,72.0,3585.5,3585.29,0.0,-1.3,0.0,32.6,372.42,199.4,58.9,62.5,53.0
2022-03-09 00:00:00,03:25:11,3,37.3,0.0,49.2,72.0,3585.5,3585.86,0.0,-1.3,0.0,32.6,372.42,199.4,58.8,62.6,53.0
2022-03-09 00:00:00,03:26:11,3,37.2,0.0,49.2,72.0,3585.5,3585.47,0.0,-1.3,0.0,32.6,372.43,199.4,58.7,62.5,53.0
2022-03-09 00:00:00,03:27:11,3,37.0,0.0,49.2,72.0,3585.5,3585.61,0.0,-1.2,0.0,32.6,372.43,199.4,58.5,62.5,53.1
2022-03-09 00:00:00,03:28:11,3,36.9,0.0,49.2,72.0,3585.5,3585.36,0.0,-1.2,0.0,32.6,372.42,199.4,58.6,62.5,52.9
2022-03-09 00:00:00,03:29:11,3,37.0,0.0,49.2,72.0,3585.5,3585.86,0.0,-1.3,0.0,32.6,372.42,199.4,58.6,62.5,53.0
2022-03-09 00:00:00,03:30:11,3,37.3,0.0,49.2,72.0,3585.5,3586.28,0.0,-1.2,0.0,32.6,372.42,199.4,58.8,62.6,53.1
2022-03-09 00:00:00,03:31:11,3,37.7,0.0,49.2,72.0,3585.5,3584.97,0.0,-1.3,0.0,32.6,372.42,199.4,58.9,62.7,53.1
2022-03-09 00:00:00,03:32:11,3,38.0,0.0,49.2,72.0,3585.5,3586.0,0.0,-1.3,0.0,32.6,372.42,199.4,59.0,62.4,53.0
2022-03-09 00:00:00,03:33:11,3,38.2,0.0,49.2,72.0,3585.5,3585.22,0.0,-1.3,0.0,32.6,372.42,199.4,58.9,62.4,52.9
2022-03-09 00:00:00,03:34:11,3,38.2,0.0,49.2,72.0,3585.5,3585.75,0.0,-1.3,0.0,32.6,372.42,199.4,59.1,62.4,52.9
2022-03-09 00:00:00,03:35:11,3,38.2,0.0,49.2,72.0,3585.5,3585.64,0.0,-1.3,0.0,32.6,372.43,199.4,59.1,62.6,52.8
2022-03-09 00:00:00,03:36:11,3,38.3,0.0,49.2,72.0,3585.5,3585.82,0.0,-1.2,0.0,32.6,372.43,199.4,59.1,62.7,52.8
2022-03-09 00:00:00,03:37:11,3,38.3,0.0,49.2,72.0,3585.5,3586.03,0.0,-1.2,0.0,32.6,372.42,199.4,59.3,62.6,52.7
2022-03-09 00:00:00,03:38:11,3,38.5,0.0,49.2,72.0,3585.5,3585.08,0.0,-1.2,0.0,32.6,372.42,199.4,59.2,62.7,52.7
2022-03-09 00:00:00,03:39:11,3,38.6,0.0,49.2,72.0,3585.5,3585.86,0.0,-1.2,0.0,32.6,372.42,199.4,59.2,62.8,52.8
2022-03-09 00:00:00,03:40:11,3,38.6,0.0,49.2,72.0,3585.5,3585.08,0.0,-1.3,0.0,32.6,372.42,199.4,59.3,62.7,52.7
2022-03-09 00:00:00,03:41:11,3,38.6,0.0,49.2,72.0,3585.5,3585.61,0.0,-1.2,0.0,32.6,372.43,199.4,59.4,62.8,52.7
2022-03-09 00:00:00,03:42:11,3,38.7,0.0,49.2,72.0,3585.5,3586.03,0.0,-1.2,0.0,32.6,372.42,199.4,59.4,62.8,52.6
2022-03-09 00:00:00,03:43:11,3,38.7,0.0,49.2,72.0,3585.5,3585.18,0.0,-1.2,0.0,32.6,372.41,199.4,59.4,62.8,52.8
2022-03-09 00:00:00,03:44:11,3,38.7,0.0,49.2,72.0,3585.5,3585.68,0.0,-1.3,0.0,32.6,372.41,199.4,59.3,62.9,52.8
2022-03-09 00:00:00,03:45:11,3,38.7,0.0,49.2,72.0,3585.5,3585.01,0.0,-1.2,0.0,32.6,372.41,199.4,59.5,62.8,52.6
2022-03-09 00:00:00,03:46:11,3,38.6,0.0,49.2,72.0,3585.5,3585.89,0.0,-1.2,0.0,32.6,372.41,199.4,59.4,62.9,52.6
2022-03-09 00:00:00,03:47:11,3,38.4,0.0,49.2,72.0,3585.5,3585.32,0.0,-1.2,0.0,32.6,372.42,199.4,59.3,62.9,52.8
2022-03-09 00:00:00,03:48:11,3,38.3,0.0,49.2,72.0,3585.5,3585.54,0.0,-1.2,0.0,32.6,372.4,199.4,59.0,62.9,52.8
2022-03-09 00:00:00,03:49:11,3,38.1,0.0,49.2,72.0,3585.5,3586.1,0.0,-1.2,0.0,32.6,372.41,199.4,59.1,62.8,52.8
2022-03-09 00:00:00,03:50:11,3,38.0,0.0,49.2,72.0,3585.5,3584.97,0.0,-1.3,0.0,32.6,372.42,199.4,59.1,62.7,52.9
2022-03-09 00:00:00,03:51:11,3,37.7,0.0,49.2,72.0,3585.5,3585.64,0.0,-1.3,0.0,32.6,372.41,199.4,59.0,62.7,52.9
2022-03-09 00:00:00,03:52:11,3,37.6,0.0,49.2,72.0,3585.5,3585.11,0.0,-1.3,0.0,32.6,372.4,199.4,58.9,62.6,53.1
2022-03-09 00:00:00,03:53:11,3,37.6,0.0,49.2,72.0,3585.5,3585.86,0.0,-1.3,0.0,32.6,372.41,199.4,58.8,62.8,53.0
2022-03-09 00:00:00,03:54:11,3,37.5,0.0,49.2,72.0,3585.5,3585.68,0.0,-1.3,0.0,32.6,372.41,199.4,58.8,62.7,53.0
2022-03-09 00:00:00,03:55:11,3,37.3,0.0,49.2,72.0,3585.5,3585.04,0.0,-1.3,0.0,32.6,372.42,199.4,58.8,62.6,53.0
2022-03-09 00:00:00,03:56:11,3,37.3,0.0,49.2,72.0,3585.5,3585.93,0.0,-1.2,0.0,32.6,372.42,199.4,58.7,62.6,53.0
2022-03-09 00:00:00,03:57:11,3,37.2,0.0,49.2,72.0,3585.5,3584.76,0.0,-1.2,0.0,32.6,372.42,199.4,58.6,62.4,52.9
2022-03-09 00:00:00,03:58:11,3,37.1,0.0,49.2,72.0,3585.5,3586.0,0.0,-1.3,0.0,32.6,372.42,199.4,58.6,62.4,52.8
2022-03-09 00:00:00,03:59:11,3,37.1,0.0,49.2,72.0,3585.5,3586.21,0.0,-1.3,0.0,32.6,372.42,199.4,58.7,62.4,53.0
2022-03-09 00:00:00,04:00:11,3,37.1,0.0,49.2,72.0,3585.5,3585.29,0.0,-1.3,0.0,32.6,372.42,199.4,58.7,62.5,53.1
2022-03-09 00:00:00,04:01:11,3,37.4,0.0,49.2,72.0,3585.5,3585.96,0.0,-1.3,0.0,32.6,372.41,199.4,58.8,62.7,53.1
2022-03-09 00:00:00,04:02:11,3,37.9,0.0,49.2,72.0,3585.5,3585.22,0.0,-1.3,0.0,32.6,372.42,199.4,58.9,62.5,53.1
2022-03-09 00:00:00,04:03:11,3,38.1,0.0,49.2,72.0,3585.5,3585.43,0.0,-1.3,0.0,32.6,372.42,199.4,59.0,62.5,52.9
2022-03-09 00:00:00,04:04:11,3,38.1,0.0,49.2,72.0,3585.5,3585.25,0.0,-1.2,0.0,32.6,372.42,199.4,59.1,62.5,52.9
2022-03-09 00:00:00,04:05:11,3,38.2,0.0,49.2,72.0,3585.5,3585.82,0.0,-1.2,0.0,32.6,372.42,199.4,59.1,62.5,52.7
2022-03-09 00:00:00,04:06:11,3,38.1,0.0,49.2,72.0,3585.5,3585.86,0.0,-1.2,0.0,32.6,372.42,199.4,59.0,62.6,52.8
2022-03-09 00:00:00,04:07:11,3,38.2,0.0,49.2,72.0,3585.5,3584.55,0.0,-1.2,0.0,32.6,372.41,199.4,59.1,62.6,52.8
2022-03-09 00:00:00,04:08:11,3,38.4,0.0,49.2,72.0,3585.5,3586.03,0.0,-1.2,0.0,32.6,372.41,199.4,59.1,62.6,52.6
2022-03-09 00:00:00,04:09:11,3,38.4,0.0,49.2,72.0,3585.5,3585.04,0.0,-1.3,0.0,32.6,372.42,199.4,59.1,62.7,52.8
2022-03-09 00:00:00,04:10:11,3,38.5,0.0,49.2,72.0,3585.5,3585.68,0.0,-1.3,0.0,32.6,372.41,199.4,59.2,62.7,52.7
2022-03-09 00:00:00,04:11:11,3,38.6,0.0,49.2,72.0,3585.5,3585.96,0.0,-1.3,0.0,32.6,372.41,199.4,59.3,62.8,52.7
2022-03-09 00:00:00,04:12:11,3,38.6,0.0,49.2,72.0,3585.5,3585.25,0.0,-1.3,0.0,32.6,372.41,199.4,59.2,62.8,52.8
2022-03-09 00:00:00,04:13:11,3,38.7,0.0,49.2,72.0,3585.5,3585.82,0.0,-1.3,0.0,32.6,372.41,199.4,59.4,62.9,52.6
2022-03-09 00:00:00,04:14:11,3,38.7,0.0,49.2,72.0,3585.5,3585.01,0.0,-1.3,0.0,32.6,372.42,199.4,59.3,62.9,52.7
2022-03-09 00:00:00,04:15:11,3,38.7,0.0,49.2,72.0,3585.5,3585.82,0.0,-1.3,0.0,32.6,372.41,199.4,59.4,63.0,52.9
2022-03-09 00:00:00,04:16:11,3,38.7,0.0,49.2,72.0,3585.5,3585.5,0.0,-1.3,0.0,32.6,372.4,199.4,59.4,62.9,52.7
2022-03-09 00:00:00,04:17:11,3,38.6,0.0,49.2,72.0,3585.5,3585.29,0.0,-1.3,0.0,32.6,372.41,199.4,59.3,62.8,52.7
2022-03-09 00:00:00,04:18:11,3,38.4,0.0,49.2,72.0,3585.5,3585.78,0.0,-1.3,0.0,32.6,372.4,199.4,59.1,62.9,52.8
2022-03-09 00:00:00,04:19:11,3,38.2,0.0,49.2,72.0,3585.5,3584.79,0.0,-1.3,0.0,32.6,372.41,199.4,59.1,62.9,52.8
2022-03-09 00:00:00,04:20:11,3,38.1,0.0,49.2,72.0,3585.5,3585.32,0.0,-1.2,0.0,32.6,372.4,199.4,59.1,62.8,52.9
2022-03-09 00:00:00,04:21:11,3,38.0,0.0,49.2,72.0,3585.5,3585.5,0.0,-1.3,0.0,32.6,372.4,199.4,58.9,62.9,52.9
2022-03-09 00:00:00,04:22:11,3,37.8,0.0,49.2,72.0,3585.5,3585.82,0.0,-1.3,0.0,32.6,372.41,199.4,59.0,62.8,53.0
2022-03-09 00:00:00,04:23:11,3,37.6,0.0,49.2,72.0,3585.5,3586.03,0.0,-1.2,0.0,32.6,372.4,199.4,58.9,62.6,53.0
2022-03-09 00:00:00,04:24:11,3,37.5,0.0,49.2,72.0,3585.5,3584.9,0.0,-1.3,0.0,32.6,372.4,199.4,58.9,62.6,53.1
2022-03-09 00:00:00,04:25:11,3,37.4,0.0,49.2,72.0,3585.5,3585.71,0.0,-1.3,0.0,32.6,372.41,199.4,58.8,62.8,53.0
2022-03-09 00:00:00,04:26:11,3,37.1,0.0,49.2,72.0,3585.5,3585.18,0.0,-1.3,0.0,32.6,372.41,199.4,58.8,62.5,52.8
2022-03-09 00:00:00,04:27:11,3,37.3,0.0,49.2,72.0,3585.5,3585.89,0.0,-1.3,0.0,32.6,372.42,199.4,58.7,62.5,53.0
2022-03-09 00:00:00,04:28:11,3,37.1,0.0,49.2,72.0,3585.5,3586.0,0.0,-1.3,0.0,32.6,372.42,199.4,58.6,62.6,53.0
2022-03-09 00:00:00,04:29:11,3,37.1,0.0,49.2,72.0,3585.5,3584.97,0.0,-1.3,0.0,32.6,372.42,199.4,58.7,62.5,53.0
2022-03-09 00:00:00,04:30:11,3,37.2,0.0,49.2,72.0,3585.5,3585.78,0.0,-1.3,0.0,32.6,372.42,199.4,58.6,62.6,53.2
2022-03-09 00:00:00,04:31:11,3,37.3,0.0,49.2,72.0,3585.5,3585.08,0.0,-1.3,0.0,32.6,372.41,199.4,58.8,62.6,53.1
2022-03-09 00:00:00,04:32:11,3,37.8,0.0,49.2,72.0,3585.5,3586.03,0.0,-1.3,0.0,32.6,372.41,199.4,58.9,62.7,53.1
2022-03-09 00:00:00,04:33:11,3,38.0,0.0,49.2,72.0,3585.5,3585.86,0.0,-1.2,0.0,32.6,372.42,199.4,59.1,62.6,53.0
2022-03-09 00:00:00,04:34:11,3,38.1,0.0,49.2,72.0,3585.5,3585.36,0.0,-1.3,0.0,32.6,372.42,199.4,58.9,62.6,53.0
2022-03-09 00:00:00,04:35:11,3,38.2,0.0,49.2,72.0,3585.5,3586.21,0.0,-1.2,0.0,32.6,372.41,199.4,59.0,62.6,52.8
2022-03-09 00:00:00,04:36:11,3,38.2,0.0,49.2,72.0,3585.5,3584.86,0.0,-1.2,0.0,32.6,372.41,199.4,59.0,62.6,52.9
2022-03-09 00:00:00,04:37:11,3,38.3,0.0,49.2,72.0,3585.5,3585.82,0.0,-1.3,0.0,32.6,372.41,199.4,59.1,62.6,52.8
2022-03-09 00:00:00,04:38:11,3,38.3,0.0,49.2,72.0,3585.5,3585.93,0.0,-1.2,0.0,32.6,372.42,199.4,59.2,62.7,52.7
2022-03-09 00:00:00,04:39:11,3,38.4,0.0,49.2,72.0,3585.5,3585.15,0.0,-1.3,0.0,32.6,372.4,199.4,59.2,62.7,52.7
2022-03-09 00:00:00,04:40:11,3,38.4,0.0,49.2,72.0,3585.5,3585.82,0.0,-1.3,0.0,32.6,372.41,199.4,59.3,62.7,52.6
2022-03-09 00:00:00,04:41:11,3,38.5,0.0,49.2,72.0,3585.5,3585.11,0.0,-1.3,0.0,32.6,372.4,199.4,59.3,62.8,52.7
2022-03-09 00:00:00,04:42:11,3,38.6,0.0,49.2,72.0,3585.5,3585.93,0.0,-1.2,0.0,32.6,372.4,199.4,59.3,62.8,52.7
2022-03-09 00:00:00,04:43:11,3,38.6,0.0,49.2,72.0,3585.5,3585.43,0.0,-1.2,0.0,32.6,372.39,199.4,59.3,62.9,52.8
2022-03-09 00:00:00,04:44:11,3,38.7,0.0,49.2,72.0,3585.5,3585.54,0.0,-1.3,0.0,32.6,372.41,199.4,59.4,62.9,52.8
2022-03-09 00:00:00,04:45:11,3,38.7,0.0,49.2,72.0,3585.5,3585.86,0.0,-1.3,0.0,32.6,372.41,199.4,59.4,62.9,52.9
2022-03-09 00:00:00,04:46:11,3,38.7,0.0,49.2,72.0,3585.5,3584.83,0.0,-1.3,0.0,32.6,372.4,199.4,59.4,62.8,52.8
2022-03-09 00:00:00,04:47:11,3,38.6,0.0,49.2,72.0,3585.5,3585.68,0.0,-1.3,0.0,32.6,372.4,199.4,59.2,63.0,52.7
2022-03-09 00:00:00,04:48:11,3,38.4,0.0,49.2,72.0,3585.5,3585.96,0.0,-1.3,0.0,32.6,372.39,199.4,59.2,62.8,52.7
2022-03-09 00:00:00,04:49:11,3,38.2,0.0,49.2,72.0,3585.5,3585.22,0.0,-1.3,0.0,32.6,372.39,199.4,59.2,62.8,52.8
2022-03-09 00:00:00,04:50:11,3,38.1,0.0,49.2,72.0,3585.5,3586.24,0.0,-1.3,0.0,32.6,372.4,199.4,59.0,62.8,52.8
2022-03-09 00:00:00,04:51:11,3,37.8,0.0,49.2,72.0,3585.5,3585.25,0.0,-1.3,0.0,32.6,372.4,199.4,59.1,62.7,52.9
2022-03-09 00:00:00,04:52:11,3,37.8,0.0,49.2,72.0,3585.5,3585.61,0.0,-1.2,0.0,32.6,372.42,199.4,58.9,62.8,52.9
2022-03-09 00:00:00,04:53:11,3,37.6,0.0,49.2,72.0,3585.5,3585.64,0.0,-1.2,0.0,32.6,372.4,199.4,58.9,62.8,52.9
2022-03-09 00:00:00,04:54:11,3,37.6,0.0,49.2,72.0,3585.5,3585.68,0.0,-1.2,0.0,32.6,372.39,199.4,58.8,62.7,52.9
2022-03-09 00:00:00,04:55:11,3,37.3,0.0,49.2,72.0,3585.5,3585.82,0.0,-1.3,0.0,32.6,372.4,199.4,58.8,62.7,53.0
2022-03-09 00:00:00,04:56:11,3,37.3,0.0,49.2,72.0,3585.5,3585.04,0.0,-1.3,0.0,32.6,372.39,199.4,58.8,62.5,53.1
2022-03-09 00:00:00,04:57:11,3,37.2,0.0,49.2,72.0,3585.5,3585.96,0.0,-1.3,0.0,32.6,372.4,199.4,58.7,62.6,53.0
2022-03-09 00:00:00,04:58:11,3,37.1,0.0,49.2,72.0,3585.5,3585.64,0.0,-1.3,0.0,32.6,372.4,199.4,58.6,62.6,52.9
2022-03-09 00:00:00,04:59:11,3,37.1,0.0,49.2,72.0,3585.5,3585.22,0.0,-1.3,0.0,32.6,372.4,199.4,58.7,62.4,53.0
2022-03-09 00:00:00,05:00:11,3,37.2,0.0,49.2,72.0,3585.5,3586.14,0.0,-1.3,0.0,32.6,372.4,199.4,58.6,62.5,53.1
2022-03-09 00:00:00,05:01:11,3,37.2,0.0,49.2,72.0,3585.5,3585.29,0.0,-1.3,0.0,32.6,372.4,199.4,58.9,62.5,53.1
2022-03-09 00:00:00,05:02:11,3,37.6,0.0,49.2,72.0,3585.5,3585.68,0.0,-1.2,0.0,32.6,372.4,199.4,58.9,62.6,53.0
2022-03-09 00:00:00,05:03:11,3,37.9,0.0,49.2,72.0,3585.5,3585.71,0.0,-1.2,0.0,32.6,372.4,199.4,59.0,62.5,53.0
2022-03-09 00:00:00,05:04:11,3,38.1,0.0,49.2,72.0,3585.5,3585.75,0.0,-1.2,0.0,32.6,372.4,199.4,59.0,62.6,52.9
2022-03-09 00:00:00,05:05:11,3,38.2,0.0,49.2,72.0,3585.5,3586.0,0.0,-1.2,0.0,32.6,372.41,199.4,59.0,62.6,52.8
2022-03-09 00:00:00,05:06:11,3,38.2,0.0,49.2,72.0,3585.5,3585.18,0.0,-1.2,0.0,32.6,372.4,199.4,59.1,62.7,52.8
2022-03-09 00:00:00,05:07:11,3,38.2,0.0,49.2,72.0,3585.5,3586.07,0.0,-1.2,0.0,32.6,372.4,199.4,59.2,62.6,52.7
2022-03-09 00:00:00,05:08:11,3,38.3,0.0,49.2,72.0,3585.5,3585.43,0.0,-1.3,0.0,32.6,372.4,199.4,59.2,62.5,52.7
2022-03-09 00:00:00,05:09:11,3,38.4,0.0,49.2,72.0,3585.5,3585.68,0.0,-1.3,0.0,32.6,372.4,199.4,59.1,62.7,52.7
2022-03-09 00:00:00,05:10:11,3,38.5,0.0,49.2,72.0,3585.5,3585.93,0.0,-1.3,0.0,32.6,372.4,199.4,59.3,62.7,52.7
2022-03-09 00:00:00,05:11:11,3,38.5,0.0,49.2,72.0,3585.5,3584.94,0.0,-1.3,0.0,32.6,372.39,199.4,59.2,62.8,52.7
2022-03-09 00:00:00,05:12:11,3,38.6,0.0,49.2,72.0,3585.5,3585.78,0.0,-1.3,0.0,32.6,372.39,199.4,59.3,62.8,52.7
2022-03-09 00:00:00,05:13:11,3,38.7,0.0,49.2,72.0,3585.5,3585.75,0.0,-1.2,0.0,32.6,372.4,199.4,59.3,62.8,52.7
2022-03-09 00:00:00,05:14:11,3,38.7,0.0,49.2,72.0,3585.5,3585.68,0.0,-1.2,0.0,32.6,372.39,199.4,59.4,62.8,52.7
2022-03-09 00:00:00,05:15:11,3,38.7,0.0,49.2,72.0,3585.5,3586.0,0.0,-1.3,0.0,32.6,372.39,199.4,59.5,62.8,52.7
2022-03-09 00:00:00,05:16:11,3,38.7,0.0,49.2,72.0,3585.5,3585.11,0.0,-1.3,0.0,32.6,372.39,199.4,59.5,62.8,52.7
2022-03-09 00:00:00,05:17:11,3,38.6,0.0,49.2,72.0,3585.5,3585.61,0.0,-1.3,0.0,32.6,372.39,199.4,59.3,63.0,52.7
2022-03-09 00:00:00,05:18:11,3,38.4,0.0,49.2,72.0,3585.5,3585.93,0.0,-1.3,0.0,32.6,372.39,199.4,59.3,62.8,52.7
2022-03-09 00:00:00,05:19:11,3,38.3,0.0,49.2,72.0,3585.5,3585.25,0.0,-1.2,0.0,32.6,372.39,199.4,59.1,63.0,52.8
2022-03-09 00:00:00,05:20:11,3,38.2,0.0,49.2,72.0,3585.5,3585.82,0.0,-1.3,0.0,32.6,372.39,199.4,59.2,62.9,52.8
2022-03-09 00:00:00,05:21:11,3,38.0,0.0,49.2,72.0,3585.5,3585.11,0.0,-1.2,0.0,32.6,372.39,199.4,59.1,62.9,52.9
2022-03-09 00:00:00,05:22:11,3,38.0,0.0,49.2,72.0,3585.5,3585.54,0.0,-1.2,0.0,32.6,372.39,199.4,59.0,62.8,53.0
2022-03-09 00:00:00,05:23:11,3,37.8,0.0,49.2,72.0,3585.5,3586.0,0.0,-1.2,0.0,32.6,372.39,199.4,59.0,62.8,53.0
2022-03-09 00:00:00,05:24:11,3,37.6,0.0,49.2,72.0,3585.5,3585.57,0.0,-1.2,0.0,32.6,372.39,199.4,59.0,62.8,53.1
2022-03-09 00:00:00,05:25:11,3,37.5,0.0,49.2,72.0,3585.5,3585.86,0.0,-1.3,0.0,32.6,372.39,199.4,58.9,62.7,53.1
2022-03-09 00:00:00,05:26:11,3,37.3,0.0,49.2,72.0,3585.5,3584.97,0.0,-1.3,0.0,32.6,372.39,199.4,58.8,62.7,52.9
2022-03-09 00:00:00,05:27:11,3,37.5,0.0,49.2,72.0,3585.5,3585.93,0.0,-1.3,0.0,32.6,372.39,199.4,58.9,62.7,53.0
2022-03-09 00:00:00,05:28:11,3,37.4,0.0,49.2,72.0,3585.5,3585.75,0.0,-1.3,0.0,32.6,372.39,199.4,58.7,62.5,53.0
2022-03-09 00:00:00,05:29:11,3,37.3,0.0,49.2,72.0,3585.5,3585.22,0.0,-1.3,0.0,32.6,372.39,199.4,58.7,62.3,52.8
2022-03-09 00:00:00,05:30:11,3,37.2,0.0,49.2,72.0,3585.5,3586.17,0.0,-1.3,0.0,32.6,372.39,199.4,58.6,62.4,53.0
2022-03-09 00:00:00,05:31:11,3,37.2,0.0,49.2,72.0,3585.5,3585.15,0.0,-1.3,0.0,32.6,372.4,199.4,58.7,62.4,52.9
2022-03-09 00:00:00,05:32:11,3,37.0,0.0,49.2,72.0,3585.5,3585.68,0.0,-1.3,0.0,32.6,372.39,199.4,58.7,62.4,53.0
2022-03-09 00:00:00,05:33:11,3,37.1,0.0,49.2,72.0,3585.5,3586.1,0.0,-1.2,0.0,32.6,372.39,199.4,58.7,62.3,52.9
2022-03-09 00:00:00,05:34:11,3,37.2,0.0,49.2,72.0,3585.5,3585.01,0.0,-1.2,0.0,32.6,372.39,199.4,58.8,62.6,53.0
2022-03-09 00:00:00,05:35:11,3,37.7,0.0,49.2,72.0,3585.5,3585.68,0.0,-1.2,0.0,32.6,372.39,199.4,58.9,62.5,52.9
2022-03-09 00:00:00,05:36:11,3,37.9,0.0,49.2,72.0,3585.5,3585.54,0.0,-1.2,0.0,32.6,372.39,199.4,59.0,62.3,53.0
2022-03-09 00:00:00,05:37:11,3,38.1,0.0,49.2,72.0,3585.5,3585.82,0.0,-1.2,0.0,32.6,372.39,199.4,58.9,62.6,52.8
2022-03-09 00:00:00,05:38:11,3,38.1,0.0,49.2,72.0,3585.5,3585.5,0.0,-1.3,0.0,32.6,372.39,199.4,59.0,62.5,52.8
2022-03-09 00:00:00,05:39:11,3,38.2,0.0,49.2,72.0,3585.5,3585.01,0.0,-1.2,0.0,32.6,372.39,199.4,59.0,62.5,52.8
2022-03-09 00:00:00,05:40:11,3,38.3,0.0,49.2,72.0,3585.5,3585.89,0.0,-1.2,0.0,32.6,372.39,199.4,59.1,62.5,52.7
2022-03-09 00:00:00,05:41:11,3,38.3,0.0,49.2,72.0,3585.5,3585.15,0.0,-1.2,0.0,32.6,372.4,199.4,59.1,62.6,52.6
2022-03-09 00:00:00,05:42:11,3,38.4,0.0,49.2,72.0,3585.5,3586.07,0.0,-1.3,0.0,32.6,372.4,199.4,59.2,62.7,52.6
2022-03-09 00:00:00,05:43:11,3,38.5,0.0,49.2,72.0,3585.5,3586.14,0.0,-1.2,0.0,32.6,372.39,199.4,59.3,62.7,52.6
2022-03-09 00:00:00,05:44:11,3,38.6,0.0,49.2,72.0,3585.5,3584.9,0.0,-1.3,0.0,32.6,372.39,199.4,59.3,62.7,52.5
2022-03-09 00:00:00,05:45:11,3,38.6,0.0,49.2,72.0,3585.5,3585.75,0.0,-1.3,0.0,32.6,372.39,199.4,59.1,62.8,52.7
2022-03-09 00:00:00,05:46:11,3,38.6,0.0,49.2,72.0,3585.5,3585.64,0.0,-1.3,0.0,32.6,372.39,199.4,59.3,62.8,52.6
2022-03-09 00:00:00,05:47:11,3,38.7,0.0,49.2,72.0,3585.5,3585.5,0.0,-1.3,0.0,32.6,372.4,199.4,59.4,62.8,52.7
2022-03-09 00:00:00,05:48:11,3,38.6,0.0,49.2,72.0,3585.5,3585.89,0.0,-1.3,0.0,32.6,372.39,199.4,59.3,63.0,52.7
2022-03-09 00:00:00,05:49:11,3,38.7,0.0,49.2,72.0,3585.5,3585.47,0.0,-1.3,0.0,32.6,372.38,199.4,59.5,62.9,52.7
2022-03-09 00:00:00,05:50:11,3,38.6,0.0,49.2,72.0,3585.5,3585.86,0.0,-1.3,0.0,32.6,372.38,199.4,59.4,62.7,52.6
2022-03-09 00:00:00,05:51:11,3,38.5,0.0,49.2,72.0,3585.5,3585.5,0.0,-1.3,0.0,32.6,372.4,199.4,59.4,62.8,52.7
2022-03-09 00:00:00,05:52:11,3,38.3,0.0,49.2,72.0,3585.5,3585.61,0.0,-1.2,0.0,32.6,372.39,199.4,59.1,62.9,52.8
2022-03-09 00:00:00,05:53:11,3,38.2,0.0,49.2,72.0,3585.5,3585.86,0.0,-1.2,0.0,32.6,372.39,199.4,59.0,62.9,52.9
2022-03-09 00:00:00,05:54:11,3,38.1,0.0,49.2,72.0,3585.5,3584.79,0.0,-1.2,0.0,32.6,372.38,199.4,59.0,62.8,53.0
2022-03-09 00:00:00,05:55:11,3,38.0,0.0,49.2,72.0,3585.5,3585.93,0.0,-1.2,0.0,32.6,372.39,199.4,59.1,62.8,52.9
2022-03-09 00:00:00,05:56:11,3,37.9,0.0,49.2,72.0,3585.5,3586.0,0.0,-1.3,0.0,32.6,372.39,199.4,59.0,62.8,53.0
2022-03-09 00:00:00,05:57:11,3,37.8,0.0,49.2,72.0,3585.5,3585.15,0.0,-1.3,0.0,32.6,372.39,199.4,58.9,62.8,53.0
2022-03-09 00:00:00,05:58:11,3,37.7,0.0,49.2,72.0,3585.5,3586.14,0.0,-1.2,0.0,32.6,372.39,199.4,59.0,62.7,53.0
2022-03-09 00:00:00,05:59:11,3,37.7,0.0,49.2,72.0,3585.5,3585.18,0.0,-1.2,0.0,32.6,372.39,199.4,58.9,62.6,53.1
2022-03-09 00:00:00,06:00:11,3,37.6,0.0,49.2,72.0,3585.5,3585.78,0.0,-1.2,0.0,32.6,372.38,199.4,58.8,62.7,53.1
2022-03-09 00:00:00,06:01:11,3,37.6,0.0,49.2,72.0,3585.5,3586.0,0.0,-1.2,0.0,32.6,372.38,199.4,58.9,62.6,53.0
2022-03-09 00:00:00,06:02:11,3,37.5,0.0,49.2,72.0,3585.5,3585.11,0.0,-1.2,0.0,32.6,372.39,199.4,58.9,62.6,53.0
2022-03-09 00:00:00,06:03:11,3,37.4,0.0,49.2,72.0,3585.5,3585.75,0.0,-1.2,0.0,32.6,372.39,199.4,58.8,62.5,53.0
2022-03-09 00:00:00,06:04:11,3,37.3,0.0,49.2,72.0,3585.5,3585.43,0.0,-1.2,0.0,32.6,372.39,199.4,58.9,62.4,52.9
2022-03-09 00:00:00,06:05:11,3,37.2,0.0,49.2,72.0,3585.5,3585.64,0.0,-1.2,0.0,32.6,372.39,199.4,58.8,62.3,53.0
2022-03-09 00:00:00,06:06:11,3,37.3,0.0,49.2,72.0,3585.5,3585.78,0.0,-1.2,0.0,32.6,372.39,199.4,58.7,62.4,52.9
2022-03-09 00:00:00,06:07:11,3,37.1,0.0,49.2,72.0,3585.5,3585.01,0.0,-1.3,0.0,32.6,372.39,199.4,58.6,62.4,52.9
2022-03-09 00:00:00,06:08:11,3,37.2,0.0,49.2,72.0,3585.5,3585.64,0.0,-1.2,0.0,32.6,372.39,199.4,58.7,62.5,52.8
2022-03-09 00:00:00,06:09:11,3,37.2,0.0,49.2,72.0,3585.5,3585.86,0.0,-1.3,0.0,32.6,372.39,199.4,58.5,62.5,52.9
2022-03-09 00:00:00,06:10:11,3,37.2,0.0,49.2,72.0,3585.5,3585.22,0.0,-1.3,0.0,32.6,372.4,199.4,58.6,62.4,52.9
2022-03-09 00:00:00,06:11:11,3,37.3,0.0,49.2,72.0,3585.5,3585.96,0.0,-1.2,0.0,32.6,372.39,199.4,58.8,62.5,52.9
2022-03-09 00:00:00,06:12:11,3,37.7,0.0,49.2,72.0,3585.5,3585.11,0.0,-1.2,0.0,32.6,372.39,199.4,58.9,62.5,52.9
2022-03-09 00:00:00,06:13:11,3,38.0,0.0,49.2,72.0,3585.5,3585.89,0.0,-1.3,0.0,32.6,372.39,199.4,59.0,62.5,52.9
2022-03-09 00:00:00,06:14:11,3,38.1,0.0,49.2,72.0,3585.5,3585.75,0.0,-1.3,0.0,32.6,372.39,199.4,58.9,62.5,52.7
2022-03-09 00:00:00,06:15:11,3,38.1,0.0,49.2,72.0,3585.5,3585.15,0.0,-1.3,0.0,32.6,372.39,199.4,59.0,62.5,52.6
2022-03-09 00:00:00,06:16:11,3,38.2,0.0,49.2,72.0,3585.5,3586.1,0.0,-1.2,0.0,32.6,372.39,199.4,59.0,62.6,52.6
2022-03-09 00:00:00,06:17:11,3,38.3,0.0,49.2,72.0,3585.5,3585.01,0.0,-1.3,0.0,32.6,372.39,199.4,59.0,62.6,52.7
2022-03-09 00:00:00,06:18:11,3,38.4,0.0,49.2,72.0,3585.5,3585.89,0.0,-1.2,0.0,32.6,372.39,199.4,59.2,62.6,52.6
2022-03-09 00:00:00,06:19:11,3,38.4,0.0,49.2,72.0,3585.5,3585.93,0.0,-1.3,0.0,32.6,372.39,199.4,59.2,62.6,52.6
2022-03-09 00:00:00,06:20:11,3,38.4,0.0,49.2,72.0,3585.5,3584.9,0.0,-1.2,0.0,32.6,372.39,199.4,59.3,62.6,52.5
2022-03-09 00:00:00,06:21:11,3,38.5,0.0,49.2,72.0,3585.5,3585.71,0.0,-1.2,0.0,32.6,372.39,199.4,59.2,62.6,52.5
2022-03-09 00:00:00,06:22:11,3,38.5,0.0,49.2,72.0,3585.5,3585.5,0.0,-1.3,0.0,32.6,372.39,199.4,59.2,62.8,52.6
2022-03-09 00:00:00,06:23:11,3,38.6,0.0,49.2,72.0,3585.5,3585.78,0.0,-1.3,0.0,32.6,372.39,199.4,59.2,62.9,52.6
2022-03-09 00:00:00,06:24:11,3,38.6,0.0,49.2,72.0,3585.5,3585.75,0.0,-1.3,0.0,32.6,372.39,199.4,59.4,62.8,52.7
2022-03-09 00:00:00,06:25:11,3,38.6,0.0,49.2,72.0,3585.5,3585.08,0.0,-1.3,0.0,32.6,372.39,199.4,59.4,62.8,52.7
2022-03-09 00:00:00,06:26:11,3,38.7,0.0,49.2,72.0,3585.5,3585.64,0.0,-1.3,0.0,32.6,372.39,199.4,59.4,62.9,52.6
2022-03-09 00:00:00,06:27:11,3,38.7,0.0,49.2,72.0,3585.5,3585.43,0.0,-1.2,0.0,32.6,372.39,199.4,59.4,62.9,52.6
2022-03-09 00:00:00,06:28:11,3,38.6,0.0,49.2,72.0,3585.5,3585.57,0.0,-1.2,0.0,32.6,372.38,199.4,59.3,63.0,52.6
2022-03-09 00:00:00,06:29:11,3,38.5,0.0,49.2,72.0,3585.5,3585.89,0.0,-1.3,0.0,32.6,372.38,199.4,59.2,62.9,52.8
2022-03-09 00:00:00,06:30:11,3,38.3,0.0,49.2,72.0,3585.5,3584.69,0.0,-1.2,0.0,32.6,372.39,199.4,59.3,62.8,52.9
2022-03-09 00:00:00,06:31:11,3,38.2,0.0,49.2,72.0,3585.5,3585.93,0.0,-1.2,0.0,32.6,372.39,199.4,59.2,62.9,53.0
2022-03-09 00:00:00,06:32:11,3,38.2,0.0,49.2,72.0,3585.5,3586.0,0.0,-1.3,0.0,32.6,372.38,199.4,59.1,63.0,53.1
2022-03-09 00:00:00,06:33:11,3,38.1,0.0,49.2,72.0,3585.5,3585.15,0.0,-1.3,0.0,32.6,372.39,199.4,59.1,62.8,52.9
2022-03-09 00:00:00,06:34:11,3,38.0,0.0,49.2,72.0,3585.5,3585.89,0.0,-1.2,0.0,32.6,372.39,199.4,59.1,62.8,53.0
2022-03-09 00:00:00,06:35:11,3,38.0,0.0,49.2,72.0,3585.5,3585.5,0.0,-1.3,0.0,32.6,372.38,199.4,59.1,62.8,53.2
2022-03-09 00:00:00,06:36:11,3,37.9,0.0,49.2,72.0,3585.5,3585.4,0.0,-1.2,0.0,32.6,372.38,199.4,59.1,62.8,53.1
2022-03-09 00:00:00,06:37:11,3,37.8,0.0,49.2,72.0,3585.5,3585.93,0.0,-1.2,0.0,32.6,372.38,199.4,59.1,62.7,53.1
2022-03-09 00:00:00,06:38:11,3,37.8,0.0,49.2,72.0,3585.5,3584.94,0.0,-1.2,0.0,32.6,372.39,199.4,59.0,62.8,53.1
2022-03-09 00:00:00,06:39:11,3,37.6,0.0,49.2,72.0,3585.5,3585.61,0.0,-1.2,0.0,32.6,372.38,199.4,59.0,62.8,53.0
2022-03-09 00:00:00,06:40:11,3,37.6,0.0,49.2,72.0,3585.5,3586.14,0.0,-1.3,0.0,32.6,372.39,199.4,58.9,62.7,53.0
2022-03-09 00:00:00,06:41:11,3,37.6,0.0,49.2,72.0,3585.5,3585.43,0.0,-1.3,0.0,32.6,372.38,199.4,58.9,62.7,53.1
2022-03-09 00:00:00,06:42:11,3,37.6,0.0,49.2,72.0,3585.5,3585.68,0.0,-1.3,0.0,32.6,372.39,199.4,58.9,62.7,53.0
2022-03-09 00:00:00,06:43:11,3,37.6,0.0,49.2,72.0,3585.5,3585.15,0.0,-1.3,0.0,32.6,372.38,199.4,58.8,62.6,53.1
2022-03-09 00:00:00,06:44:11,3,37.5,0.0,49.2,72.0,3585.5,3585.93,0.0,-1.3,0.0,32.6,372.38,199.4,58.7,62.7,53.0
2022-03-09 00:00:00,06:45:11,3,37.4,0.0,49.2,72.0,3585.5,3585.61,0.0,-1.3,0.0,32.6,372.39,199.4,58.8,62.7,53.0
2022-03-09 00:00:00,06:46:11,3,37.4,0.0,49.2,72.0,3585.5,3584.86,0.0,-1.3,0.0,32.7,372.39,199.4,58.8,62.5,52.9
2022-03-09 00:00:00,06:47:11,3,37.4,0.0,49.2,72.0,3585.5,3585.96,0.0,-1.3,0.0,32.6,372.38,199.4,58.7,62.6,53.0
2022-03-09 00:00:00,06:48:11,3,37.3,0.0,49.2,72.0,3585.5,3585.86,0.0,-1.2,0.0,32.6,372.39,199.4,58.8,62.5,52.9
2022-03-09 00:00:00,06:49:11,3,37.1,0.0,49.2,72.0,3585.5,3584.97,0.0,-1.2,0.0,32.6,372.39,199.4,58.7,62.6,52.9
2022-03-09 00:00:00,06:50:11,3,37.1,0.0,49.2,72.0,3585.5,3585.93,0.0,-1.2,0.0,32.6,372.38,199.4,58.7,62.4,52.8
2022-03-09 00:00:00,06:51:11,3,37.2,0.0,49.2,72.0,3585.5,3585.25,0.0,-1.2,0.0,32.6,372.37,199.4,58.6,62.2,52.8
2022-03-09 00:00:00,06:52:11,3,37.1,0.0,49.2,72.0,3585.5,3585.71,0.0,-1.3,0.0,32.6,372.39,199.4,58.6,62.3,52.7
2022-03-09 00:00:00,06:53:11,3,37.3,0.0,49.2,72.0,3585.5,3585.89,0.0,-1.3,0.0,32.6,372.39,199.4,58.6,62.5,53.0
2022-03-09 00:00:00,06:54:11,3,37.6,0.0,49.2,72.0,3585.5,3585.04,0.0,-1.2,0.0,32.6,372.38,199.4,58.9,62.3,52.7
2022-03-09 00:00:00,06:55:11,3,37.9,0.0,49.2,72.0,3585.5,3585.5,0.0,-1.2,0.0,32.6,372.39,199.4,59.0,62.4,52.9
2022-03-09 00:00:00,06:56:11,3,38.0,0.0,49.2,72.0,3585.5,3585.47,0.0,-1.3,0.0,32.6,372.38,199.4,59.0,62.5,52.9
2022-03-09 00:00:00,06:57:11,3,38.0,0.0,49.2,72.0,3585.5,3585.96,0.0,-1.2,0.0,32.6,372.38,199.4,58.9,62.5,52.8
2022-03-09 00:00:00,06:58:11,3,38.1,0.0,49.2,72.0,3585.5,3585.93,0.0,-1.2,0.0,32.6,372.39,199.4,59.1,62.6,52.7
2022-03-09 00:00:00,06:59:11,3,38.1,0.0,49.2,72.0,3585.5,3584.79,0.0,-1.2,0.0,32.6,372.39,199.4,59.0,62.6,52.6
2022-03-09 00:00:00,07:00:11,3,38.3,0.0,49.2,72.0,3585.5,3585.82,0.0,-1.2,0.0,32.6,372.39,199.4,59.2,62.4,52.5
2022-03-09 00:00:00,07:01:11,3,38.4,0.0,49.2,72.0,3585.5,3586.0,0.0,-1.2,0.0,32.6,372.39,199.4,59.1,62.6,52.6
2022-03-09 00:00:00,07:02:11,3,38.4,0.0,49.2,72.0,3585.5,3585.22,0.0,-1.2,0.0,32.6,372.39,199.4,59.3,62.6,52.5
2022-03-09 00:00:00,07:03:11,3,38.4,0.0,49.2,72.0,3585.5,3586.03,0.0,-1.2,0.0,32.6,372.39,199.4,59.2,62.8,52.6
2022-03-09 00:00:00,07:04:11,3,38.5,0.0,49.2,72.0,3585.5,3585.08,0.0,-1.3,0.0,32.6,372.38,199.4,59.2,62.8,52.6
2022-03-09 00:00:00,07:05:11,3,38.5,0.0,49.2,72.0,3585.5,3585.57,0.0,-1.2,0.0,32.6,372.38,199.4,59.3,62.8,52.7
2022-03-09 00:00:00,07:06:11,3,38.6,0.0,49.2,72.0,3585.5,3586.0,0.0,-1.2,0.0,32.6,372.38,199.4,59.2,62.9,52.6
2022-03-09 00:00:00,07:07:11,3,38.6,0.0,49.2,72.0,3585.5,3585.15,0.0,-1.3,0.0,32.6,372.37,199.4,59.3,62.9,52.7
2022-03-09 00:00:00,07:08:11,3,38.6,0.0,49.2,72.0,3585.5,3585.61,0.0,-1.2,0.0,32.6,372.37,199.4,59.4,62.9,52.7
2022-03-09 00:00:00,07:09:11,3,38.6,0.0,49.2,72.0,3585.5,3585.96,0.0,-1.2,0.0,32.6,372.38,199.4,59.3,62.9,52.6
2022-03-09 00:00:00,07:10:11,3,38.4,0.0,49.2,72.0,3585.5,3585.29,0.0,-1.2,0.0,32.6,372.38,199.4,59.2,63.0,52.6
2022-03-09 00:00:00,07:11:11,3,38.3,0.0,49.2,72.0,3585.5,3585.82,0.0,-1.2,0.0,32.6,372.37,199.4,59.1,62.9,52.7
2022-03-09 00:00:00,07:12:11,3,38.1,0.0,49.2,72.0,3585.5,3585.22,0.0,-1.2,0.0,32.6,372.37,199.4,59.1,62.8,52.7
2022-03-09 00:00:00,07:13:11,3,38.0,0.0,49.2,72.0,3585.5,3586.1,0.0,-1.2,0.0,32.6,372.37,199.4,58.9,62.9,52.8
2022-03-09 00:00:00,07:14:11,3,37.8,0.0,49.2,72.0,3585.5,3585.93,0.0,-1.2,0.0,32.6,372.38,199.4,59.0,62.8,52.9
2022-03-09 00:00:00,07:15:11,3,37.7,0.0,49.2,72.0,3585.5,3585.08,0.0,-1.2,0.0,32.6,372.37,199.4,58.9,62.8,52.9
2022-03-09 00:00:00,07:16:11,3,37.6,0.0,49.2,72.0,3585.5,3585.93,0.0,-1.2,0.0,32.6,372.38,199.4,58.9,62.6,53.0
2022-03-09 00:00:00,07:17:11,3,37.4,0.0,49.2,72.0,3585.5,3585.96,0.0,-1.2,0.0,32.6,372.38,199.4,58.8,62.6,52.9
2022-03-09 00:00:00,07:18:11,3,37.3,0.0,49.2,72.0,3585.5,3585.25,0.0,-1.2,0.0,32.6,372.38,199.4,58.8,62.6,52.9
2022-03-09 00:00:00,07:19:11,3,37.3,0.0,49.2,72.0,3585.5,3585.89,0.0,-1.2,0.0,32.6,372.37,199.4,58.8,62.5,52.9
2022-03-09 00:00:00,07:20:11,3,37.2,0.0,49.2,72.0,3585.5,3585.01,0.0,-1.2,0.0,32.6,372.37,199.4,58.6,62.6,52.9
2022-03-09 00:00:00,07:21:11,3,37.1,0.0,49.2,72.0,3585.5,3586.14,0.0,-1.3,0.0,32.6,372.38,199.4,58.6,62.5,52.9
2022-03-09 00:00:00,07:22:11,3,36.9,0.0,49.2,72.0,3585.5,3585.89,0.0,-1.2,0.0,32.6,372.39,199.4,58.6,62.5,53.0
2022-03-09 00:00:00,07:23:11,3,36.8,0.0,49.2,72.0,3585.5,3585.01,0.0,-1.2,0.0,32.6,372.38,199.4,58.5,62.4,53.0
2022-03-09 00:00:00,07:24:11,3,37.0,0.0,49.2,72.0,3585.5,3585.82,0.0,-1.2,0.0,32.6,372.39,199.4,58.7,62.4,52.9
2022-03-09 00:00:00,07:25:11,3,37.2,0.0,49.2,72.0,3585.5,3585.71,0.0,-1.2,0.0,32.6,372.38,199.4,58.7,62.5,53.1
2022-03-09 00:00:00,07:26:11,3,37.6,0.0,49.2,72.0,3585.5,3585.4,0.0,-1.2,0.0,32.6,372.38,199.4,58.8,62.5,53.0
2022-03-09 00:00:00,07:27:11,3,37.9,0.0,49.2,72.0,3585.5,3586.07,0.0,-1.2,0.0,32.6,372.38,199.4,58.8,62.5,53.1
2022-03-09 00:00:00,07:28:11,3,38.1,0.0,49.2,72.0,3585.5,3584.97,0.0,-1.2,0.0,32.6,372.39,199.4,59.0,62.5,52.8
2022-03-09 00:00:00,07:29:11,3,38.0,0.0,49.2,72.0,3585.5,3585.86,0.0,-1.2,0.0,32.6,372.38,199.4,59.0,62.5,52.8
2022-03-09 00:00:00,07:30:11,3,38.1,0.0,49.2,72.0,3585.5,3586.0,0.0,-1.2,0.0,32.6,372.38,199.4,59.0,62.4,52.8
2022-03-09 00:00:00,07:31:11,3,38.1,0.0,49.2,72.0,3585.5,3584.9,0.0,-1.2,0.0,32.6,372.38,199.4,59.0,62.6,52.7
2022-03-09 00:00:00,07:32:11,3,38.2,0.0,49.2,72.0,3585.5,3585.57,0.0,-1.2,0.0,32.6,372.38,199.4,59.1,62.6,52.5
2022-03-09 00:00:00,07:33:11,3,38.2,0.0,49.2,72.0,3585.5,3586.0,0.0,-1.2,0.0,32.6,372.38,199.4,59.1,62.7,52.6
2022-03-09 00:00:00,07:34:11,3,38.3,0.0,49.2,72.0,3585.5,3585.04,0.0,-1.2,0.0,32.6,372.39,199.4,59.1,62.7,52.6
2022-03-09 00:00:00,07:35:11,3,38.4,0.0,49.2,72.0,3585.5,3585.86,0.0,-1.2,0.0,32.6,372.38,199.4,59.2,62.8,52.7
2022-03-09 00:00:00,07:36:11,3,38.5,0.0,49.2,72.0,3585.5,3585.22,0.0,-1.2,0.0,32.6,372.37,199.4,59.3,62.8,52.5
2022-03-09 00:00:00,07:37:11,3,38.5,0.0,49.2,72.0,3585.5,3585.96,0.0,-1.2,0.0,32.6,372.37,199.4,59.3,62.9,52.6
2022-03-09 00:00:00,07:38:11,3,38.5,0.0,49.2,72.0,3585.5,3585.75,0.0,-1.2,0.0,32.6,372.37,199.4,59.4,62.8,52.6
2022-03-09 00:00:00,07:39:11,3,38.6,0.0,49.2,72.0,3585.5,3585.29,0.0,-1.2,0.0,32.6,372.38,199.4,59.4,62.9,52.6
2022-03-09 00:00:00,07:40:11,3,38.6,0.0,49.2,72.0,3585.5,3585.68,0.0,-1.2,0.0,32.6,372.36,199.4,59.4,63.0,52.7
2022-03-09 00:00:00,07:41:11,3,38.6,0.0,49.2,72.0,3585.5,3585.54,0.0,-1.2,0.0,32.6,372.37,199.4,59.3,62.9,52.5
2022-03-09 00:00:00,07:42:11,3,38.5,0.0,49.2,72.0,3585.5,3585.43,0.0,-1.2,0.0,32.6,372.36,199.4,59.3,62.9,52.7
2022-03-09 00:00:00,07:43:11,3,38.4,0.0,49.2,72.0,3585.5,3586.07,0.0,-1.2,0.0,32.6,372.37,199.4,59.2,62.9,52.7
2022-03-09 00:00:00,07:44:11,3,38.2,0.0,49.2,72.0,3585.5,3584.86,0.0,-1.2,0.0,32.6,372.36,199.4,59.2,62.8,52.6
2022-03-09 00:00:00,07:45:11,3,38.1,0.0,49.2,72.0,3585.5,3585.93,0.0,-1.2,0.0,32.6,372.35,199.4,59.1,62.8,52.7
2022-03-09 00:00:00,07:46:11,3,37.9,0.0,49.2,72.0,3585.5,3586.0,0.0,-1.2,0.0,32.6,372.37,199.4,59.0,62.8,52.8
2022-03-09 00:00:00,07:47:11,3,37.6,0.0,49.2,72.0,3585.5,3584.79,0.0,-1.2,0.0,32.6,372.37,199.4,58.9,62.8,52.8
2022-03-09 00:00:00,07:48:11,3,37.6,0.0,49.2,72.0,3585.5,3585.64,0.0,-1.2,0.0,32.6,372.36,199.4,58.8,62.8,52.9
2022-03-09 00:00:00,07:49:11,3,37.4,0.0,49.2,72.0,3585.5,3586.17,0.0,-1.3,0.0,32.6,372.36,199.4,58.8,62.7,52.9
2022-03-09 00:00:00,07:50:11,3,37.3,0.0,49.2,72.0,3585.5,3584.94,0.0,-1.2,0.0,32.6,372.36,199.4,58.7,62.8,52.9
2022-03-09 00:00:00,07:51:11,3,37.2,0.0,49.2,72.0,3585.5,3585.64,0.0,-1.2,0.0,32.6,372.36,199.4,58.7,62.6,52.9
2022-03-09 00:00:00,07:52:11,3,36.8,0.0,49.2,72.0,3585.5,3585.82,0.0,-1.2,0.0,32.6,372.37,199.4,58.5,62.6,52.8
2022-03-09 00:00:00,07:53:11,3,36.9,0.0,49.2,72.0,3585.5,3585.54,0.0,-1.2,0.0,32.6,372.36,199.4,58.6,62.4,52.8
2022-03-09 00:00:00,07:54:11,3,37.0,0.0,49.2,72.0,3585.5,3585.71,0.0,-1.2,0.0,32.7,372.37,199.4,58.6,62.6,53.2
2022-03-09 00:00:00,07:55:11,3,37.2,0.0,49.2,72.0,3585.5,3585.43,0.0,-1.2,0.0,32.6,372.36,199.4,58.8,62.7,53.3
2022-03-09 00:00:00,07:56:11,3,37.5,0.0,49.2,72.0,3585.5,3585.93,0.0,-1.2,0.0,32.6,372.36,199.4,58.8,62.7,53.2
2022-03-09 00:00:00,07:57:11,3,37.8,0.0,49.2,72.0,3585.5,3585.86,0.0,-1.2,0.0,32.6,372.38,199.4,59.1,62.5,53.0
2022-03-09 00:00:00,07:58:11,3,38.0,0.0,49.2,72.0,3585.5,3585.15,0.0,-1.2,0.0,32.6,372.37,199.4,58.9,62.7,52.9
2022-03-09 00:00:00,07:59:11,3,38.1,0.0,49.2,72.0,3585.5,3585.78,0.0,-1.2,0.0,32.6,372.37,199.4,59.0,62.7,52.8
2022-03-09 00:00:00,08:00:11,3,38.1,0.0,49.2,72.0,3585.5,3585.47,0.0,-1.2,0.0,32.6,372.36,199.4,59.1,62.7,52.8
2022-03-09 00:00:00,08:01:11,3,38.2,0.0,49.2,72.0,3585.5,3585.32,0.0,-1.2,0.0,32.6,372.36,199.4,59.0,62.7,52.8
2022-03-09 00:00:00,08:02:11,3,38.2,0.0,49.2,72.0,3585.5,3585.71,0.0,-1.2,0.0,32.6,372.36,199.4,59.1,62.7,52.8
2022-03-09 00:00:00,08:03:11,3,38.3,0.0,49.2,72.0,3585.5,3585.08,0.0,-1.2,0.0,32.6,372.36,199.4,59.2,62.7,52.6
2022-03-09 00:00:00,08:04:11,3,38.3,0.0,49.2,72.0,3585.5,3586.07,0.0,-1.2,0.0,32.6,372.37,199.4,59.1,62.9,52.6
2022-03-09 00:00:00,08:05:11,3,38.4,0.0,49.2,72.0,3585.5,3586.1,0.0,-1.2,0.0,32.6,372.37,199.4,59.2,62.7,52.8
2022-03-09 00:00:00,08:06:11,3,38.5,0.0,49.2,72.0,3585.5,3585.11,0.0,-1.2,0.0,32.6,372.36,199.4,59.3,62.8,52.7
2022-03-09 00:00:00,08:07:11,3,38.6,0.0,49.2,72.0,3585.5,3585.75,0.0,-1.2,0.0,32.6,372.36,199.4,59.3,62.8,52.6
2022-03-09 00:00:00,08:08:11,3,38.6,0.0,49.2,72.0,3585.5,3585.93,0.0,-1.2,0.0,32.6,372.36,199.4,59.3,62.9,52.8
2022-03-09 00:00:00,08:09:11,3,38.7,0.0,49.2,72.0,3585.5,3585.36,0.0,-1.2,0.0,32.6,372.36,199.4,59.3,63.0,52.8
2022-03-09 00:00:00,08:10:11,3,38.6,0.0,49.2,72.0,3585.5,3585.89,0.0,-1.2,0.0,32.6,372.35,199.4,59.5,63.0,52.8
2022-03-09 00:00:00,08:11:11,3,38.6,0.0,49.2,72.0,3585.5,3585.15,0.0,-1.2,0.0,32.6,372.36,199.4,59.4,62.9,52.8
2022-03-09 00:00:00,08:12:11,3,38.5,0.0,49.2,72.0,3585.5,3585.78,0.0,-1.2,0.0,32.6,372.37,199.4,59.4,62.9,52.7
2022-03-09 00:00:00,08:13:11,3,38.4,0.0,49.2,72.0,3585.5,3586.03,0.0,-1.2,0.0,32.6,372.35,199.4,59.2,63.0,52.8
2022-03-09 00:00:00,08:14:11,3,38.2,0.0,49.2,72.0,3585.5,3584.83,0.0,-1.2,0.0,32.6,372.36,199.4,59.1,62.9,52.7
2022-03-09 00:00:00,08:15:11,3,38.0,0.0,49.2,72.0,3585.5,3585.86,0.0,-1.2,0.0,32.6,372.35,199.4,59.0,62.8,52.9
2022-03-09 00:00:00,08:16:11,3,37.8,0.0,49.2,72.0,3585.5,3585.96,0.0,-1.2,0.0,32.6,372.35,199.4,58.9,62.9,52.8
2022-03-09 00:00:00,08:17:11,3,37.8,0.0,49.2,72.0,3585.5,3584.94,0.0,-1.2,0.0,32.6,372.35,199.4,58.8,62.9,52.9
2022-03-09 00:00:00,08:18:11,3,37.5,0.0,49.2,72.0,3585.5,3585.82,0.0,-1.2,0.0,32.6,372.36,199.4,58.8,62.9,52.8
2022-03-09 00:00:00,08:19:11,3,37.3,0.0,49.2,72.0,3585.5,3586.17,0.0,-1.2,0.0,32.6,372.35,199.4,58.9,62.6,52.8
2022-03-09 00:00:00,08:20:11,3,37.2,0.0,49.2,72.0,3585.5,3585.01,0.0,-1.2,0.0,32.7,372.36,199.4,58.6,62.8,53.0
2022-03-09 00:00:00,08:21:11,3,37.0,0.0,49.2,72.0,3585.5,3585.78,0.0,-1.2,0.0,32.6,372.36,199.4,58.7,62.6,52.8
2022-03-09 00:00:00,08:22:11,3,37.0,0.0,49.2,72.0,3585.5,3585.47,0.0,-1.2,0.0,32.6,372.36,199.4,58.7,62.5,52.9
2022-03-09 00:00:00,08:23:11,3,36.9,0.0,49.2,72.0,3585.5,3585.32,0.0,-1.3,0.0,32.6,372.36,199.4,58.6,62.6,53.0
2022-03-09 00:00:00,08:24:11,3,37.3,0.0,49.2,72.0,3585.5,3585.86,0.0,-1.2,0.0,32.6,372.36,199.4,58.8,62.6,53.1
2022-03-09 00:00:00,08:25:11,3,37.5,0.0,49.2,72.0,3585.5,3584.97,0.0,-1.2,0.0,32.6,372.36,199.4,58.9,62.7,53.0
2022-03-09 00:00:00,08:26:11,3,37.8,0.0,49.2,72.0,3585.5,3585.78,0.0,-1.3,0.0,32.6,372.37,199.4,59.0,62.7,53.1
2022-03-09 00:00:00,08:27:11,3,38.1,0.0,49.2,72.0,3585.5,3585.78,0.0,-1.2,0.0,32.6,372.36,199.4,58.9,62.7,53.1
2022-03-09 00:00:00,08:28:11,3,38.1,0.0,49.2,72.0,3585.5,3585.25,0.0,-1.2,0.0,32.6,372.37,199.4,58.9,62.6,53.0
2022-03-09 00:00:00,08:29:11,3,38.2,0.0,49.2,72.0,3585.5,3585.54,0.0,-1.2,0.0,32.6,372.36,199.4,59.2,62.7,52.8
2022-03-09 00:00:00,08:30:11,3,38.3,0.0,49.2,72.0,3585.5,3585.54,0.0,-1.2,0.0,32.6,372.36,199.4,59.1,62.7,52.8
2022-03-09 00:00:00,08:31:11,3,38.2,0.0,49.2,72.0,3585.5,3585.36,0.0,-1.2,0.0,32.6,372.36,199.4,59.1,62.8,52.7
2022-03-09 00:00:00,08:32:11,3,38.3,0.0,49.2,72.0,3585.5,3585.64,0.0,-1.2,0.0,32.6,372.36,199.4,59.2,62.7,52.6
2022-03-09 00:00:00,08:33:11,3,38.4,0.0,49.2,72.0,3585.5,3584.97,0.0,-1.2,0.0,32.6,372.36,199.4,59.1,62.9,52.8
2022-03-09 00:00:00,08:34:11,3,38.5,0.0,49.2,72.0,3585.5,3585.57,0.0,-1.2,0.0,32.6,372.35,199.4,59.3,62.8,52.6
2022-03-09 00:00:00,08:35:11,3,38.5,0.0,49.2,72.0,3585.5,3586.0,0.0,-1.2,0.0,32.6,372.35,199.4,59.2,63.0,52.8
2022-03-09 00:00:00,08:36:11,3,38.6,0.0,49.2,72.0,3585.5,3584.79,0.0,-1.2,0.0,32.6,372.36,199.4,59.3,62.8,52.8
2022-03-09 00:00:00,08:37:11,3,38.6,0.0,49.2,72.0,3585.5,3585.75,0.0,-1.2,0.0,32.6,372.35,199.4,59.3,62.9,52.7
2022-03-09 00:00:00,08:38:11,3,38.7,0.0,49.2,72.0,3585.5,3585.82,0.0,-1.2,0.0,32.6,372.36,199.4,59.4,62.9,52.8
2022-03-09 00:00:00,08:39:11,3,38.7,0.0,49.2,72.0,3585.5,3585.01,0.0,-1.2,0.0,32.6,372.35,199.4,59.5,62.9,52.8
2022-03-09 00:00:00,08:40:11,3,38.6,0.0,49.2,72.0,3585.5,3585.75,0.0,-1.2,0.0,32.6,372.35,199.4,59.4,63.0,52.7
2022-03-09 00:00:00,08:41:11,3,38.6,0.0,49.2,72.0,3585.5,3586.1,0.0,-1.2,0.0,32.6,372.35,199.4,59.3,63.0,52.8
2022-03-09 00:00:00,08:42:11,3,38.4,0.0,49.2,72.0,3585.5,3584.79,0.0,-1.2,0.0,32.6,372.35,199.4,59.2,63.0,52.8
2022-03-09 00:00:00,08:43:11,3,38.2,0.0,49.2,72.0,3585.5,3585.61,0.0,-1.2,0.0,32.6,372.35,199.4,59.2,62.9,52.7
2022-03-09 00:00:00,08:44:11,3,38.1,0.0,49.2,72.0,3585.5,3585.68,0.0,-1.2,0.0,32.6,372.35,199.4,59.0,62.9,52.9
2022-03-09 00:00:00,08:45:11,3,38.0,0.0,49.2,72.0,3585.5,3585.32,0.0,-1.2,0.0,32.6,372.35,199.4,58.9,62.8,52.9
2022-03-09 00:00:00,08:46:11,3,37.7,0.0,49.2,72.0,3585.5,3585.75,0.0,-1.2,0.0,32.6,372.35,199.4,58.9,62.9,52.8
2022-03-09 00:00:00,08:47:11,3,37.6,0.0,49.2,72.0,3585.5,3585.25,0.0,-1.2,0.0,32.6,372.35,199.4,58.8,62.7,53.0
2022-03-09 00:00:00,08:48:11,3,37.5,0.0,49.2,72.0,3585.5,3585.71,0.0,-1.3,0.0,32.6,372.35,199.4,58.8,62.8,53.0
2022-03-09 00:00:00,08:49:11,3,37.5,0.0,49.2,72.0,3585.5,3585.64,0.0,-1.2,0.0,32.6,372.35,199.4,58.8,62.7,53.1
2022-03-09 00:00:00,08:50:11,3,37.2,0.0,49.2,72.0,3585.5,3584.83,0.0,-1.2,0.0,32.6,372.35,199.4,58.6,62.8,53.0
2022-03-09 00:00:00,08:51:11,3,36.9,0.0,49.2,72.0,3585.5,3585.93,0.0,-1.2,0.0,32.6,372.35,199.4,58.7,62.5,53.0
2022-03-09 00:00:00,08:52:11,3,36.8,0.0,49.2,72.0,3585.5,3585.93,0.0,-1.2,0.0,32.6,372.35,199.4,58.6,62.6,53.0
2022-03-09 00:00:00,08:53:11,3,37.1,0.0,49.2,72.0,3585.5,3584.86,0.0,-1.2,0.0,32.6,372.36,199.4,58.8,62.6,53.2
2022-03-09 00:00:00,08:54:11,3,37.3,0.0,49.2,72.0,3585.5,3585.86,0.0,-1.2,0.0,32.6,372.35,199.4,58.9,62.7,53.3
2022-03-09 00:00:00,08:55:11,3,37.7,0.0,49.2,72.0,3585.5,3585.64,0.0,-1.2,0.0,32.6,372.36,199.4,58.9,62.7,53.2
2022-03-09 00:00:00,08:56:11,3,38.0,0.0,49.2,72.0,3585.5,3585.04,0.0,-1.2,0.0,32.6,372.35,199.4,59.0,62.8,53.2
2022-03-09 00:00:00,08:57:11,3,38.1,0.0,49.2,72.0,3585.5,3585.71,0.0,-1.2,0.0,32.6,372.35,199.4,59.0,62.6,53.0
2022-03-09 00:00:00,08:58:11,3,38.2,0.0,49.2,72.0,3585.5,3585.36,0.0,-1.2,0.0,32.6,372.35,199.4,59.1,62.8,52.8
2022-03-09 00:00:00,08:59:11,3,38.2,0.0,49.2,72.0,3585.5,3585.29,0.0,-1.2,0.0,32.6,372.36,199.4,59.1,62.8,52.9
2022-03-09 00:00:00,09:00:11,3,38.3,0.0,49.2,72.0,3585.5,3585.86,0.0,-1.2,0.0,32.6,372.36,199.4,59.1,62.7,52.8
2022-03-09 00:00:00,09:01:11,3,38.2,0.0,49.2,72.0,3585.5,3585.25,0.0,-1.2,0.0,32.6,372.35,199.4,59.2,62.7,52.7
2022-03-09 00:00:00,09:02:11,3,38.3,0.0,49.2,72.0,3585.5,3585.82,0.0,-1.2,0.0,32.6,372.36,199.4,59.3,62.8,52.7
2022-03-09 00:00:00,09:03:11,3,38.4,0.0,49.2,72.0,3585.5,3585.61,0.0,-1.3,0.0,32.6,372.35,199.4,59.3,62.8,52.8
2022-03-09 00:00:00,09:04:11,3,38.5,0.0,49.2,72.0,3585.5,3584.94,0.0,-1.3,0.0,32.6,372.36,199.4,59.3,62.8,52.8
2022-03-09 00:00:00,09:05:11,3,38.6,0.0,49.2,72.0,3585.5,3585.86,0.0,-1.2,0.0,32.6,372.35,199.4,59.4,62.8,52.7
2022-03-09 00:00:00,09:06:11,3,38.6,0.0,49.2,72.0,3585.5,3585.78,0.0,-1.2,0.0,32.6,372.35,199.4,59.3,62.9,52.7
2022-03-09 00:00:00,09:07:11,3,38.7,0.0,49.2,72.0,3585.5,3585.08,0.0,-1.2,0.0,32.6,372.35,199.4,59.4,62.9,52.8
2022-03-09 00:00:00,09:08:11,3,38.7,0.0,49.2,72.0,3585.5,3585.71,0.0,-1.3,0.0,32.6,372.35,199.4,59.4,63.1,52.8
2022-03-09 00:00:00,09:09:11,3,38.6,0.0,49.2,72.0,3585.5,3585.57,0.0,-1.2,0.0,32.6,372.35,199.4,59.4,63.0,52.9
2022-03-09 00:00:00,09:10:11,3,38.6,0.0,49.2,72.0,3585.5,3585.01,0.0,-1.2,0.0,32.6,372.35,199.4,59.4,63.1,52.8
2022-03-09 00:00:00,09:11:11,3,38.5,0.0,49.2,72.0,3585.5,3585.71,0.0,-1.2,0.0,32.6,372.35,199.4,59.3,63.0,52.8
2022-03-09 00:00:00,09:12:11,3,38.3,0.0,49.2,72.0,3585.5,3585.54,0.0,-1.2,0.0,32.6,372.35,199.4,59.2,63.0,52.9
2022-03-09 00:00:00,09:13:11,3,38.1,0.0,49.2,72.0,3585.5,3585.36,0.0,-1.2,0.0,32.6,372.35,199.4,59.1,63.0,52.8
2022-03-09 00:00:00,09:14:11,3,37.9,0.0,49.2,72.0,3585.5,3585.93,0.0,-1.2,0.0,32.6,372.35,199.4,59.1,62.9,52.9
2022-03-09 00:00:00,09:15:11,3,37.7,0.0,49.2,72.0,3585.5,3585.25,0.0,-1.2,0.0,32.6,372.34,199.4,59.0,62.8,53.0
2022-03-09 00:00:00,09:16:11,3,37.5,0.0,49.2,72.0,3585.5,3585.15,0.0,-1.2,0.0,32.6,372.34,199.4,59.0,62.7,52.8
2022-03-09 00:00:00,09:17:11,3,37.5,0.0,49.2,72.0,3585.5,3586.17,0.0,-1.2,0.0,32.6,372.35,199.4,58.9,62.7,53.0
2022-03-09 00:00:00,09:18:11,3,37.3,0.0,49.2,72.0,3585.5,3584.9,0.0,-1.2,0.0,32.6,372.35,199.4,58.8,62.8,53.0
2022-03-09 00:00:00,09:19:11,3,37.1,0.0,49.2,72.0,3585.5,3585.68,0.0,-1.2,0.0,32.6,372.35,199.4,58.6,62.7,53.2
2022-03-09 00:00:00,09:20:11,3,37.1,0.0,49.2,72.0,3585.5,3586.03,0.0,-1.2,0.0,32.6,372.35,199.4,58.7,62.6,53.0
2022-03-09 00:00:00,09:21:11,3,37.1,0.0,49.2,72.0,3585.5,3584.97,0.0,-1.2,0.0,32.6,372.35,199.4,58.7,62.5,53.0
2022-03-09 00:00:00,09:22:11,3,37.2,0.0,49.2,72.0,3585.5,3585.4,0.0,-1.2,0.0,32.6,372.35,199.4,58.7,62.6,53.2
2022-03-09 00:00:00,09:23:11,3,37.4,0.0,49.2,72.0,3585.5,3586.07,0.0,-1.2,0.0,32.6,372.35,199.4,58.9,62.7,53.3
2022-03-09 00:00:00,09:24:11,3,37.6,0.0,49.2,72.0,3585.5,3584.83,0.0,-1.2,0.0,32.6,372.35,199.4,58.8,62.8,53.2
2022-03-09 00:00:00,09:25:11,3,37.9,0.0,49.2,72.0,3585.5,3585.4,0.0,-1.3,0.0,32.6,372.35,199.4,59.0,62.6,53.1
2022-03-09 00:00:00,09:26:11,3,38.1,0.0,49.2,72.0,3585.5,3586.1,0.0,-1.3,0.0,32.6,372.35,199.4,59.0,62.7,53.1
2022-03-09 00:00:00,09:27:11,3,38.1,0.0,49.2,72.0,3585.5,3584.9,0.0,-1.2,0.0,32.6,372.35,199.4,58.9,62.8,52.9
2022-03-09 00:00:00,09:28:11,3,38.2,0.0,49.2,72.0,3585.5,3585.68,0.0,-1.3,0.0,32.6,372.35,199.4,59.1,62.7,52.9
2022-03-09 00:00:00,09:29:11,3,38.3,0.0,49.2,72.0,3585.5,3585.82,0.0,-1.2,0.0,32.6,372.35,199.4,59.3,62.8,52.8
2022-03-09 00:00:00,09:30:11,3,38.3,0.0,49.2,72.0,3585.5,3585.25,0.0,-1.2,0.0,32.6,372.35,199.4,59.2,62.7,52.9
2022-03-09 00:00:00,09:31:11,3,38.3,0.0,49.2,72.0,3585.5,3585.47,0.0,-1.2,0.0,32.6,372.35,199.4,59.1,62.8,52.8
2022-03-09 00:00:00,09:32:11,3,38.4,0.0,49.2,72.0,3585.5,3585.4,0.0,-1.2,0.0,32.6,372.35,199.4,59.2,62.8,52.8
2022-03-09 00:00:00,09:33:11,3,38.4,0.0,49.2,72.0,3585.5,3585.5,0.0,-1.3,0.0,32.6,372.35,199.4,59.3,62.8,52.8
2022-03-09 00:00:00,09:34:11,3,38.5,0.0,49.2,72.0,3585.5,3585.82,0.0,-1.2,0.0,32.6,372.35,199.4,59.3,62.8,52.8
2022-03-09 00:00:00,09:35:11,3,38.6,0.0,49.2,72.0,3585.5,3585.15,0.0,-1.2,0.0,32.6,372.35,199.4,59.4,63.0,52.8
2022-03-09 00:00:00,09:36:11,3,38.6,0.0,49.2,72.0,3585.5,3585.78,0.0,-1.2,0.0,32.6,372.35,199.4,59.3,62.9,52.8
2022-03-09 00:00:00,09:37:11,3,38.7,0.0,49.2,72.0,3585.5,3585.89,0.0,-1.2,0.0,32.6,372.35,199.4,59.4,63.0,52.8
2022-03-09 00:00:00,09:38:11,3,38.6,0.0,49.2,72.0,3585.5,3584.97,0.0,-1.2,0.0,32.6,372.34,199.4,59.5,63.0,52.9
2022-03-09 00:00:00,09:39:11,3,38.6,0.0,49.2,72.0,3585.5,3585.89,0.0,-1.2,0.0,32.6,372.35,199.4,59.5,63.0,52.9
2022-03-09 00:00:00,09:40:11,3,38.6,0.0,49.2,72.0,3585.5,3586.0,0.0,-1.2,0.0,32.6,372.35,199.4,59.4,63.0,52.8
2022-03-09 00:00:00,09:41:11,3,38.5,0.0,49.2,72.0,3585.5,3584.9,0.0,-1.2,0.0,32.6,372.35,199.4,59.3,63.0,52.8
2022-03-09 00:00:00,09:42:11,3,38.3,0.0,49.2,72.0,3585.5,3585.96,0.0,-1.2,0.0,32.6,372.34,199.4,59.3,62.9,52.8
2022-03-09 00:00:00,09:43:11,3,38.0,0.0,49.2,72.0,3585.5,3586.0,0.0,-1.2,0.0,32.6,372.35,199.4,59.1,62.9,52.9
2022-03-09 00:00:00,09:44:11,3,37.9,0.0,49.2,72.0,3585.5,3585.04,0.0,-1.2,0.0,32.6,372.35,199.4,59.1,62.8,52.8
2022-03-09 00:00:00,09:45:11,3,37.8,0.0,49.2,72.0,3585.5,3585.71,0.0,-1.2,0.0,32.6,372.35,199.4,59.0,62.8,52.9
2022-03-09 00:00:00,09:46:11,3,37.6,0.0,49.2,72.0,3585.5,3586.24,0.0,-1.2,0.0,32.6,372.35,199.4,58.9,62.9,53.0
2022-03-09 00:00:00,09:47:11,3,37.4,0.0,49.2,72.0,3585.5,3585.25,0.0,-1.2,0.0,32.6,372.35,199.4,58.8,62.9,53.1
2022-03-09 00:00:00,09:48:11,3,37.2,0.0,49.2,72.0,3585.5,3585.96,0.0,-1.2,0.0,32.6,372.35,199.4,58.8,62.7,53.1
2022-03-09 00:00:00,09:49:11,3,37.2,0.0,49.2,72.0,3585.5,3585.89,0.0,-1.2,0.0,32.6,372.35,199.4,58.7,62.6,53.0
2022-03-09 00:00:00,09:50:11,3,36.8,0.0,49.2,72.0,3585.5,3585.04,0.0,-1.2,0.0,32.6,372.34,199.4,58.6,62.6,53.1
2022-03-09 00:00:00,09:51:11,3,37.1,0.0,49.2,72.0,3585.5,3585.89,0.0,-1.2,0.0,32.6,372.35,199.4,58.6,62.7,53.1
2022-03-09 00:00:00,09:52:11,3,37.1,0.0,49.2,72.0,3585.5,3585.86,0.0,-1.2,0.0,32.6,372.35,199.4,58.8,62.7,53.2
2022-03-09 00:00:00,09:53:11,3,37.4,0.0,49.2,72.0,3585.5,3585.18,0.0,-1.2,0.0,32.6,372.35,199.4,58.9,62.7,53.2
2022-03-09 00:00:00,09:54:11,3,37.7,0.0,49.2,72.0,3585.5,3585.96,0.0,-1.2,0.0,32.6,372.35,199.4,58.9,62.8,53.2
2022-03-09 00:00:00,09:55:11,3,38.0,0.0,49.2,72.0,3585.5,3585.68,0.0,-1.2,0.0,32.6,372.34,199.4,59.0,62.7,53.1
2022-03-09 00:00:00,09:56:11,3,38.1,0.0,49.2,72.0,3585.5,3585.36,0.0,-1.2,0.0,32.6,372.35,199.4,59.0,62.7,53.0
2022-03-09 00:00:00,09:57:11,3,38.2,0.0,49.2,72.0,3585.5,3585.61,0.0,-1.2,0.0,32.7,372.35,199.4,59.0,62.6,52.9
2022-03-09 00:00:00,09:58:11,3,38.2,0.0,49.2,72.0,3585.5,3585.25,0.0,-1.2,0.0,32.6,372.35,199.4,59.2,62.6,52.9
2022-03-09 00:00:00,09:59:11,3,38.3,0.0,49.2,72.0,3585.5,3585.61,0.0,-1.2,0.0,32.6,372.35,199.4,59.2,62.8,52.8
2022-03-09 00:00:00,10:00:11,3,38.4,0.0,49.2,72.0,3585.5,3585.93,0.0,-1.2,0.0,32.6,372.35,199.4,59.2,62.8,52.9
2022-03-09 00:00:00,10:01:11,3,38.3,0.0,49.2,72.0,3585.5,3585.04,0.0,-1.3,0.0,32.6,372.35,199.4,59.4,62.7,52.7
2022-03-09 00:00:00,10:02:11,3,38.4,0.0,49.2,72.0,3585.5,3586.03,0.0,-1.2,0.0,32.6,372.34,199.4,59.3,62.8,52.8
2022-03-09 00:00:00,10:03:11,3,38.5,0.0,49.2,72.0,3585.5,3585.89,0.0,-1.2,0.0,32.6,372.34,199.4,59.3,62.8,52.8
2022-03-09 00:00:00,10:04:11,3,38.5,0.0,49.2,72.0,3585.5,3584.9,0.0,-1.2,0.0,32.6,372.35,199.4,59.4,62.9,52.9
2022-03-09 00:00:00,10:05:11,3,38.6,0.0,49.2,72.0,3585.5,3585.75,0.0,-1.2,0.0,32.6,372.35,199.4,59.4,63.0,52.9
2022-03-09 00:00:00,10:06:11,3,38.7,0.0,49.2,72.0,3585.5,3586.03,0.0,-1.2,0.0,32.6,372.35,199.4,59.3,63.0,52.9
2022-03-09 00:00:00,10:07:11,3,38.7,0.0,49.2,72.0,3585.5,3584.97,0.0,-1.3,0.0,32.6,372.34,199.4,59.4,63.0,52.8
2022-03-09 00:00:00,10:08:11,3,38.7,0.0,49.2,72.0,3585.5,3585.78,0.0,-1.3,0.0,32.6,372.33,199.4,59.4,63.1,52.8
2022-03-09 00:00:00,10:09:11,3,38.7,0.0,49.2,72.0,3585.5,3586.21,0.0,-1.2,0.0,32.6,372.34,199.4,59.6,63.0,52.9
2022-03-09 00:00:00,10:10:11,3,38.6,0.0,49.2,72.0,3585.5,3584.97,0.0,-1.2,0.0,32.6,372.34,199.4,59.4,63.1,52.8
2022-03-09 00:00:00,10:11:11,3,38.4,0.0,49.2,72.0,3585.5,3585.57,0.0,-1.3,0.0,32.6,372.33,199.4,59.2,62.9,52.9
2022-03-09 00:00:00,10:12:11,3,38.2,0.0,49.2,72.0,3585.5,3586.17,0.0,-1.2,0.0,32.7,372.34,199.4,59.1,62.9,52.9
2022-03-09 00:00:00,10:13:11,3,38.1,0.0,49.2,72.0,3585.5,3585.08,0.0,-1.2,0.0,32.6,372.34,199.4,58.9,63.0,53.0
2022-03-09 00:00:00,10:14:11,3,37.9,0.0,49.2,72.0,3585.5,3585.61,0.0,-1.2,0.0,32.7,372.34,199.4,59.1,62.9,52.9
2022-03-09 00:00:00,10:15:11,3,37.6,0.0,49.2,72.0,3585.5,3586.0,0.0,-1.2,0.0,32.6,372.34,199.4,58.9,62.9,53.1
2022-03-09 00:00:00,10:16:11,3,37.5,0.0,49.2,72.0,3585.5,3585.04,0.0,-1.3,0.0,32.6,372.35,199.4,58.9,62.9,53.0
2022-03-09 00:00:00,10:17:11,3,37.3,0.0,49.2,72.0,3585.5,3585.64,0.0,-1.2,0.0,32.6,372.34,199.4,58.8,62.7,53.0
2022-03-09 00:00:00,10:18:11,3,37.1,0.0,49.2,72.0,3585.5,3585.86,0.0,-1.3,0.0,32.7,372.34,199.4,58.8,62.7,53.1
2022-03-09 00:00:00,10:19:11,3,37.3,0.0,49.2,72.0,3585.5,3584.97,0.0,-1.2,0.0,32.6,372.34,199.4,58.7,62.8,53.1
2022-03-09 00:00:00,10:20:11,3,37.0,0.0,49.2,72.0,3585.5,3585.4,0.0,-1.2,0.0,32.6,372.34,199.4,58.7,62.6,52.9
2022-03-09 00:00:00,10:21:11,3,37.0,0.0,49.2,72.0,3585.5,3585.82,0.0,-1.2,0.0,32.7,372.34,199.4,58.7,62.6,53.2
2022-03-09 00:00:00,10:22:11,3,37.2,0.0,49.2,72.0,3585.5,3585.04,0.0,-1.2,0.0,32.6,372.35,199.4,58.8,62.8,53.2
2022-03-09 00:00:00,10:23:11,3,37.5,0.0,49.2,72.0,3585.5,3585.71,0.0,-1.3,0.0,32.6,372.33,199.4,59.0,62.8,53.2
2022-03-09 00:00:00,10:24:11,3,37.7,0.0,49.2,72.0,3585.5,3586.1,0.0,-1.3,0.0,32.6,372.34,199.4,58.9,62.7,53.2
2022-03-09 00:00:00,10:25:11,3,38.0,0.0,49.2,72.0,3585.5,3585.04,0.0,-1.2,0.0,32.6,372.34,199.4,59.0,62.8,53.1
2022-03-09 00:00:00,10:26:11,3,38.1,0.0,49.2,72.0,3585.5,3586.0,0.0,-1.2,0.0,32.6,372.34,199.4,59.0,62.7,53.0
2022-03-09 00:00:00,10:27:11,3,38.2,0.0,49.2,72.0,3585.5,3585.89,0.0,-1.2,0.0,32.6,372.35,199.4,59.1,62.8,52.9
2022-03-09 00:00:00,10:28:11,3,38.3,0.0,49.2,72.0,3585.5,3585.25,0.0,-1.2,0.0,32.6,372.34,199.4,59.2,62.8,52.8
2022-03-09 00:00:00,10:29:11,3,38.3,0.0,49.2,72.0,3585.5,3585.82,0.0,-1.2,0.0,32.6,372.34,199.4,59.3,62.7,52.7
2022-03-09 00:00:00,10:30:11,3,38.3,0.0,49.2,72.0,3585.5,3585.86,0.0,-1.3,0.0,32.6,372.33,199.4,59.4,62.8,52.8
2022-03-09 00:00:00,10:31:11,3,38.4,0.0,49.2,72.0,3585.5,3585.01,0.0,-1.3,0.0,32.6,372.35,199.4,59.2,63.0,52.7
2022-03-09 00:00:00,10:32:11,3,38.4,0.0,49.2,72.0,3585.5,3585.86,0.0,-1.2,0.0,32.6,372.34,199.4,59.3,63.0,52.7
2022-03-09 00:00:00,10:33:11,3,38.5,0.0,49.2,72.0,3585.5,3585.78,0.0,-1.2,0.0,32.6,372.35,199.4,59.4,62.9,52.8
2022-03-09 00:00:00,10:34:11,3,38.5,0.0,49.2,72.0,3585.5,3585.57,0.0,-1.2,0.0,32.6,372.34,199.4,59.4,63.0,52.8
2022-03-09 00:00:00,10:35:11,3,38.6,0.0,49.2,72.0,3585.5,3585.93,0.0,-1.2,0.0,32.6,372.34,199.4,59.4,62.9,52.7
2022-03-09 00:00:00,10:36:11,3,38.7,0.0,49.2,72.0,3585.5,3585.36,0.0,-1.2,0.0,32.6,372.33,199.4,59.4,63.1,52.9
2022-03-09 00:00:00,10:37:11,3,38.7,0.0,49.2,72.0,3585.5,3585.11,0.0,-1.2,0.0,32.6,372.35,199.4,59.4,63.1,53.0
2022-03-09 00:00:00,10:38:11,3,38.7,0.0,49.2,72.0,3585.5,3585.96,0.0,-1.3,0.0,32.6,372.33,199.4,59.5,63.0,52.9
2022-03-09 00:00:00,10:39:11,3,38.6,0.0,49.2,72.0,3585.5,3585.64,0.0,-1.3,0.0,32.6,372.35,199.4,59.5,63.1,52.9
2022-03-09 00:00:00,10:40:11,3,38.5,0.0,49.2,72.0,3585.5,3585.11,0.0,-1.2,0.0,32.6,372.33,199.4,59.4,63.0,52.7
2022-03-09 00:00:00,10:41:11,3,38.4,0.0,49.2,72.0,3585.5,3585.96,0.0,-1.2,0.0,32.6,372.33,199.4,59.3,63.0,52.8
2022-03-09 00:00:00,10:42:11,3,38.2,0.0,49.2,72.0,3585.5,3585.5,0.0,-1.2,0.0,32.6,372.34,199.4,59.0,63.0,52.9
2022-03-09 00:00:00,10:43:11,3,38.1,0.0,49.2,72.0,3585.5,3585.25,0.0,-1.2,0.0,32.7,372.34,199.4,59.1,62.9,52.8
2022-03-09 00:00:00,10:44:11,3,37.8,0.0,49.2,72.0,3585.5,3585.93,0.0,-1.2,0.0,32.6,372.33,199.4,58.9,63.0,52.9
2022-03-09 00:00:00,10:45:11,3,37.6,0.0,49.2,72.0,3585.5,3585.82,0.0,-1.3,0.0,32.6,372.34,199.4,59.0,62.8,52.9
2022-03-09 00:00:00,10:46:11,3,37.4,0.0,49.2,72.0,3585.5,3585.25,0.0,-1.3,0.0,32.6,372.34,199.4,58.9,62.9,53.0
2022-03-09 00:00:00,10:47:11,3,37.2,0.0,49.2,72.0,3585.5,3585.64,0.0,-1.2,0.0,32.6,372.34,199.4,58.8,62.8,53.2
2022-03-09 00:00:00,10:48:11,3,37.2,0.0,49.2,72.0,3585.5,3585.78,0.0,-1.2,0.0,32.7,372.33,199.4,58.7,62.8,53.1
2022-03-09 00:00:00,10:49:11,3,37.1,0.0,49.2,72.0,3585.5,3585.29,0.0,-1.2,0.0,32.6,372.35,199.4,58.7,62.7,53.1
2022-03-09 00:00:00,10:50:11,3,37.1,0.0,49.2,72.0,3585.5,3585.71,0.0,-1.2,0.0,32.6,372.33,199.4,58.7,62.7,53.0
2022-03-09 00:00:00,10:51:11,3,37.1,0.0,49.2,72.0,3585.5,3585.93,0.0,-1.2,0.0,32.6,372.34,199.4,58.7,62.6,53.2
2022-03-09 00:00:00,10:52:11,3,37.4,0.0,49.2,72.0,3585.5,3585.25,0.0,-1.2,0.0,32.6,372.34,199.4,58.9,62.9,53.3
2022-03-09 00:00:00,10:53:11,3,37.8,0.0,49.2,72.0,3585.5,3585.57,0.0,-1.2,0.0,32.6,372.34,199.4,58.9,62.8,53.3
2022-03-09 00:00:00,10:54:11,3,38.0,0.0,49.2,72.0,3585.5,3585.43,0.0,-1.2,0.0,32.6,372.33,199.4,59.0,62.8,53.3
2022-03-09 00:00:00,10:55:11,3,38.1,0.0,49.2,72.0,3585.5,3585.36,0.0,-1.3,0.0,32.6,372.35,199.4,59.1,62.8,53.0
2022-03-09 00:00:00,10:56:11,3,38.2,0.0,49.2,72.0,3585.5,3585.61,0.0,-1.3,0.0,32.6,372.34,199.4,59.1,62.7,53.2
2022-03-09 00:00:00,10:57:11,3,38.2,0.0,49.2,72.0,3585.5,3585.61,0.0,-1.2,0.0,32.6,372.34,199.4,59.2,62.8,53.0
2022-03-09 00:00:00,10:58:11,3,38.3,0.0,49.2,72.0,3585.5,3585.32,0.0,-1.2,0.0,32.6,372.34,199.4,59.2,62.9,53.0
2022-03-09 00:00:00,10:59:11,3,38.4,0.0,49.2,72.0,3585.5,3585.57,0.0,-1.2,0.0,32.6,372.35,199.4,59.2,62.9,52.9
2022-03-09 00:00:00,11:00:11,3,38.4,0.0,49.2,72.0,3585.5,3585.47,0.0,-1.2,0.0,32.6,372.33,199.4,59.3,62.9,52.8
2022-03-09 00:00:00,11:01:11,3,38.5,0.0,49.2,72.0,3585.5,3585.57,0.0,-1.2,0.0,32.6,372.33,199.4,59.4,62.8,52.8
2022-03-09 00:00:00,11:02:11,3,38.6,0.0,49.2,72.0,3585.5,3585.64,0.0,-1.2,0.0,32.6,372.33,199.4,59.3,62.9,52.9
2022-03-09 00:00:00,11:03:11,3,38.6,0.0,49.2,72.0,3585.5,3585.5,0.0,-1.2,0.0,32.6,372.33,199.4,59.4,63.0,53.0
2022-03-09 00:00:00,11:04:11,3,38.6,0.0,49.2,72.0,3585.5,3585.32,0.0,-1.2,0.0,32.6,372.33,199.4,59.4,63.1,53.0
2022-03-09 00:00:00,11:05:11,3,38.7,0.0,49.2,72.0,3585.5,3585.86,0.0,-1.3,0.0,32.6,372.33,199.4,59.5,63.0,53.0
2022-03-09 00:00:00,11:06:11,3,38.7,0.0,49.2,72.0,3585.5,3585.43,0.0,-1.2,0.0,32.6,372.33,199.4,59.5,63.1,52.9
2022-03-09 00:00:00,11:07:11,3,38.7,0.0,49.2,72.0,3585.5,3585.25,0.0,-1.2,0.0,32.6,372.33,199.4,59.5,63.2,52.9
2022-03-09 00:00:00,11:08:11,3,38.6,0.0,49.2,72.0,3585.5,3585.47,0.0,-1.2,0.0,32.6,372.33,199.4,59.5,63.1,52.8
2022-03-09 00:00:00,11:09:11,3,38.4,0.0,49.2,72.0,3585.5,3585.5,0.0,-1.2,0.0,32.6,372.32,199.4,59.3,63.1,52.9
2022-03-09 00:00:00,11:10:11,3,38.3,0.0,49.2,72.0,3585.5,3585.08,0.0,-1.2,0.0,32.6,372.32,199.4,59.2,62.9,52.8
2022-03-09 00:00:00,11:11:11,3,38.1,0.0,49.2,72.0,3585.5,3585.64,0.0,-1.2,0.0,32.6,372.33,199.4,59.2,63.0,52.9
2022-03-09 00:00:00,11:12:11,3,37.9,0.0,49.2,72.0,3585.5,3585.57,0.0,-1.3,0.0,32.6,372.32,199.4,59.1,63.0,52.9
2022-03-09 00:00:00,11:13:11,3,37.5,0.0,49.2,72.0,3585.5,3585.08,0.0,-1.3,0.0,32.7,372.32,199.4,59.0,62.9,53.0
2022-03-09 00:00:00,11:14:11,3,37.4,0.0,49.2,72.0,3585.5,3585.64,0.0,-1.2,0.0,32.6,372.32,199.4,58.9,62.8,53.0
2022-03-09 00:00:00,11:15:11,3,37.3,0.0,49.2,72.0,3585.5,3585.64,0.0,-1.2,0.0,32.6,372.32,199.4,58.8,62.8,53.1
2022-03-09 00:00:00,11:16:11,3,37.1,0.0,49.2,72.0,3585.5,3584.83,0.0,-1.2,0.0,32.6,372.32,199.4,58.6,62.8,53.1
2022-03-09 00:00:00,11:17:11,3,37.1,0.0,49.2,72.0,3585.5,3585.75,0.0,-1.2,0.0,32.7,372.32,199.4,58.7,62.7,53.1
2022-03-09 00:00:00,11:18:11,3,37.1,0.0,49.2,72.0,3585.5,3586.03,0.0,-1.2,0.0,32.7,372.32,199.4,58.7,62.7,53.1
2022-03-09 00:00:00,11:19:11,3,37.1,0.0,49.2,72.0,3585.5,3585.11,0.0,-1.2,0.0,32.7,372.32,199.4,58.8,62.7,53.2
2022-03-09 00:00:00,11:20:11,3,37.3,0.0,49.2,72.0,3585.5,3585.86,0.0,-1.2,0.0,32.7,372.32,199.4,58.9,62.8,53.3
2022-03-09 00:00:00,11:21:11,3,37.7,0.0,49.2,72.0,3585.5,3586.0,0.0,-1.2,0.0,32.6,372.33,199.4,59.0,62.8,53.2
2022-03-09 00:00:00,11:22:11,3,38.0,0.0,49.2,72.0,3585.5,3584.86,0.0,-1.2,0.0,32.6,372.33,199.4,59.1,62.7,53.2
2022-03-09 00:00:00,11:23:11,3,38.1,0.0,49.2,72.0,3585.5,3585.61,0.0,-1.3,0.0,32.6,372.32,199.4,59.1,62.7,53.0
2022-03-09 00:00:00,11:24:11,3,38.2,0.0,49.2,72.0,3585.5,3585.78,0.0,-1.3,0.0,32.6,372.33,199.4,59.1,62.8,53.1
2022-03-09 00:00:00,11:25:11,3,38.2,0.0,49.2,72.0,3585.5,3584.72,0.0,-1.2,0.0,32.6,372.34,199.4,59.1,62.8,52.9
2022-03-09 00:00:00,11:26:11,3,38.3,0.0,49.2,72.0,3585.5,3585.64,0.0,-1.2,0.0,32.6,372.33,199.4,59.2,62.8,52.9
2022-03-09 00:00:00,11:27:11,3,38.4,0.0,49.2,72.0,3585.5,3585.93,0.0,-1.2,0.0,32.6,372.32,199.4,59.2,63.0,52.9
2022-03-09 00:00:00,11:28:11,3,38.4,0.0,49.2,72.0,3585.5,3585.04,0.0,-1.2,0.0,32.6,372.32,199.4,59.2,62.8,52.8
2022-03-09 00:00:00,11:29:11,3,38.5,0.0,49.2,72.0,3585.5,3585.75,0.0,-1.2,0.0,32.6,372.32,199.4,59.3,62.9,52.7
2022-03-09 00:00:00,11:30:11,3,38.6,0.0,49.2,72.0,3585.5,3586.14,0.0,-1.2,0.0,32.6,372.32,199.4,59.4,62.9,52.8
2022-03-09 00:00:00,11:31:11,3,38.6,0.0,49.2,72.0,3585.5,3584.83,0.0,-1.2,0.0,32.6,372.32,199.4,59.3,63.1,52.9
2022-03-09 00:00:00,11:32:11,3,38.7,0.0,49.2,72.0,3585.5,3585.86,0.0,-1.2,0.0,32.6,372.32,199.4,59.5,63.2,52.8
2022-03-09 00:00:00,11:33:11,3,38.7,0.0,49.2,72.0,3585.5,3585.93,0.0,-1.2,0.0,32.6,372.32,199.4,59.5,63.1,53.0
2022-03-09 00:00:00,11:34:11,3,38.7,0.0,49.2,72.0,3585.5,3585.01,0.0,-1.2,0.0,32.6,372.33,199.4,59.5,63.2,52.9
2022-03-09 00:00:00,11:35:11,3,38.6,0.0,49.2,72.0,3585.5,3585.78,0.0,-1.2,0.0,32.6,372.33,199.4,59.5,63.1,53.0
2022-03-09 00:00:00,11:36:11,3,38.6,0.0,49.2,72.0,3585.5,3585.78,0.0,-1.2,0.0,32.6,372.32,199.4,59.4,63.0,52.8
2022-03-09 00:00:00,11:37:11,3,38.4,0.0,49.2,72.0,3585.5,3585.15,0.0,-1.2,0.0,32.7,372.32,199.4,59.4,63.0,52.9
2022-03-09 00:00:00,11:38:11,3,38.2,0.0,49.2,72.0,3585.5,3585.71,0.0,-1.3,0.0,32.6,372.32,199.4,59.3,62.9,52.9
2022-03-09 00:00:00,11:39:11,3,38.0,0.0,49.2,72.0,3585.5,3585.86,0.0,-1.3,0.0,32.7,372.32,199.4,59.1,62.9,52.9
2022-03-09 00:00:00,11:40:11,3,37.9,0.0,49.2,72.0,3585.5,3585.22,0.0,-1.2,0.0,32.7,372.33,199.4,59.1,62.9,52.9
2022-03-09 00:00:00,11:41:11,3,37.5,0.0,49.2,72.0,3585.5,3585.54,0.0,-1.2,0.0,32.6,372.32,199.4,59.1,62.9,53.0
2022-03-09 00:00:00,11:42:11,3,37.4,0.0,49.2,72.0,3585.5,3585.5,0.0,-1.2,0.0,32.6,372.32,199.4,58.9,62.8,53.0
2022-03-09 00:00:00,11:43:11,3,37.3,0.0,49.2,72.0,3585.5,3585.4,0.0,-1.2,0.0,32.7,372.32,199.4,59.0,62.8,53.1
2022-03-09 00:00:00,11:44:11,3,37.2,0.0,49.2,72.0,3585.5,3585.36,0.0,-1.2,0.0,32.6,372.32,199.4,58.8,62.9,53.1
2022-03-09 00:00:00,11:45:11,3,37.1,0.0,49.2,72.0,3585.5,3585.68,0.0,-1.2,0.0,32.6,372.32,199.4,58.7,62.7,53.1
2022-03-09 00:00:00,11:46:11,3,36.9,0.0,49.2,72.0,3585.5,3585.86,0.0,-1.2,0.0,32.7,372.32,199.4,58.7,62.7,53.0
2022-03-09 00:00:00,11:47:11,3,37.0,0.0,49.2,72.0,3585.5,3585.29,0.0,-1.2,0.0,32.7,372.31,199.4,58.7,62.6,53.0
2022-03-09 00:00:00,11:48:11,3,37.2,0.0,49.2,72.0,3585.5,3585.4,0.0,-1.2,0.0,32.7,372.32,199.4,58.7,62.8,53.2
2022-03-09 00:00:00,11:49:11,3,37.5,0.0,49.2,72.0,3585.5,3585.82,0.0,-1.2,0.0,32.7,372.32,199.4,59.0,62.8,53.3
2022-03-09 00:00:00,11:50:11,3,37.7,0.0,49.2,72.0,3585.5,3585.43,0.0,-1.2,0.0,32.6,372.32,199.4,59.0,62.8,53.2
2022-03-09 00:00:00,11:51:11,3,38.0,0.0,49.2,72.0,3585.5,3585.5,0.0,-1.3,0.0,32.6,372.32,199.4,59.0,62.8,53.2
2022-03-09 00:00:00,11:52:11,3,38.1,0.0,49.2,72.0,3585.5,3585.93,0.0,-1.3,0.0,32.6,372.32,199.4,59.2,62.8,53.1
2022-03-09 00:00:00,11:53:11,3,38.2,0.0,49.2,72.0,3585.5,3585.11,0.0,-1.3,0.0,32.6,372.33,199.4,59.2,62.8,53.0
2022-03-09 00:00:00,11:54:11,3,38.2,0.0,49.2,72.0,3585.5,3585.64,0.0,-1.3,0.0,32.6,372.32,199.4,59.2,62.8,53.0
2022-03-09 00:00:00,11:55:11,3,38.2,0.0,49.2,72.0,3585.5,3585.71,0.0,-1.2,0.0,32.6,372.31,199.4,59.3,62.8,52.9
2022-03-09 00:00:00,11:56:11,3,38.3,0.0,49.2,72.0,3585.5,3584.9,0.0,-1.2,0.0,32.6,372.33,199.4,59.2,62.9,52.9
2022-03-09 00:00:00,11:57:11,3,38.4,0.0,49.2,72.0,3585.5,3585.89,0.0,-1.2,0.0,32.6,372.32,199.4,59.3,62.9,52.8
2022-03-09 00:00:00,11:58:11,3,38.5,0.0,49.2,72.0,3585.5,3585.71,0.0,-1.2,0.0,32.7,372.32,199.4,59.4,62.9,52.9
2022-03-09 00:00:00,11:59:11,3,38.6,0.0,49.2,72.0,3585.5,3585.11,0.0,-1.2,0.0,32.6,372.32,199.4,59.4,62.9,52.8
2022-03-09 00:00:00,12:00:11,3,38.6,0.0,49.2,72.0,3585.5,3586.03,0.0,-1.2,0.0,32.7,372.31,199.4,59.5,63.0,52.8
2022-03-09 00:00:00,12:01:11,3,38.7,0.0,49.2,72.0,3585.5,3585.78,0.0,-1.3,0.0,32.7,372.32,199.4,59.4,63.0,52.9
2022-03-09 00:00:00,12:02:11,3,38.7,0.0,49.2,72.0,3585.5,3584.97,0.0,-1.3,0.0,32.6,372.31,199.4,59.6,63.1,52.9
2022-03-09 00:00:00,12:03:11,3,38.8,0.0,49.2,72.0,3585.5,3585.93,0.0,-1.2,0.0,32.6,372.33,199.4,59.5,63.2,52.9
2022-03-09 00:00:00,12:04:11,3,38.7,0.0,49.2,72.0,3585.5,3585.86,0.0,-1.2,0.0,32.7,372.32,199.4,59.5,63.1,52.9
2022-03-09 00:00:00,12:05:11,3,38.7,0.0,49.2,72.0,3585.5,3585.15,0.0,-1.2,0.0,32.6,372.31,199.4,59.5,63.1,52.9
2022-03-09 00:00:00,12:06:11,3,38.5,0.0,49.2,72.0,3585.5,3585.61,0.0,-1.2,0.0,32.6,372.31,199.4,59.4,63.1,52.8
2022-03-09 00:00:00,12:07:11,3,38.4,0.0,49.2,72.0,3585.5,3585.93,0.0,-1.2,0.0,32.6,372.31,199.4,59.2,63.2,52.9
2022-03-09 00:00:00,12:08:11,3,38.1,0.0,49.2,72.0,3585.5,3585.04,0.0,-1.2,0.0,32.7,372.32,199.4,59.2,63.0,52.9
2022-03-09 00:00:00,12:09:11,4,38.0,0.0,49.2,72.0,3585.5,3585.61,0.0,-1.3,0.0,32.6,372.32,199.4,59.1,63.0,53.1
2022-03-09 00:00:00,12:09:52,4,37.8,0.0,49.0,72.0,3905.0,3905.32,0.0,-1.3,0.0,35.2,372.75,199.4,59.2,63.1,53.3
2022-03-09 00:00:00,12:10:53,4,37.7,0.0,49.0,72.0,3905.0,3905.04,0.0,-1.2,0.0,35.2,372.75,199.4,59.4,62.9,53.3
2022-03-09 00:00:00,12:11:53,4,37.7,0.0,49.0,72.0,3905.0,3904.54,0.0,-1.2,0.0,35.2,372.74,199.4,59.4,63.0,53.4
2022-03-09 00:00:00,12:12:53,4,37.4,0.0,49.0,72.0,3905.0,3904.82,0.0,-1.2,0.0,35.2,372.74,199.4,59.4,63.1,53.7
2022-03-09 00:00:00,12:13:53,4,37.5,0.0,49.0,72.0,3905.0,3905.11,0.0,-1.2,0.0,35.2,372.73,199.4,59.5,63.1,53.8
2022-03-09 00:00:00,12:14:53,4,37.3,0.0,49.0,72.0,3905.0,3905.36,0.0,-1.2,0.0,35.2,372.73,199.4,59.5,63.1,53.9
2022-03-09 00:00:00,12:15:53,4,37.1,0.0,49.0,72.0,3905.0,3904.19,0.0,-1.2,0.0,35.2,372.72,199.4,59.6,63.0,53.7
2022-03-09 00:00:00,12:16:53,4,37.0,0.0,49.0,72.0,3905.0,3904.9,0.0,-1.2,0.0,35.2,372.71,199.4,59.6,63.0,53.9
2022-03-09 00:00:00,12:17:53,4,37.2,0.0,49.0,72.0,3905.0,3905.25,0.0,-1.3,0.0,35.2,372.71,199.4,59.7,62.9,54.0
2022-03-09 00:00:00,12:18:53,4,37.4,0.0,49.0,72.0,3905.0,3904.54,0.0,-1.2,0.0,35.2,372.71,199.4,59.8,63.1,54.1
2022-03-09 00:00:00,12:19:53,4,37.7,0.0,49.0,72.0,3905.0,3904.47,0.0,-1.2,0.0,35.1,372.72,199.4,60.0,63.1,54.1
2022-03-09 00:00:00,12:20:53,4,37.9,0.0,49.0,72.0,3905.0,3905.21,0.0,-1.2,0.0,35.1,372.7,199.4,60.1,63.1,54.2
2022-03-09 00:00:00,12:21:53,4,38.1,0.0,49.0,72.0,3905.0,3905.18,0.0,-1.2,0.0,35.1,372.69,199.4,60.2,63.1,54.1
2022-03-09 00:00:00,12:22:53,4,38.2,0.0,49.0,72.0,3905.0,3904.15,0.0,-1.3,0.0,35.1,372.7,199.4,60.2,63.2,54.0
2022-03-09 00:00:00,12:23:53,4,38.2,0.0,49.0,72.0,3905.0,3905.21,0.0,-1.3,0.0,35.1,372.68,199.4,60.3,63.3,54.0
2022-03-09 00:00:00,12:24:53,4,38.2,0.0,49.0,72.0,3905.0,3905.46,0.0,-1.3,0.0,35.1,372.68,199.4,60.4,63.3,54.0
2022-03-09 00:00:00,12:25:53,4,38.3,0.0,49.0,72.0,3905.0,3904.22,0.0,-1.2,0.0,35.1,372.68,199.4,60.5,63.4,54.0
2022-03-09 00:00:00,12:26:53,4,38.4,0.0,49.0,72.0,3905.0,3905.18,0.0,-1.2,0.0,35.0,372.66,199.4,60.5,63.3,54.0
2022-03-09 00:00:00,12:27:53,4,38.5,0.0,49.0,72.0,3905.0,3905.39,0.0,-1.2,0.0,35.0,372.67,199.4,60.5,63.4,54.0
2022-03-09 00:00:00,12:28:53,4,38.6,0.0,49.0,72.0,3905.0,3904.26,0.0,-1.2,0.0,35.0,372.66,199.4,60.5,63.6,54.0
2022-03-09 00:00:00,12:29:53,4,38.7,0.0,49.0,72.0,3905.0,3904.93,0.0,-1.2,0.0,35.0,372.66,199.4,60.6,63.5,54.1
2022-03-09 00:00:00,12:30:53,4,38.7,0.0,49.0,72.0,3905.0,3905.21,0.0,-1.2,0.0,35.0,372.66,199.4,60.7,63.6,53.9
2022-03-09 00:00:00,12:31:53,4,38.8,0.0,49.0,72.0,3905.0,3904.33,0.0,-1.2,0.0,35.0,372.66,199.4,60.8,63.6,54.0
2022-03-09 00:00:00,12:32:53,4,38.8,0.0,49.0,72.0,3905.0,3905.14,0.0,-1.2,0.0,35.0,372.66,199.4,60.8,63.7,54.1
2022-03-09 00:00:00,12:33:53,4,38.7,0.0,49.0,72.0,3905.0,3905.36,0.0,-1.2,0.0,35.0,372.65,199.4,60.8,63.6,54.1
2022-03-09 00:00:00,12:34:53,4,38.7,0.0,49.0,72.0,3905.0,3904.33,0.0,-1.2,0.0,35.0,372.65,199.4,60.8,63.7,54.0
2022-03-09 00:00:00,12:35:53,4,38.6,0.0,49.0,72.0,3905.0,3905.14,0.0,-1.2,0.0,35.0,372.65,199.4,60.8,63.6,54.0
2022-03-09 00:00:00,12:36:53,4,38.4,0.0,49.0,72.0,3905.0,3905.0,0.0,-1.2,0.0,35.0,372.64,199.4,60.6,63.6,54.1
2022-03-09 00:00:00,12:37:53,4,38.2,0.0,49.0,72.0,3905.0,3905.04,0.0,-1.3,0.0,35.0,372.63,199.4,60.6,63.6,54.2
2022-03-09 00:00:00,12:38:53,4,38.0,0.0,49.0,72.0,3905.0,3905.14,0.0,-1.3,0.0,35.0,372.64,199.4,60.6,63.5,54.2
2022-03-09 00:00:00,12:39:53,4,37.9,0.0,49.0,72.0,3905.0,3904.36,0.0,-1.2,0.0,35.0,372.63,199.4,60.4,63.7,54.1
2022-03-09 00:00:00,12:40:53,4,37.7,0.0,49.0,72.0,3905.0,3905.18,0.0,-1.2,0.0,34.9,372.63,199.4,60.3,63.7,54.3
2022-03-09 00:00:00,12:41:53,4,37.6,0.0,49.0,72.0,3905.0,3904.79,0.0,-1.2,0.0,34.9,372.63,199.4,60.3,63.6,54.4
2022-03-09 00:00:00,12:42:53,4,37.5,0.0,49.0,72.0,3905.0,3904.47,0.0,-1.2,0.0,35.0,372.62,199.4,60.4,63.5,54.4
2022-03-09 00:00:00,12:43:53,4,37.4,0.0,49.0,72.0,3905.0,3905.18,0.0,-1.2,0.0,34.9,372.63,199.4,60.2,63.6,54.4
2022-03-09 00:00:00,12:44:53,4,37.4,0.0,49.0,72.0,3905.0,3905.18,0.0,-1.2,0.0,34.9,372.62,199.4,60.3,63.4,54.4
2022-03-09 00:00:00,12:45:53,4,37.3,0.0,49.0,72.0,3905.0,3904.54,0.0,-1.2,0.0,34.9,372.62,199.4,60.2,63.4,54.3
2022-03-09 00:00:00,12:46:53,4,37.2,0.0,49.0,72.0,3905.0,3905.11,0.0,-1.2,0.0,34.9,372.62,199.4,60.2,63.4,54.3
2022-03-09 00:00:00,12:47:53,4,36.9,0.0,49.0,72.0,3905.0,3904.65,0.0,-1.2,0.0,34.9,372.62,199.4,60.2,63.3,54.3
2022-03-09 00:00:00,12:48:53,4,37.1,0.0,49.0,72.0,3905.0,3905.39,0.0,-1.2,0.0,34.9,372.62,199.4,60.3,63.5,54.4
2022-03-09 00:00:00,12:49:53,4,37.4,0.0,49.0,72.0,3905.0,3905.14,0.0,-1.2,0.0,34.9,372.62,199.4,60.4,63.5,54.5
2022-03-09 00:00:00,12:50:53,4,37.8,0.0,49.0,72.0,3905.0,3904.54,0.0,-1.2,0.0,34.9,372.62,199.4,60.4,63.5,54.6
2022-03-09 00:00:00,12:51:53,4,38.0,0.0,49.0,72.0,3905.0,3905.04,0.0,-1.2,0.0,34.9,372.61,199.4,60.6,63.6,54.5
2022-03-09 00:00:00,12:52:53,4,38.2,0.0,49.0,72.0,3905.0,3904.61,0.0,-1.2,0.0,34.9,372.62,199.4,60.5,63.5,54.5
2022-03-09 00:00:00,12:53:53,4,38.2,0.0,49.0,72.0,3905.0,3904.61,0.0,-1.3,0.0,34.9,372.61,199.4,60.7,63.5,54.4
2022-03-09 00:00:00,12:54:53,4,38.3,0.0,49.0,72.0,3905.0,3905.07,0.0,-1.3,0.0,34.9,372.61,199.4,60.6,63.6,54.4
2022-03-09 00:00:00,12:55:53,4,38.3,0.0,49.0,72.0,3905.0,3904.12,0.0,-1.3,0.0,34.9,372.61,199.4,60.8,63.5,54.4
2022-03-09 00:00:00,12:56:53,4,38.4,0.0,49.0,72.0,3905.0,3905.11,0.0,-1.2,0.0,34.9,372.61,199.4,60.8,63.6,54.2
2022-03-09 00:00:00,12:57:53,4,38.5,0.0,49.0,72.0,3905.0,3905.21,0.0,-1.2,0.0,34.9,372.6,199.4,60.9,63.6,54.2
2022-03-09 00:00:00,12:58:53,4,38.6,0.0,49.0,72.0,3905.0,3904.58,0.0,-1.2,0.0,34.9,372.61,199.4,60.9,63.8,54.3
2022-03-09 00:00:00,12:59:53,4,38.6,0.0,49.0,72.0,3905.0,3905.07,0.0,-1.2,0.0,34.9,372.6,199.4,60.9,63.8,54.3
2022-03-09 00:00:00,13:00:53,4,38.7,0.0,49.0,72.0,3905.0,3904.44,0.0,-1.2,0.0,34.9,372.59,199.4,60.9,63.8,54.4
2022-03-09 00:00:00,13:01:53,4,38.8,0.0,49.0,72.0,3905.0,3905.0,0.0,-1.2,0.0,34.9,372.59,199.4,61.0,63.9,54.3
2022-03-09 00:00:00,13:02:53,4,38.7,0.0,49.0,72.0,3905.0,3904.86,0.0,-1.2,0.0,34.9,372.59,199.4,61.1,63.9,54.3
2022-03-09 00:00:00,13:03:53,4,38.7,0.0,49.0,72.0,3905.0,3904.9,0.0,-1.2,0.0,34.9,372.59,199.4,61.1,63.9,54.3
2022-03-09 00:00:00,13:04:53,4,38.7,0.0,49.0,72.0,3905.0,3904.86,0.0,-1.2,0.0,34.9,372.59,199.4,61.1,63.9,54.3
2022-03-09 00:00:00,13:05:53,4,38.6,0.0,49.0,72.0,3905.0,3904.29,0.0,-1.2,0.0,34.9,372.59,199.4,61.0,63.9,54.1
2022-03-09 00:00:00,13:06:53,4,38.4,0.0,49.0,72.0,3905.0,3905.25,0.0,-1.2,0.0,34.9,372.59,199.4,60.7,64.0,54.3
2022-03-09 00:00:00,13:07:53,4,38.2,0.0,49.0,72.0,3905.0,3904.61,0.0,-1.3,0.0,34.9,372.59,199.4,60.8,63.9,54.3
2022-03-09 00:00:00,13:08:53,4,38.1,0.0,49.0,72.0,3905.0,3904.75,0.0,-1.3,0.0,34.9,372.59,199.4,60.8,63.7,54.4
2022-03-09 00:00:00,13:09:53,4,37.9,0.0,49.0,72.0,3905.0,3905.21,0.0,-1.3,0.0,34.9,372.59,199.4,60.6,63.8,54.4
2022-03-09 00:00:00,13:10:53,4,37.8,0.0,49.0,72.0,3905.0,3904.33,0.0,-1.2,0.0,34.9,372.58,199.4,60.6,63.7,54.4
2022-03-09 00:00:00,13:11:53,4,37.7,0.0,49.0,72.0,3905.0,3904.9,0.0,-1.3,0.0,34.9,372.59,199.4,60.5,63.7,54.5
2022-03-09 00:00:00,13:12:53,4,37.4,0.0,49.0,72.0,3905.0,3904.58,0.0,-1.2,0.0,34.9,372.59,199.4,60.5,63.7,54.5
2022-03-09 00:00:00,13:13:53,4,37.4,0.0,49.0,72.0,3905.0,3905.21,0.0,-1.2,0.0,34.9,372.58,199.4,60.5,63.7,54.5
2022-03-09 00:00:00,13:14:53,4,37.3,0.0,49.0,72.0,3905.0,3904.93,0.0,-1.3,0.0,34.9,372.58,199.4,60.4,63.7,54.5
2022-03-09 00:00:00,13:15:53,4,37.3,0.0,49.0,72.0,3905.0,3904.61,0.0,-1.2,0.0,34.9,372.59,199.4,60.4,63.7,54.6
2022-03-09 00:00:00,13:16:53,4,37.3,0.0,49.0,72.0,3905.0,3904.97,0.0,-1.3,0.0,34.9,372.58,199.4,60.3,63.6,54.6
2022-03-09 00:00:00,13:17:53,4,37.1,0.0,49.0,72.0,3905.0,3904.08,0.0,-1.3,0.0,34.9,372.58,199.4,60.3,63.6,54.4
2022-03-09 00:00:00,13:18:53,4,37.3,0.0,49.0,72.0,3905.0,3905.11,0.0,-1.2,0.0,34.9,372.58,199.4,60.4,63.7,54.6
2022-03-09 00:00:00,13:19:53,4,37.6,0.0,49.0,72.0,3905.0,3904.9,0.0,-1.2,0.0,34.9,372.58,199.4,60.6,63.7,54.6
2022-03-09 00:00:00,13:20:53,4,37.8,0.0,49.0,72.0,3905.0,3905.07,0.0,-1.3,0.0,34.9,372.58,199.4,60.7,63.7,54.6
2022-03-09 00:00:00,13:21:53,4,38.1,0.0,49.0,72.0,3905.0,3904.93,0.0,-1.3,0.0,34.9,372.58,199.4,60.7,63.6,54.7
2022-03-09 00:00:00,13:22:53,4,38.2,0.0,49.0,72.0,3905.0,3904.72,0.0,-1.3,0.0,34.9,372.57,199.4,60.7,63.8,54.5
2022-03-09 00:00:00,13:23:53,4,38.3,0.0,49.0,72.0,3905.0,3905.04,0.0,-1.3,0.0,34.9,372.57,199.4,60.8,63.7,54.4
2022-03-09 00:00:00,13:24:53,4,38.3,0.0,49.0,72.0,3905.0,3904.26,0.0,-1.2,0.0,34.9,372.57,199.4,60.9,63.7,54.4
2022-03-09 00:00:00,13:25:53,4,38.4,0.0,49.0,72.0,3905.0,3905.36,0.0,-1.2,0.0,34.9,372.57,199.4,60.9,63.8,54.4
2022-03-09 00:00:00,13:26:53,4,38.4,0.0,49.0,72.0,3905.0,3905.04,0.0,-1.3,0.0,34.9,372.57,199.4,61.0,63.8,54.3
2022-03-09 00:00:00,13:27:53,4,38.5,0.0,49.0,72.0,3905.0,3905.04,0.0,-1.3,0.0,34.9,372.57,199.4,61.1,63.7,54.2
2022-03-09 00:00:00,13:28:53,4,38.6,0.0,49.0,72.0,3905.0,3905.18,0.0,-1.3,0.0,34.9,372.57,199.4,61.1,63.9,54.3
2022-03-09 00:00:00,13:29:53,4,38.6,0.0,49.0,72.0,3905.0,3904.54,0.0,-1.3,0.0,34.9,372.57,199.4,61.0,64.0,54.3
2022-03-09 00:00:00,13:30:53,4,38.7,0.0,49.0,72.0,3905.0,3904.86,0.0,-1.3,0.0,34.8,372.56,199.4,61.2,63.9,54.3
2022-03-09 00:00:00,13:31:53,4,38.7,0.0,49.0,72.0,3905.0,3904.47,0.0,-1.3,0.0,34.8,372.56,199.4,61.2,64.0,54.4
2022-03-09 00:00:00,13:32:53,4,38.7,0.0,49.0,72.0,3905.0,3905.43,0.0,-1.3,0.0,34.8,372.56,199.4,61.2,64.1,54.3
2022-03-09 00:00:00,13:33:53,4,38.7,0.0,49.0,72.0,3905.0,3904.4,0.0,-1.3,0.0,34.9,372.56,199.4,61.1,64.1,54.4
2022-03-09 00:00:00,13:34:53,4,38.7,0.0,49.0,72.0,3905.0,3905.18,0.0,-1.3,0.0,34.8,372.56,199.4,61.2,64.0,54.2
2022-03-09 00:00:00,13:35:53,4,38.6,0.0,49.0,72.0,3905.0,3905.0,0.0,-1.3,0.0,34.9,372.56,199.4,61.1,64.0,54.4
2022-03-09 00:00:00,13:36:53,4,38.3,0.0,49.0,72.0,3905.0,3905.28,0.0,-1.3,0.0,34.9,372.56,199.4,61.0,64.0,54.4
2022-03-09 00:00:00,13:37:53,4,38.1,0.0,49.0,72.0,3905.0,3905.04,0.0,-1.2,0.0,34.9,372.55,199.4,60.9,63.9,54.5
2022-03-09 00:00:00,13:38:53,4,37.8,0.0,49.0,72.0,3905.0,3904.54,0.0,-1.3,0.0,34.8,372.56,199.4,60.7,63.9,54.4
2022-03-09 00:00:00,13:39:53,4,37.8,0.0,49.0,72.0,3905.0,3905.07,0.0,-1.3,0.0,34.9,372.55,199.4,60.7,63.9,54.4
2022-03-09 00:00:00,13:40:53,4,37.6,0.0,49.0,72.0,3905.0,3904.44,0.0,-1.2,0.0,34.9,372.56,199.4,60.6,63.9,54.5
2022-03-09 00:00:00,13:41:53,4,37.5,0.0,49.0,72.0,3905.0,3905.21,0.0,-1.3,0.0,34.9,372.56,199.4,60.7,63.9,54.5
2022-03-09 00:00:00,13:42:53,4,37.3,0.0,49.0,72.0,3905.0,3904.61,0.0,-1.3,0.0,34.9,372.55,199.4,60.5,63.8,54.7
2022-03-09 00:00:00,13:43:53,4,37.2,0.0,49.0,72.0,3905.0,3905.21,0.0,-1.3,0.0,34.9,372.56,199.4,60.5,63.8,54.5
2022-03-09 00:00:00,13:44:53,4,37.3,0.0,49.0,72.0,3905.0,3905.11,0.0,-1.3,0.0,34.9,372.55,199.4,60.5,63.7,54.5
2022-03-09 00:00:00,13:45:53,4,37.0,0.0,49.0,72.0,3905.0,3905.14,0.0,-1.3,0.0,34.9,372.55,199.4,60.4,63.7,54.6
2022-03-09 00:00:00,13:46:53,4,37.1,0.0,49.0,72.0,3905.0,3905.32,0.0,-1.3,0.0,34.9,372.56,199.4,60.3,63.7,54.7
2022-03-09 00:00:00,13:47:53,4,37.2,0.0,49.0,72.0,3905.0,3904.54,0.0,-1.3,0.0,34.9,372.56,199.4,60.6,63.8,54.8
2022-03-09 00:00:00,13:48:53,4,37.4,0.0,49.0,72.0,3905.0,3905.0,0.0,-1.2,0.0,34.9,372.56,199.4,60.6,63.9,54.8
2022-03-09 00:00:00,13:49:53,4,37.8,0.0,49.0,72.0,3905.0,3904.33,0.0,-1.2,0.0,34.8,372.55,199.4,60.7,63.8,54.7
2022-03-09 00:00:00,13:50:53,4,38.0,0.0,49.0,72.0,3905.0,3904.9,0.0,-1.2,0.0,34.8,372.55,199.4,60.8,63.7,54.7
2022-03-09 00:00:00,13:51:53,4,38.1,0.0,49.0,72.0,3905.0,3904.33,0.0,-1.3,0.0,34.8,372.55,199.4,60.8,63.8,54.5
2022-03-09 00:00:00,13:52:53,4,38.2,0.0,49.0,72.0,3905.0,3905.36,0.0,-1.3,0.0,34.8,372.55,199.4,60.9,63.8,54.5
2022-03-09 00:00:00,13:53:53,4,38.3,0.0,49.0,72.0,3905.0,3904.47,0.0,-1.3,0.0,34.8,372.55,199.4,61.0,63.8,54.5
2022-03-09 00:00:00,13:54:53,4,38.4,0.0,49.0,72.0,3905.0,3905.11,0.0,-1.3,0.0,34.8,372.56,199.4,61.0,63.8,54.5
2022-03-09 00:00:00,13:55:53,4,38.4,0.0,49.0,72.0,3905.0,3905.36,0.0,-1.2,0.0,34.8,372.55,199.4,61.0,63.8,54.4
2022-03-09 00:00:00,13:56:53,4,38.5,0.0,49.0,72.0,3905.0,3904.82,0.0,-1.2,0.0,34.8,372.54,199.4,61.1,63.9,54.5
2022-03-09 00:00:00,13:57:53,4,38.6,0.0,49.0,72.0,3905.0,3904.75,0.0,-1.3,0.0,34.8,372.55,199.4,61.1,64.0,54.4
2022-03-09 00:00:00,13:58:53,4,38.6,0.0,49.0,72.0,3905.0,3904.58,0.0,-1.3,0.0,34.8,372.54,199.4,61.1,64.0,54.4
2022-03-09 00:00:00,13:59:53,4,38.7,0.0,49.0,72.0,3905.0,3904.93,0.0,-1.3,0.0,34.8,372.54,199.4,61.1,64.1,54.4
2022-03-09 00:00:00,14:00:53,4,38.8,0.0,49.0,72.0,3905.0,3904.29,0.0,-1.3,0.0,34.8,372.54,199.4,61.4,63.9,54.4
2022-03-09 00:00:00,14:01:53,4,38.8,0.0,49.0,72.0,3905.0,3905.28,0.0,-1.3,0.0,34.8,372.54,199.4,61.3,64.1,54.6
2022-03-09 00:00:00,14:02:53,4,38.7,0.0,49.0,72.0,3905.0,3904.44,0.0,-1.2,0.0,34.8,372.54,199.4,61.3,64.1,54.3
2022-03-09 00:00:00,14:03:53,4,38.7,0.0,49.0,72.0,3905.0,3904.9,0.0,-1.3,0.0,34.8,372.53,199.4,61.3,64.0,54.4
2022-03-09 00:00:00,14:04:53,4,38.5,0.0,49.0,72.0,3905.0,3904.72,0.0,-1.2,0.0,34.8,372.54,199.4,61.2,64.1,54.2
2022-03-09 00:00:00,14:05:53,4,38.3,0.0,49.0,72.0,3905.0,3905.46,0.0,-1.2,0.0,34.8,372.54,199.4,61.0,64.1,54.4
2022-03-09 00:00:00,14:06:53,4,38.2,0.0,49.0,72.0,3905.0,3904.86,0.0,-1.3,0.0,34.9,372.53,199.4,61.0,64.0,54.4
2022-03-09 00:00:00,14:07:53,4,38.0,0.0,49.0,72.0,3905.0,3905.39,0.0,-1.3,0.0,34.8,372.53,199.4,60.9,64.1,54.4
2022-03-09 00:00:00,14:08:53,4,37.7,0.0,49.0,72.0,3905.0,3905.25,0.0,-1.3,0.0,34.8,372.52,199.4,60.7,64.0,54.6
2022-03-09 00:00:00,14:09:53,4,37.5,0.0,49.0,72.0,3905.0,3904.9,0.0,-1.3,0.0,34.9,372.53,199.4,60.7,63.9,54.6
2022-03-09 00:00:00,14:10:53,4,37.4,0.0,49.0,72.0,3905.0,3905.36,0.0,-1.3,0.0,34.9,372.53,199.4,60.7,63.8,54.6
2022-03-09 00:00:00,14:11:53,4,37.1,0.0,49.0,72.0,3905.0,3904.68,0.0,-1.3,0.0,34.9,372.53,199.4,60.6,63.8,54.5
2022-03-09 00:00:00,14:12:53,4,37.1,0.0,49.0,72.0,3905.0,3904.93,0.0,-1.2,0.0,34.9,372.53,199.4,60.5,63.8,54.7
2022-03-09 00:00:00,14:13:53,4,36.9,0.0,49.0,72.0,3905.0,3904.47,0.0,-1.2,0.0,34.9,372.53,199.4,60.5,63.7,54.4
2022-03-09 00:00:00,14:14:53,4,36.9,0.0,49.0,72.0,3905.0,3905.46,0.0,-1.2,0.0,34.9,372.53,199.4,60.5,63.7,54.6
2022-03-09 00:00:00,14:15:53,4,37.0,0.0,49.0,72.0,3905.0,3904.33,0.0,-1.2,0.0,34.9,372.53,199.4,60.5,63.7,54.7
2022-03-09 00:00:00,14:16:53,4,37.2,0.0,49.0,72.0,3905.0,3905.0,0.0,-1.2,0.0,34.9,372.52,199.4,60.6,63.8,54.8
2022-03-09 00:00:00,14:17:53,4,37.5,0.0,49.0,72.0,3905.0,3904.44,0.0,-1.3,0.0,34.9,372.53,199.4,60.6,63.9,54.9
2022-03-09 00:00:00,14:18:53,4,37.8,0.0,49.0,72.0,3905.0,3905.39,0.0,-1.3,0.0,34.9,372.53,199.4,60.8,63.8,54.9
2022-03-09 00:00:00,14:19:53,4,38.1,0.0,49.0,72.0,3905.0,3904.29,0.0,-1.3,0.0,34.8,372.52,199.4,60.8,63.9,54.7
2022-03-09 00:00:00,14:20:53,4,38.1,0.0,49.0,72.0,3905.0,3905.5,0.0,-1.3,0.0,34.8,372.53,199.4,60.9,63.9,54.6
2022-03-09 00:00:00,14:21:53,4,38.2,0.0,49.0,72.0,3905.0,3904.86,0.0,-1.3,0.0,34.8,372.52,199.4,61.0,63.8,54.4
2022-03-09 00:00:00,14:22:53,4,38.3,0.0,49.0,72.0,3905.0,3905.32,0.0,-1.2,0.0,34.8,372.53,199.4,60.9,64.0,54.5
2022-03-09 00:00:00,14:23:53,4,38.4,0.0,49.0,72.0,3905.0,3905.14,0.0,-1.3,0.0,34.8,372.53,199.4,61.1,63.9,54.3
2022-03-09 00:00:00,14:24:53,4,38.4,0.0,49.0,72.0,3905.0,3905.28,0.0,-1.3,0.0,34.8,372.52,199.4,61.0,64.0,54.5
2022-03-09 00:00:00,14:25:53,4,38.5,0.0,49.0,72.0,3905.0,3905.36,0.0,-1.3,0.0,34.8,372.52,199.4,61.1,63.9,54.4
2022-03-09 00:00:00,14:26:53,4,38.5,0.0,49.0,72.0,3905.0,3905.0,0.0,-1.3,0.0,34.8,372.52,199.4,61.0,64.1,54.5
2022-03-09 00:00:00,14:27:53,4,38.6,0.0,49.0,72.0,3905.0,3905.25,0.0,-1.3,0.0,34.8,372.52,199.4,61.2,64.1,54.6
2022-03-09 00:00:00,14:28:53,4,38.7,0.0,49.0,72.0,3905.0,3904.65,0.0,-1.3,0.0,34.8,372.52,199.4,61.3,64.0,54.4
2022-03-09 00:00:00,14:29:53,4,38.8,0.0,49.0,72.0,3905.0,3905.11,0.0,-1.3,0.0,34.8,372.52,199.4,61.4,64.2,54.5
2022-03-09 00:00:00,14:30:53,4,38.8,0.0,49.0,72.0,3905.0,3904.54,0.0,-1.3,0.0,34.8,372.52,199.4,61.3,64.2,54.5
2022-03-09 00:00:00,14:31:53,4,38.7,0.0,49.0,72.0,3905.0,3905.32,0.0,-1.3,0.0,34.8,372.52,199.4,61.3,64.1,54.4
2022-03-09 00:00:00,14:32:53,4,38.7,0.0,49.0,72.0,3905.0,3904.26,0.0,-1.3,0.0,34.8,372.52,199.4,61.4,64.2,54.3
2022-03-09 00:00:00,14:33:53,4,38.6,0.0,49.0,72.0,3905.0,3905.0,0.0,-1.3,0.0,34.8,372.52,199.4,61.1,64.1,54.5
2022-03-09 00:00:00,14:34:53,4,38.4,0.0,49.0,72.0,3905.0,3904.44,0.0,-1.3,0.0,34.8,372.52,199.4,61.0,64.1,54.5
2022-03-09 00:00:00,14:35:53,4,38.2,0.0,49.0,72.0,3905.0,3905.18,0.0,-1.2,0.0,34.8,372.51,199.4,61.0,64.1,54.5
2022-03-09 00:00:00,14:36:53,4,38.1,0.0,49.0,72.0,3905.0,3904.36,0.0,-1.2,0.0,34.8,372.52,199.4,60.9,64.0,54.5
2022-03-09 00:00:00,14:37:53,4,37.9,0.0,49.0,72.0,3905.0,3905.18,0.0,-1.3,0.0,34.8,372.52,199.4,60.9,64.1,54.7
2022-03-09 00:00:00,14:38:53,4,37.9,0.0,49.0,72.0,3905.0,3904.72,0.0,-1.3,0.0,34.8,372.51,199.4,60.8,64.0,54.6
2022-03-09 00:00:00,14:39:53,4,37.5,0.0,49.0,72.0,3905.0,3905.11,0.0,-1.3,0.0,34.8,372.51,199.4,60.8,64.0,54.6
2022-03-09 00:00:00,14:40:53,4,37.5,0.0,49.0,72.0,3905.0,3904.36,0.0,-1.3,0.0,34.8,372.51,199.4,60.8,64.0,54.7
2022-03-09 00:00:00,14:41:53,4,37.3,0.0,49.0,72.0,3905.0,3905.46,0.0,-1.3,0.0,34.8,372.51,199.4,60.7,63.9,54.6
2022-03-09 00:00:00,14:42:53,4,37.4,0.0,49.0,72.0,3905.0,3904.36,0.0,-1.3,0.0,34.8,372.52,199.4,60.6,63.9,54.6
2022-03-09 00:00:00,14:43:53,4,37.2,0.0,49.0,72.0,3905.0,3905.32,0.0,-1.3,0.0,34.8,372.52,199.4,60.6,63.9,54.7
2022-03-09 00:00:00,14:44:53,4,37.2,0.0,49.0,72.0,3905.0,3904.54,0.0,-1.3,0.0,34.8,372.52,199.4,60.6,63.8,54.7
2022-03-09 00:00:00,14:45:53,4,36.9,0.0,49.0,72.0,3905.0,3905.14,0.0,-1.3,0.0,34.9,372.51,199.4,60.5,63.8,54.6
2022-03-09 00:00:00,14:46:53,4,37.2,0.0,49.0,72.0,3905.0,3904.58,0.0,-1.3,0.0,34.8,372.51,199.4,60.8,63.8,54.8
2022-03-09 00:00:00,14:47:53,4,37.6,0.0,49.0,72.0,3905.0,3905.43,0.0,-1.3,0.0,34.8,372.51,199.4,60.8,64.0,54.9
2022-03-09 00:00:00,14:48:53,4,37.8,0.0,49.0,72.0,3905.0,3904.44,0.0,-1.3,0.0,34.8,372.52,199.4,60.9,63.9,55.0
2022-03-09 00:00:00,14:49:53,4,38.1,0.0,49.0,72.0,3905.0,3905.07,0.0,-1.3,0.0,34.8,372.52,199.4,61.0,63.9,54.8
2022-03-09 00:00:00,14:50:53,4,38.2,0.0,49.0,72.0,3905.0,3904.82,0.0,-1.3,0.0,34.8,372.51,199.4,61.0,64.0,54.7
2022-03-09 00:00:00,14:51:53,4,38.2,0.0,49.0,72.0,3905.0,3905.14,0.0,-1.2,0.0,34.8,372.51,199.4,61.0,63.9,54.6
2022-03-09 00:00:00,14:52:53,4,38.3,0.0,49.0,72.0,3905.0,3904.44,0.0,-1.2,0.0,34.8,372.51,199.4,61.0,64.0,54.6
2022-03-09 00:00:00,14:53:53,4,38.4,0.0,49.0,72.0,3905.0,3905.39,0.0,-1.3,0.0,34.8,372.51,199.4,61.1,64.0,54.5
2022-03-09 00:00:00,14:54:53,4,38.4,0.0,49.0,72.0,3905.0,3904.72,0.0,-1.3,0.0,34.8,372.5,199.4,61.3,64.0,54.4
2022-03-09 00:00:00,14:55:53,4,38.6,0.0,49.0,72.0,3905.0,3905.11,0.0,-1.3,0.0,34.8,372.5,199.4,61.3,64.0,54.4
2022-03-09 00:00:00,14:56:53,4,38.6,0.0,49.0,72.0,3905.0,3905.11,0.0,-1.2,0.0,34.8,372.51,199.4,61.2,64.1,54.5
2022-03-09 00:00:00,14:57:53,4,38.7,0.0,49.0,72.0,3905.0,3905.36,0.0,-1.3,0.0,34.8,372.5,199.4,61.3,64.1,54.5
2022-03-09 00:00:00,14:58:53,4,38.7,0.0,49.0,72.0,3905.0,3904.54,0.0,-1.3,0.0,34.8,372.5,199.4,61.3,64.3,54.6
2022-03-09 00:00:00,14:59:53,4,38.8,0.0,49.0,72.0,3905.0,3905.36,0.0,-1.3,0.0,34.8,372.51,199.4,61.3,64.2,54.5
2022-03-09 00:00:00,15:00:53,4,38.7,0.0,49.0,72.0,3905.0,3905.11,0.0,-1.3,0.0,34.8,372.5,199.4,61.4,64.4,54.6
2022-03-09 00:00:00,15:01:53,4,38.8,0.0,49.0,72.0,3905.0,3905.21,0.0,-1.3,0.0,34.8,372.49,199.4,61.4,64.2,54.6
2022-03-09 00:00:00,15:02:53,4,38.7,0.0,49.0,72.0,3905.0,3904.9,0.0,-1.3,0.0,34.8,372.49,199.4,61.3,64.2,54.5
2022-03-09 00:00:00,15:03:53,4,38.6,0.0,49.0,72.0,3905.0,3905.25,0.0,-1.3,0.0,34.8,372.49,199.4,61.2,64.1,54.5
2022-03-09 00:00:00,15:04:53,4,38.5,0.0,49.0,72.0,3905.0,3904.97,0.0,-1.2,0.0,34.8,372.5,199.4,61.3,64.1,54.5
2022-03-09 00:00:00,15:05:53,4,38.3,0.0,49.0,72.0,3905.0,3905.21,0.0,-1.2,0.0,34.8,372.49,199.4,61.0,64.1,54.6
2022-03-09 00:00:00,15:06:53,4,38.1,0.0,49.0,72.0,3905.0,3904.75,0.0,-1.3,0.0,34.8,372.5,199.4,61.0,64.2,54.6
2022-03-09 00:00:00,15:07:53,4,37.8,0.0,49.0,72.0,3905.0,3905.28,0.0,-1.3,0.0,34.8,372.5,199.4,61.0,64.0,54.6
2022-03-09 00:00:00,15:08:53,4,37.8,0.0,49.0,72.0,3905.0,3904.61,0.0,-1.3,0.0,34.8,372.49,199.4,60.8,64.1,54.6
2022-03-09 00:00:00,15:09:53,4,37.6,0.0,49.0,72.0,3905.0,3905.14,0.0,-1.3,0.0,34.8,372.49,199.4,60.8,64.2,54.7
2022-03-09 00:00:00,15:10:53,4,37.3,0.0,49.0,72.0,3905.0,3904.72,0.0,-1.2,0.0,34.8,372.5,199.4,60.9,64.0,54.7
2022-03-09 00:00:00,15:11:53,4,37.4,0.0,49.0,72.0,3905.0,3905.14,0.0,-1.3,0.0,34.8,372.49,199.4,60.6,64.0,54.7
2022-03-09 00:00:00,15:12:53,4,37.4,0.0,49.0,72.0,3905.0,3904.68,0.0,-1.3,0.0,34.8,372.5,199.4,60.7,63.9,54.5
2022-03-09 00:00:00,15:13:53,4,37.2,0.0,49.0,72.0,3905.0,3905.53,0.0,-1.3,0.0,34.8,372.49,199.4,60.6,63.9,54.5
2022-03-09 00:00:00,15:14:53,4,37.0,0.0,49.0,72.0,3905.0,3904.47,0.0,-1.3,0.0,34.8,372.49,199.4,60.6,63.8,54.7
2022-03-09 00:00:00,15:15:53,4,37.2,0.0,49.0,72.0,3905.0,3905.32,0.0,-1.3,0.0,34.9,372.5,199.4,60.6,63.8,54.7
2022-03-09 00:00:00,15:16:53,4,37.4,0.0,49.0,72.0,3905.0,3904.72,0.0,-1.3,0.0,34.8,372.49,199.4,60.7,63.7,54.9
2022-03-09 00:00:00,15:17:53,4,37.5,0.0,49.0,72.0,3905.0,3905.32,0.0,-1.2,0.0,34.8,372.5,199.4,60.9,63.9,55.0
2022-03-09 00:00:00,15:18:53,4,37.8,0.0,49.0,72.0,3905.0,3904.58,0.0,-1.2,0.0,34.8,372.49,199.4,60.9,63.9,54.9
2022-03-09 00:00:00,15:19:53,4,38.1,0.0,49.0,72.0,3905.0,3905.14,0.0,-1.3,0.0,34.8,372.49,199.4,60.9,63.9,54.8
2022-03-09 00:00:00,15:20:53,4,38.2,0.0,49.0,72.0,3905.0,3904.36,0.0,-1.3,0.0,34.8,372.49,199.4,61.0,63.9,54.8
2022-03-09 00:00:00,15:21:53,4,38.3,0.0,49.0,72.0,3905.0,3905.18,0.0,-1.3,0.0,34.8,372.49,199.4,61.0,64.0,54.6
2022-03-09 00:00:00,15:22:53,4,38.3,0.0,49.0,72.0,3905.0,3904.4,0.0,-1.3,0.0,34.8,372.49,199.4,61.2,63.9,54.6
2022-03-09 00:00:00,15:23:53,4,38.4,0.0,49.0,72.0,3905.0,3905.43,0.0,-1.3,0.0,34.8,372.49,199.4,61.0,64.0,54.6
2022-03-09 00:00:00,15:24:53,4,38.4,0.0,49.0,72.0,3905.0,3904.47,0.0,-1.2,0.0,34.8,372.49,199.4,61.2,64.1,54.6
2022-03-09 00:00:00,15:25:53,4,38.5,0.0,49.0,72.0,3905.0,3905.25,0.0,-1.3,0.0,34.8,372.49,199.4,61.3,64.1,54.5
2022-03-09 00:00:00,15:26:53,4,38.6,0.0,49.0,72.0,3905.0,3904.61,0.0,-1.3,0.0,34.8,372.49,199.4,61.2,64.2,54.5
2022-03-09 00:00:00,15:27:53,4,38.7,0.0,49.0,72.0,3905.0,3905.25,0.0,-1.3,0.0,34.8,372.49,199.4,61.3,64.2,54.5
2022-03-09 00:00:00,15:28:53,4,38.7,0.0,49.0,72.0,3905.0,3904.19,0.0,-1.3,0.0,34.8,372.49,199.4,61.4,64.3,54.5
2022-03-09 00:00:00,15:29:53,4,38.8,0.0,49.0,72.0,3905.0,3905.28,0.0,-1.3,0.0,34.8,372.48,199.4,61.3,64.2,54.5
2022-03-09 00:00:00,15:30:53,4,38.9,0.0,49.0,72.0,3905.0,3904.4,0.0,-1.3,0.0,34.8,372.48,199.4,61.4,64.3,54.5
2022-03-09 00:00:00,15:31:53,4,38.8,0.0,49.0,72.0,3905.0,3905.11,0.0,-1.3,0.0,34.8,372.49,199.4,61.4,64.4,54.4
2022-03-09 00:00:00,15:32:53,4,38.7,0.0,49.0,72.0,3905.0,3904.44,0.0,-1.3,0.0,34.8,372.48,199.4,61.5,64.2,54.3
2022-03-09 00:00:00,15:33:53,4,38.6,0.0,49.0,72.0,3905.0,3905.18,0.0,-1.2,0.0,34.8,372.48,199.4,61.4,64.2,54.3
2022-03-09 00:00:00,15:34:53,4,38.5,0.0,49.0,72.0,3905.0,3904.01,0.0,-1.3,0.0,34.8,372.49,199.4,61.2,64.3,54.5
2022-03-09 00:00:00,15:35:53,4,38.3,0.0,49.0,72.0,3905.0,3904.9,0.0,-1.3,0.0,34.8,372.48,199.4,61.1,64.3,54.6
2022-03-09 00:00:00,15:36:53,4,38.2,0.0,49.0,72.0,3905.0,3904.68,0.0,-1.3,0.0,34.8,372.49,199.4,61.0,64.2,54.6
2022-03-09 00:00:00,15:37:53,4,38.0,0.0,49.0,72.0,3905.0,3904.79,0.0,-1.3,0.0,34.8,372.48,199.4,61.1,64.1,54.7
2022-03-09 00:00:00,15:38:53,4,37.7,0.0,49.0,72.0,3905.0,3904.33,0.0,-1.3,0.0,34.8,372.48,199.4,60.9,64.0,54.7
2022-03-09 00:00:00,15:39:53,4,37.5,0.0,49.0,72.0,3905.0,3905.07,0.0,-1.3,0.0,34.8,372.48,199.4,61.0,64.1,54.5
2022-03-09 00:00:00,15:40:53,4,37.6,0.0,49.0,72.0,3905.0,3904.51,0.0,-1.3,0.0,34.8,372.48,199.4,60.8,64.0,54.5
2022-03-09 00:00:00,15:41:53,4,37.4,0.0,49.0,72.0,3905.0,3904.68,0.0,-1.3,0.0,34.8,372.49,199.4,60.7,64.1,54.6
2022-03-09 00:00:00,15:42:53,4,37.2,0.0,49.0,72.0,3905.0,3905.21,0.0,-1.2,0.0,34.8,372.48,199.4,60.6,63.9,54.6
2022-03-09 00:00:00,15:43:53,4,37.2,0.0,49.0,72.0,3905.0,3905.04,0.0,-1.3,0.0,34.8,372.48,199.4,60.7,63.9,54.8
2022-03-09 00:00:00,15:44:53,4,37.0,0.0,49.0,72.0,3905.0,3905.18,0.0,-1.3,0.0,34.8,372.48,199.4,60.7,63.9,54.6
2022-03-09 00:00:00,15:45:53,4,37.1,0.0,49.0,72.0,3905.0,3905.04,0.0,-1.3,0.0,34.8,372.48,199.4,60.6,64.0,54.9
2022-03-09 00:00:00,15:46:53,4,37.2,0.0,49.0,72.0,3905.0,3905.39,0.0,-1.3,0.0,34.8,372.48,199.4,60.7,63.9,55.0
2022-03-09 00:00:00,15:47:53,4,37.6,0.0,49.0,72.0,3905.0,3904.47,0.0,-1.3,0.0,34.8,372.47,199.4,60.8,63.9,54.9
2022-03-09 00:00:00,15:48:53,4,37.8,0.0,49.0,72.0,3905.0,3905.25,0.0,-1.3,0.0,34.8,372.48,199.4,61.0,64.0,54.7
2022-03-09 00:00:00,15:49:53,4,38.1,0.0,49.0,72.0,3905.0,3904.68,0.0,-1.2,0.0,34.8,372.48,199.4,60.9,64.1,55.2
2022-03-09 00:00:00,15:50:53,4,38.2,0.0,49.0,72.0,3905.0,3904.93,0.0,-1.3,0.0,34.8,372.48,199.4,61.0,64.1,54.8
2022-03-09 00:00:00,15:51:53,4,38.3,0.0,49.0,72.0,3905.0,3904.15,0.0,-1.3,0.0,34.8,372.48,199.4,61.2,64.0,54.7
2022-03-09 00:00:00,15:52:53,4,38.3,0.0,49.0,72.0,3905.0,3905.28,0.0,-1.3,0.0,34.8,372.47,199.4,61.1,64.1,54.6
2022-03-09 00:00:00,15:53:53,4,38.3,0.0,49.0,72.0,3905.0,3904.08,0.0,-1.3,0.0,34.8,372.48,199.4,61.2,64.0,54.6
2022-03-09 00:00:00,15:54:53,4,38.5,0.0,49.0,72.0,3905.0,3905.04,0.0,-1.3,0.0,34.8,372.47,199.4,61.2,64.1,54.6
2022-03-09 00:00:00,15:55:53,4,38.6,0.0,49.0,72.0,3905.0,3904.51,0.0,-1.2,0.0,34.8,372.48,199.4,61.2,64.2,54.5
2022-03-09 00:00:00,15:56:53,4,38.6,0.0,49.0,72.0,3905.0,3905.21,0.0,-1.2,0.0,34.8,372.47,199.4,61.3,64.2,54.5
2022-03-09 00:00:00,15:57:53,4,38.7,0.0,49.0,72.0,3905.0,3904.22,0.0,-1.3,0.0,34.8,372.47,199.4,61.3,64.3,54.6
2022-03-09 00:00:00,15:58:53,4,38.8,0.0,49.0,72.0,3905.0,3904.93,0.0,-1.2,0.0,34.8,372.47,199.4,61.4,64.2,54.5
2022-03-09 00:00:00,15:59:53,4,38.9,0.0,49.0,72.0,3905.0,3904.19,0.0,-1.2,0.0,34.8,372.46,199.4,61.5,64.2,54.5
2022-03-09 00:00:00,16:00:53,4,38.8,0.0,49.0,72.0,3905.0,3904.79,0.0,-1.3,0.0,34.8,372.47,199.4,61.6,64.3,54.5
2022-03-09 00:00:00,16:01:53,4,38.8,0.0,49.0,72.0,3905.0,3904.82,0.0,-1.3,0.0,34.8,372.46,199.4,61.5,64.4,54.6
2022-03-09 00:00:00,16:02:53,4,38.8,0.0,49.0,72.0,3905.0,3905.46,0.0,-1.3,0.0,34.8,372.47,199.4,61.6,64.2,54.5
2022-03-09 00:00:00,16:03:53,4,38.7,0.0,49.0,72.0,3905.0,3905.14,0.0,-1.3,0.0,34.8,372.46,199.4,61.4,64.3,54.5
2022-03-09 00:00:00,16:04:53,4,38.5,0.0,49.0,72.0,3905.0,3905.04,0.0,-1.3,0.0,34.8,372.47,199.4,61.3,64.2,54.6
2022-03-09 00:00:00,16:05:53,4,38.5,0.0,49.0,72.0,3905.0,3905.18,0.0,-1.3,0.0,34.8,372.47,199.4,61.2,64.3,54.6
2022-03-09 00:00:00,16:06:53,4,38.3,0.0,49.0,72.0,3905.0,3904.47,0.0,-1.3,0.0,34.8,372.45,199.4,61.0,64.5,54.7
2022-03-09 00:00:00,16:07:53,4,38.2,0.0,49.0,72.0,3905.0,3905.36,0.0,-1.2,0.0,34.8,372.46,199.4,61.0,64.3,54.6
2022-03-09 00:00:00,16:08:53,4,38.0,0.0,49.0,72.0,3905.0,3904.36,0.0,-1.2,0.0,34.8,372.46,199.4,60.9,64.3,54.7
2022-03-09 00:00:00,16:09:53,4,37.8,0.0,49.0,72.0,3905.0,3904.75,0.0,-1.3,0.0,34.8,372.47,199.4,61.0,64.3,54.7
2022-03-09 00:00:00,16:10:53,4,37.8,0.0,49.0,72.0,3905.0,3904.29,0.0,-1.3,0.0,34.8,372.46,199.4,60.9,64.1,54.7
2022-03-09 00:00:00,16:11:53,4,37.7,0.0,49.0,72.0,3905.0,3905.25,0.0,-1.3,0.0,34.8,372.46,199.4,61.0,64.1,54.8
2022-03-09 00:00:00,16:12:53,4,37.6,0.0,49.0,72.0,3905.0,3904.26,0.0,-1.2,0.0,34.8,372.47,199.4,60.9,64.1,54.7
2022-03-09 00:00:00,16:13:53,4,37.3,0.0,49.0,72.0,3905.0,3904.93,0.0,-1.3,0.0,34.8,372.46,199.4,60.8,64.0,54.8
2022-03-09 00:00:00,16:14:53,4,37.4,0.0,49.0,72.0,3905.0,3904.72,0.0,-1.3,0.0,34.8,372.46,199.4,60.7,64.1,54.6
2022-03-09 00:00:00,16:15:53,4,37.3,0.0,49.0,72.0,3905.0,3905.14,0.0,-1.3,0.0,34.8,372.47,199.4,60.8,64.1,54.9
2022-03-09 00:00:00,16:16:53,4,37.2,0.0,49.0,72.0,3905.0,3904.75,0.0,-1.3,0.0,34.8,372.46,199.4,60.7,63.9,54.7
2022-03-09 00:00:00,16:17:53,4,37.2,0.0,49.0,72.0,3905.0,3905.46,0.0,-1.3,0.0,34.8,372.46,199.4,60.7,63.9,54.8
2022-03-09 00:00:00,16:18:53,4,37.2,0.0,49.0,72.0,3905.0,3905.36,0.0,-1.3,0.0,34.8,372.46,199.4,60.6,63.9,54.7
2022-03-09 00:00:00,16:19:53,4,37.2,0.0,49.0,72.0,3905.0,3904.79,0.0,-1.3,0.0,34.8,372.46,199.4,60.8,63.9,55.0
2022-03-09 00:00:00,16:20:53,4,37.5,0.0,49.0,72.0,3905.0,3905.43,0.0,-1.3,0.0,34.8,372.46,199.4,60.9,63.9,55.0
2022-03-09 00:00:00,16:21:53,4,37.9,0.0,49.0,72.0,3905.0,3904.51,0.0,-1.3,0.0,34.8,372.46,199.4,60.9,64.0,54.9
2022-03-09 00:00:00,16:22:53,4,38.1,0.0,49.0,72.0,3905.0,3905.0,0.0,-1.3,0.0,34.8,372.47,199.4,61.1,63.9,54.9
2022-03-09 00:00:00,16:23:53,4,38.3,0.0,49.0,72.0,3905.0,3904.36,0.0,-1.3,0.0,34.8,372.45,199.4,61.0,64.1,54.7
2022-03-09 00:00:00,16:24:53,4,38.3,0.0,49.0,72.0,3905.0,3905.21,0.0,-1.2,0.0,34.8,372.46,199.4,61.0,64.2,54.7
2022-03-09 00:00:00,16:25:53,4,38.3,0.0,49.0,72.0,3905.0,3904.44,0.0,-1.3,0.0,34.8,372.46,199.4,61.1,64.1,54.6
2022-03-09 00:00:00,16:26:53,4,38.4,0.0,49.0,72.0,3905.0,3905.07,0.0,-1.3,0.0,34.8,372.46,199.4,61.2,64.0,54.6
2022-03-09 00:00:00,16:27:53,4,38.5,0.0,49.0,72.0,3905.0,3904.58,0.0,-1.3,0.0,34.8,372.46,199.4,61.2,64.0,54.5
2022-03-09 00:00:00,16:28:53,4,38.5,0.0,49.0,72.0,3905.0,3905.07,0.0,-1.3,0.0,34.8,372.45,199.4,61.3,64.1,54.5
2022-03-09 00:00:00,16:29:53,4,38.7,0.0,49.0,72.0,3905.0,3905.07,0.0,-1.3,0.0,34.8,372.45,199.4,61.4,64.2,54.4
2022-03-09 00:00:00,16:30:53,4,38.7,0.0,49.0,72.0,3905.0,3905.53,0.0,-1.3,0.0,34.8,372.45,199.4,61.4,64.3,54.6
2022-03-09 00:00:00,16:31:53,4,38.8,0.0,49.0,72.0,3905.0,3905.36,0.0,-1.3,0.0,34.8,372.45,199.4,61.4,64.3,54.6
2022-03-09 00:00:00,16:32:53,4,38.9,0.0,49.0,72.0,3905.0,3904.79,0.0,-1.3,0.0,34.8,372.45,199.4,61.5,64.3,54.6
2022-03-09 00:00:00,16:33:53,4,38.9,0.0,49.0,72.0,3905.0,3905.32,0.0,-1.3,0.0,34.8,372.45,199.4,61.5,64.4,54.6
2022-03-09 00:00:00,16:34:53,4,38.8,0.0,49.0,72.0,3905.0,3904.61,0.0,-1.3,0.0,34.8,372.45,199.4,61.5,64.3,54.5
2022-03-09 00:00:00,16:35:53,4,38.8,0.0,49.0,72.0,3905.0,3905.11,0.0,-1.3,0.0,34.8,372.45,199.4,61.5,64.4,54.7
2022-03-09 00:00:00,16:36:53,4,38.7,0.0,49.0,72.0,3905.0,3904.54,0.0,-1.3,0.0,34.8,372.45,199.4,61.5,64.3,54.6
2022-03-09 00:00:00,16:37:53,4,38.5,0.0,49.0,72.0,3905.0,3905.18,0.0,-1.3,0.0,34.8,372.43,199.4,61.3,64.3,54.5
2022-03-09 00:00:00,16:38:53,4,38.4,0.0,49.0,72.0,3905.0,3904.47,0.0,-1.3,0.0,34.8,372.45,199.4,61.3,64.3,54.7
2022-03-09 00:00:00,16:39:53,4,38.3,0.0,49.0,72.0,3905.0,3905.18,0.0,-1.3,0.0,34.8,372.45,199.4,61.2,64.3,54.7
2022-03-09 00:00:00,16:40:53,4,38.1,0.0,49.0,72.0,3905.0,3905.14,0.0,-1.3,0.0,34.8,372.45,199.4,61.1,64.3,54.7
2022-03-09 00:00:00,16:41:53,4,37.9,0.0,49.0,72.0,3905.0,3905.21,0.0,-1.3,0.0,34.8,372.45,199.4,61.1,64.3,54.9
2022-03-09 00:00:00,16:42:53,4,37.8,0.0,49.0,72.0,3905.0,3905.21,0.0,-1.3,0.0,34.8,372.45,199.4,61.0,64.2,54.7
2022-03-09 00:00:00,16:43:53,4,37.6,0.0,49.0,72.0,3905.0,3904.75,0.0,-1.3,0.0,34.8,372.45,199.4,60.9,64.1,54.7
2022-03-09 00:00:00,16:44:53,4,37.5,0.0,49.0,72.0,3905.0,3905.36,0.0,-1.3,0.0,34.8,372.44,199.4,61.0,64.1,54.6
2022-03-09 00:00:00,16:45:53,4,37.6,0.0,49.0,72.0,3905.0,3904.08,0.0,-1.3,0.0,34.8,372.45,199.4,60.9,64.1,54.8
2022-03-09 00:00:00,16:46:53,4,37.6,0.0,49.0,72.0,3905.0,3905.18,0.0,-1.3,0.0,34.8,372.45,199.4,60.9,64.1,54.8
2022-03-09 00:00:00,16:47:53,4,37.3,0.0,49.0,72.0,3905.0,3904.51,0.0,-1.3,0.0,34.8,372.45,199.4,60.8,63.9,54.8
2022-03-09 00:00:00,16:48:53,4,37.1,0.0,49.0,72.0,3905.0,3905.04,0.0,-1.3,0.0,34.8,372.45,199.4,60.8,64.0,54.9
2022-03-09 00:00:00,16:49:53,4,37.1,0.0,49.0,72.0,3905.0,3904.68,0.0,-1.3,0.0,34.8,372.45,199.4,60.7,63.9,54.9
2022-03-09 00:00:00,16:50:53,4,37.1,0.0,49.0,72.0,3905.0,3905.39,0.0,-1.3,0.0,34.8,372.45,199.4,60.7,63.9,55.0
2022-03-09 00:00:00,16:51:53,4,37.2,0.0,49.0,72.0,3905.0,3905.25,0.0,-1.3,0.0,34.8,372.45,199.4,60.8,63.9,54.8
2022-03-09 00:00:00,16:52:53,4,37.4,0.0,49.0,72.0,3905.0,3904.65,0.0,-1.3,0.0,34.8,372.45,199.4,60.8,63.9,55.0
2022-03-09 00:00:00,16:53:53,4,37.6,0.0,49.0,72.0,3905.0,3905.46,0.0,-1.3,0.0,34.8,372.45,199.4,60.9,64.1,55.0
2022-03-09 00:00:00,16:54:53,4,38.0,0.0,49.0,72.0,3905.0,3904.33,0.0,-1.3,0.0,34.8,372.45,199.4,61.0,64.1,54.9
2022-03-09 00:00:00,16:55:53,4,38.2,0.0,49.0,72.0,3905.0,3905.0,0.0,-1.3,0.0,34.8,372.45,199.4,61.0,64.1,54.8
2022-03-09 00:00:00,16:56:53,4,38.2,0.0,49.0,72.0,3905.0,3904.4,0.0,-1.3,0.0,34.8,372.45,199.4,61.2,63.9,54.8
2022-03-09 00:00:00,16:57:53,4,38.3,0.0,49.0,72.0,3905.0,3904.97,0.0,-1.3,0.0,34.8,372.45,199.4,61.3,64.0,54.6
2022-03-09 00:00:00,16:58:53,4,38.3,0.0,49.0,72.0,3905.0,3904.29,0.0,-1.3,0.0,34.8,372.44,199.4,61.2,64.2,54.5
2022-03-09 00:00:00,16:59:53,4,38.4,0.0,49.0,72.0,3905.0,3905.18,0.0,-1.3,0.0,34.8,372.45,199.4,61.3,64.2,54.5
2022-03-09 00:00:00,17:00:53,4,38.5,0.0,49.0,72.0,3905.0,3905.46,0.0,-1.3,0.0,34.8,372.45,199.4,61.3,64.2,54.6
2022-03-09 00:00:00,17:01:53,4,38.6,0.0,49.0,72.0,3905.0,3904.65,0.0,-1.3,0.0,34.8,372.45,199.4,61.4,64.2,54.5
2022-03-09 00:00:00,17:02:53,4,38.7,0.0,49.0,72.0,3905.0,3905.04,0.0,-1.3,0.0,34.8,372.44,199.4,61.4,64.3,54.5
2022-03-09 00:00:00,17:03:53,4,38.7,0.0,49.0,72.0,3905.0,3904.68,0.0,-1.3,0.0,34.8,372.44,199.4,61.4,64.2,54.5
2022-03-09 00:00:00,17:04:53,4,38.8,0.0,49.0,72.0,3905.0,3905.32,0.0,-1.3,0.0,34.8,372.45,199.4,61.4,64.4,54.6
2022-03-09 00:00:00,17:05:53,4,38.8,0.0,49.0,72.0,3905.0,3904.08,0.0,-1.3,0.0,34.8,372.43,199.4,61.5,64.4,54.6
2022-03-09 00:00:00,17:06:53,4,38.8,0.0,49.0,72.0,3905.0,3905.32,0.0,-1.3,0.0,34.8,372.45,199.4,61.6,64.4,54.5
2022-03-09 00:00:00,17:07:53,4,38.8,0.0,49.0,72.0,3905.0,3904.47,0.0,-1.3,0.0,34.8,372.43,199.4,61.6,64.4,54.5
2022-03-09 00:00:00,17:08:53,4,38.6,0.0,49.0,72.0,3905.0,3905.0,0.0,-1.3,0.0,34.8,372.45,199.4,61.4,64.3,54.6
2022-03-09 00:00:00,17:09:53,4,38.5,0.0,49.0,72.0,3905.0,3905.25,0.0,-1.3,0.0,34.8,372.44,199.4,61.3,64.3,54.5
2022-03-09 00:00:00,17:10:53,4,38.4,0.0,49.0,72.0,3905.0,3904.65,0.0,-1.3,0.0,34.8,372.44,199.4,61.2,64.3,54.7
2022-03-09 00:00:00,17:11:53,4,38.2,0.0,49.0,72.0,3905.0,3905.18,0.0,-1.2,0.0,34.8,372.44,199.4,61.2,64.3,54.6
2022-03-09 00:00:00,17:12:53,4,38.0,0.0,49.0,72.0,3905.0,3904.15,0.0,-1.3,0.0,34.8,372.42,199.4,61.1,64.3,54.7
2022-03-09 00:00:00,17:13:53,4,37.9,0.0,49.0,72.0,3905.0,3905.25,0.0,-1.3,0.0,34.8,372.44,199.4,61.1,64.3,54.8
2022-03-09 00:00:00,17:14:53,4,37.8,0.0,49.0,72.0,3905.0,3904.19,0.0,-1.3,0.0,34.8,372.42,199.4,61.0,64.1,54.8
2022-03-09 00:00:00,17:15:53,4,37.6,0.0,49.0,72.0,3905.0,3905.04,0.0,-1.3,0.0,34.8,372.42,199.4,60.9,64.3,54.8
2022-03-09 00:00:00,17:16:53,4,37.5,0.0,49.0,72.0,3905.0,3905.14,0.0,-1.3,0.0,34.8,372.44,199.4,61.0,64.0,54.8
2022-03-09 00:00:00,17:17:53,4,37.6,0.0,49.0,72.0,3905.0,3905.07,0.0,-1.3,0.0,34.8,372.43,199.4,60.8,64.0,54.8
2022-03-09 00:00:00,17:18:53,4,37.4,0.0,49.0,72.0,3905.0,3905.36,0.0,-1.3,0.0,34.8,372.44,199.4,60.8,64.0,54.7
2022-03-09 00:00:00,17:19:53,4,37.4,0.0,49.0,72.0,3905.0,3904.65,0.0,-1.3,0.0,34.8,372.42,199.4,60.8,64.0,54.7
2022-03-09 00:00:00,17:20:53,4,37.1,0.0,49.0,72.0,3905.0,3905.53,0.0,-1.3,0.0,34.8,372.44,199.4,60.8,64.0,54.9
2022-03-09 00:00:00,17:21:53,4,37.2,0.0,49.0,72.0,3905.0,3904.44,0.0,-1.3,0.0,34.8,372.45,199.4,60.7,63.9,54.7
2022-03-09 00:00:00,17:22:53,4,37.3,0.0,49.0,72.0,3905.0,3905.07,0.0,-1.3,0.0,34.8,372.43,199.4,60.8,64.0,54.7
2022-03-09 00:00:00,17:23:53,4,37.6,0.0,49.0,72.0,3905.0,3904.68,0.0,-1.3,0.0,34.8,372.44,199.4,60.9,64.0,55.0
2022-03-09 00:00:00,17:24:53,4,37.9,0.0,49.0,72.0,3905.0,3905.28,0.0,-1.3,0.0,34.8,372.43,199.4,61.0,64.1,55.0
2022-03-09 00:00:00,17:25:53,4,38.0,0.0,49.0,72.0,3905.0,3905.07,0.0,-1.3,0.0,34.8,372.44,199.4,61.1,64.0,55.0
2022-03-09 00:00:00,17:26:53,4,38.3,0.0,49.0,72.0,3905.0,3904.65,0.0,-1.3,0.0,34.8,372.44,199.4,61.1,64.1,54.8
2022-03-09 00:00:00,17:27:53,4,38.3,0.0,49.0,72.0,3905.0,3905.28,0.0,-1.3,0.0,34.8,372.45,199.4,61.2,64.1,54.9
2022-03-09 00:00:00,17:28:53,4,38.3,0.0,49.0,72.0,3905.0,3904.26,0.0,-1.3,0.0,34.8,372.43,199.4,61.3,64.1,54.6
2022-03-09 00:00:00,17:29:53,4,38.4,0.0,49.0,72.0,3905.0,3905.32,0.0,-1.3,0.0,34.8,372.42,199.4,61.3,64.1,54.6
2022-03-09 00:00:00,17:30:53,4,38.4,0.0,49.0,72.0,3905.0,3904.29,0.0,-1.3,0.0,34.8,372.43,199.4,61.3,64.2,54.6
2022-03-09 00:00:00,17:31:53,4,38.5,0.0,49.0,72.0,3905.0,3905.04,0.0,-1.3,0.0,34.8,372.43,199.4,61.4,64.2,54.6
2022-03-09 00:00:00,17:32:53,4,38.6,0.0,49.0,72.0,3905.0,3905.11,0.0,-1.3,0.0,34.8,372.44,199.4,61.4,64.3,54.6
2022-03-09 00:00:00,17:33:53,4,38.7,0.0,49.0,72.0,3905.0,3904.86,0.0,-1.3,0.0,34.8,372.42,199.4,61.5,64.2,54.6
2022-03-09 00:00:00,17:34:53,4,38.7,0.0,49.0,72.0,3905.0,3905.21,0.0,-1.3,0.0,34.8,372.43,199.4,61.4,64.2,54.5
2022-03-09 00:00:00,17:35:53,4,38.8,0.0,49.0,72.0,3905.0,3904.47,0.0,-1.3,0.0,34.8,372.43,199.4,61.4,64.4,54.5
2022-03-09 00:00:00,17:36:53,4,38.8,0.0,49.0,72.0,3905.0,3905.28,0.0,-1.3,0.0,34.8,372.42,199.4,61.4,64.5,54.6
2022-03-09 00:00:00,17:37:53,4,38.8,0.0,49.0,72.0,3905.0,3904.22,0.0,-1.3,0.0,34.8,372.42,199.4,61.6,64.5,54.6
2022-03-09 00:00:00,17:38:53,4,38.7,0.0,49.0,72.0,3905.0,3904.86,0.0,-1.3,0.0,34.8,372.43,199.4,61.4,64.3,54.5
2022-03-09 00:00:00,17:39:53,4,38.5,0.0,49.0,72.0,3905.0,3905.14,0.0,-1.3,0.0,34.8,372.42,199.4,61.4,64.2,54.5
2022-03-09 00:00:00,17:40:53,4,38.4,0.0,49.0,72.0,3905.0,3904.29,0.0,-1.2,0.0,34.8,372.41,199.4,61.1,64.4,54.6
2022-03-09 00:00:00,17:41:53,4,38.3,0.0,49.0,72.0,3905.0,3905.04,0.0,-1.3,0.0,34.8,372.43,199.4,61.1,64.4,54.7
2022-03-09 00:00:00,17:42:53,4,38.1,0.0,49.0,72.0,3905.0,3904.51,0.0,-1.3,0.0,34.8,372.42,199.4,61.1,64.4,54.7
2022-03-09 00:00:00,17:43:53,4,37.9,0.0,49.0,72.0,3905.0,3904.86,0.0,-1.3,0.0,34.8,372.42,199.4,61.0,64.2,54.7
2022-03-09 00:00:00,17:44:53,4,37.7,0.0,49.0,72.0,3905.0,3904.36,0.0,-1.3,0.0,34.8,372.43,199.4,61.0,64.2,54.7
2022-03-09 00:00:00,17:45:53,4,37.7,0.0,49.0,72.0,3905.0,3905.21,0.0,-1.3,0.0,34.8,372.42,199.4,61.0,64.2,54.9
2022-03-09 00:00:00,17:46:53,4,37.5,0.0,49.0,72.0,3905.0,3905.21,0.0,-1.3,0.0,34.8,372.42,199.4,60.9,64.2,54.8
2022-03-09 00:00:00,17:47:53,4,37.4,0.0,49.0,72.0,3905.0,3904.15,0.0,-1.3,0.0,34.8,372.42,199.4,60.9,64.1,54.8
2022-03-09 00:00:00,17:48:53,4,37.2,0.0,49.0,72.0,3905.0,3905.11,0.0,-1.2,0.0,34.8,372.42,199.4,60.7,64.2,54.8
2022-03-09 00:00:00,17:49:53,4,37.2,0.0,49.0,72.0,3905.0,3904.44,0.0,-1.3,0.0,34.8,372.42,199.4,60.8,64.0,54.8
2022-03-09 00:00:00,17:50:53,4,37.1,0.0,49.0,72.0,3905.0,3904.58,0.0,-1.3,0.0,34.8,372.42,199.4,60.7,64.0,55.0
2022-03-09 00:00:00,17:51:53,4,37.2,0.0,49.0,72.0,3905.0,3904.93,0.0,-1.3,0.0,34.8,372.42,199.4,60.8,64.0,54.9
2022-03-09 00:00:00,17:52:53,4,37.4,0.0,49.0,72.0,3905.0,3905.18,0.0,-1.3,0.0,34.8,372.42,199.4,61.0,64.0,54.9
2022-03-09 00:00:00,17:53:53,4,37.8,0.0,49.0,72.0,3905.0,3905.14,0.0,-1.3,0.0,34.8,372.42,199.4,60.9,64.1,55.2
2022-03-09 00:00:00,17:54:53,4,38.1,0.0,49.0,72.0,3905.0,3904.19,0.0,-1.3,0.0,34.8,372.43,199.4,61.1,64.2,55.1
2022-03-09 00:00:00,17:55:53,4,38.2,0.0,49.0,72.0,3905.0,3905.32,0.0,-1.3,0.0,34.8,372.42,199.4,61.1,64.0,54.8
2022-03-09 00:00:00,17:56:53,4,38.3,0.0,49.0,72.0,3905.0,3904.05,0.0,-1.3,0.0,34.8,372.42,199.4,61.2,64.2,54.6
2022-03-09 00:00:00,17:57:53,4,38.3,0.0,49.0,72.0,3905.0,3904.61,0.0,-1.3,0.0,34.8,372.42,199.4,61.3,64.0,54.6
2022-03-09 00:00:00,17:58:53,4,38.4,0.0,49.0,72.0,3905.0,3905.11,0.0,-1.3,0.0,34.8,372.42,199.4,61.3,64.1,54.6
2022-03-09 00:00:00,17:59:53,4,38.5,0.0,49.0,72.0,3905.0,3905.0,0.0,-1.3,0.0,34.8,372.42,199.4,61.4,64.2,54.5
2022-03-09 00:00:00,18:00:53,4,38.5,0.0,49.0,72.0,3905.0,3905.11,0.0,-1.3,0.0,34.8,372.42,199.4,61.4,64.1,54.6
2022-03-09 00:00:00,18:01:53,4,38.6,0.0,49.0,72.0,3905.0,3904.44,0.0,-1.3,0.0,34.8,372.42,199.4,61.4,64.3,54.6
2022-03-09 00:00:00,18:02:53,4,38.7,0.0,49.0,72.0,3905.0,3905.0,0.0,-1.3,0.0,34.8,372.42,199.4,61.4,64.4,54.6
2022-03-09 00:00:00,18:03:53,4,38.7,0.0,49.0,72.0,3905.0,3904.08,0.0,-1.3,0.0,34.8,372.41,199.4,61.5,64.4,54.6
2022-03-09 00:00:00,18:04:53,4,38.8,0.0,49.0,72.0,3905.0,3905.21,0.0,-1.3,0.0,34.8,372.42,199.4,61.5,64.4,54.5
2022-03-09 00:00:00,18:05:53,4,38.9,0.0,49.0,72.0,3905.0,3905.21,0.0,-1.3,0.0,34.8,372.42,199.4,61.5,64.5,54.7
2022-03-09 00:00:00,18:06:53,4,38.8,0.0,49.0,72.0,3905.0,3904.54,0.0,-1.3,0.0,34.8,372.41,199.4,61.6,64.5,54.7
2022-03-09 00:00:00,18:07:53,4,38.8,0.0,49.0,72.0,3905.0,3905.07,0.0,-1.3,0.0,34.8,372.43,199.4,61.6,64.4,54.4
2022-03-09 00:00:00,18:08:53,4,38.7,0.0,49.0,72.0,3905.0,3904.54,0.0,-1.2,0.0,34.8,372.4,199.4,61.4,64.4,54.7
2022-03-09 00:00:00,18:09:53,4,38.7,0.0,49.0,72.0,3905.0,3904.82,0.0,-1.3,0.0,34.8,372.41,199.4,61.5,64.6,54.7
2022-03-09 00:00:00,18:10:53,4,38.6,0.0,49.0,72.0,3905.0,3904.79,0.0,-1.3,0.0,34.8,372.41,199.4,61.4,64.5,55.0
2022-03-09 00:00:00,18:11:53,4,38.7,0.0,49.0,72.0,3905.0,3904.93,0.0,-1.3,0.0,34.8,372.4,199.4,61.6,64.5,54.9
2022-03-09 00:00:00,18:12:53,4,38.7,0.0,49.0,72.0,3905.0,3905.28,0.0,-1.3,0.0,34.8,372.41,199.4,61.6,64.5,54.7
2022-03-09 00:00:00,18:13:53,4,38.8,0.0,49.0,72.0,3905.0,3904.4,0.0,-1.3,0.0,34.8,372.42,199.4,61.6,64.7,54.7
2022-03-09 00:00:00,18:14:53,4,38.8,0.0,49.0,72.0,3905.0,3905.11,0.0,-1.3,0.0,34.8,372.41,199.4,61.5,64.6,54.8
2022-03-09 00:00:00,18:15:53,4,38.7,0.0,49.0,72.0,3905.0,3904.65,0.0,-1.3,0.0,34.8,372.39,199.4,61.4,64.6,54.7
2022-03-09 00:00:00,18:16:53,4,38.5,0.0,49.0,72.0,3905.0,3904.97,0.0,-1.2,0.0,34.8,372.41,199.4,61.3,64.5,54.6
2022-03-09 00:00:00,18:17:53,4,38.1,0.0,49.0,72.0,3905.0,3905.39,0.0,-1.3,0.0,34.8,372.4,199.4,61.2,64.4,54.8
2022-03-09 00:00:00,18:18:53,4,37.8,0.0,49.0,72.0,3905.0,3904.33,0.0,-1.3,0.0,34.8,372.4,199.4,61.1,64.5,54.9
2022-03-09 00:00:00,18:19:53,4,37.7,0.0,49.0,72.0,3905.0,3905.0,0.0,-1.3,0.0,34.8,372.39,199.4,61.0,64.5,54.9
2022-03-09 00:00:00,18:20:53,4,37.5,0.0,49.0,72.0,3905.0,3904.51,0.0,-1.3,0.0,34.8,372.4,199.4,61.0,64.3,55.1
2022-03-09 00:00:00,18:21:53,4,37.4,0.0,49.0,72.0,3905.0,3905.21,0.0,-1.3,0.0,34.8,372.42,199.4,61.0,64.3,55.0
2022-03-09 00:00:00,18:22:53,4,37.2,0.0,49.0,72.0,3905.0,3905.21,0.0,-1.3,0.0,34.8,372.4,199.4,60.9,64.3,55.1
2022-03-09 00:00:00,18:23:53,4,37.2,0.0,49.0,72.0,3905.0,3904.19,0.0,-1.3,0.0,34.8,372.4,199.4,60.7,64.3,55.0
2022-03-09 00:00:00,18:24:53,4,37.0,0.0,49.0,72.0,3905.0,3905.18,0.0,-1.3,0.0,34.8,372.41,199.4,60.9,64.2,55.1
2022-03-09 00:00:00,18:25:53,4,37.1,0.0,49.0,72.0,3905.0,3904.4,0.0,-1.3,0.0,34.8,372.4,199.4,60.7,64.2,55.0
2022-03-09 00:00:00,18:26:53,4,37.1,0.0,49.0,72.0,3905.0,3905.04,0.0,-1.3,0.0,34.8,372.4,199.4,60.7,64.1,55.1
2022-03-09 00:00:00,18:27:53,4,37.3,0.0,49.0,72.0,3905.0,3905.36,0.0,-1.3,0.0,34.8,372.41,199.4,60.7,64.2,55.1
2022-03-09 00:00:00,18:28:53,4,37.4,0.0,49.0,72.0,3905.0,3904.82,0.0,-1.3,0.0,34.8,372.42,199.4,61.1,64.1,55.2
2022-03-09 00:00:00,18:29:53,4,37.9,0.0,49.0,72.0,3905.0,3905.11,0.0,-1.3,0.0,34.8,372.41,199.4,61.0,64.2,55.3
2022-03-09 00:00:00,18:30:53,4,38.2,0.0,49.0,72.0,3905.0,3904.44,0.0,-1.3,0.0,34.8,372.42,199.4,61.2,64.2,55.1
2022-03-09 00:00:00,18:31:53,4,38.3,0.0,49.0,72.0,3905.0,3905.07,0.0,-1.3,0.0,34.8,372.41,199.4,61.2,64.2,55.0
2022-03-09 00:00:00,18:32:53,4,38.3,0.0,49.0,72.0,3905.0,3904.93,0.0,-1.3,0.0,34.8,372.41,199.4,61.3,64.2,54.8
2022-03-09 00:00:00,18:33:53,4,38.4,0.0,49.0,72.0,3905.0,3904.29,0.0,-1.3,0.0,34.8,372.42,199.4,61.1,64.2,54.8
2022-03-09 00:00:00,18:34:53,4,38.4,0.0,49.0,72.0,3905.0,3905.32,0.0,-1.3,0.0,34.8,372.41,199.4,61.3,64.2,54.7
2022-03-09 00:00:00,18:35:53,4,38.5,0.0,49.0,72.0,3905.0,3904.22,0.0,-1.3,0.0,34.8,372.41,199.4,61.3,64.4,54.7
2022-03-09 00:00:00,18:36:53,4,38.5,0.0,49.0,72.0,3905.0,3904.65,0.0,-1.3,0.0,34.8,372.4,199.4,61.4,64.2,54.6
2022-03-09 00:00:00,18:37:53,4,38.7,0.0,49.0,72.0,3905.0,3905.14,0.0,-1.3,0.0,34.8,372.4,199.4,61.5,64.3,54.6
2022-03-09 00:00:00,18:38:53,4,38.8,0.0,49.0,72.0,3905.0,3905.04,0.0,-1.3,0.0,34.8,372.4,199.4,61.5,64.5,54.7
2022-03-09 00:00:00,18:39:53,4,38.8,0.0,49.0,72.0,3905.0,3905.32,0.0,-1.3,0.0,34.8,372.41,199.4,61.5,64.5,54.7
2022-03-09 00:00:00,18:40:53,4,38.9,0.0,49.0,72.0,3905.0,3904.36,0.0,-1.3,0.0,34.8,372.4,199.4,61.5,64.5,54.8
2022-03-09 00:00:00,18:41:53,4,39.0,0.0,49.0,72.0,3905.0,3905.14,0.0,-1.3,0.0,34.8,372.4,199.4,61.6,64.4,54.7
2022-03-09 00:00:00,18:42:53,4,38.9,0.0,49.0,72.0,3905.0,3904.75,0.0,-1.3,0.0,34.8,372.4,199.4,61.5,64.6,54.9
2022-03-09 00:00:00,18:43:53,4,38.9,0.0,49.0,72.0,3905.0,3905.04,0.0,-1.3,0.0,34.8,372.39,199.4,61.8,64.5,54.6
2022-03-09 00:00:00,18:44:53,4,38.8,0.0,49.0,72.0,3905.0,3905.43,0.0,-1.3,0.0,34.8,372.4,199.4,61.6,64.6,54.9
2022-03-09 00:00:00,18:45:53,4,38.7,0.0,49.0,72.0,3905.0,3904.22,0.0,-1.3,0.0,34.8,372.39,199.4,61.5,64.5,54.8
2022-03-09 00:00:00,18:46:53,4,38.6,0.0,49.0,72.0,3905.0,3905.04,0.0,-1.3,0.0,34.8,372.4,199.4,61.4,64.5,54.7
2022-03-09 00:00:00,18:47:53,4,38.4,0.0,49.0,72.0,3905.0,3905.32,0.0,-1.3,0.0,34.8,372.39,199.4,61.3,64.4,54.8
2022-03-09 00:00:00,18:48:53,4,38.2,0.0,49.0,72.0,3905.0,3904.61,0.0,-1.3,0.0,34.8,372.39,199.4,61.2,64.5,54.8
2022-03-09 00:00:00,18:49:53,4,38.1,0.0,49.0,72.0,3905.0,3905.32,0.0,-1.3,0.0,34.8,372.4,199.4,61.3,64.4,54.9
2022-03-09 00:00:00,18:50:53,4,37.8,0.0,49.0,72.0,3905.0,3904.51,0.0,-1.2,0.0,34.8,372.39,199.4,61.1,64.5,54.9
2022-03-09 00:00:00,18:51:53,4,37.8,0.0,49.0,72.0,3905.0,3905.18,0.0,-1.2,0.0,34.8,372.39,199.4,61.0,64.4,55.0
2022-03-09 00:00:00,18:52:53,4,37.7,0.0,49.0,72.0,3905.0,3904.9,0.0,-1.3,0.0,34.8,372.39,199.4,61.1,64.3,55.1
2022-03-09 00:00:00,18:53:53,4,37.5,0.0,49.0,72.0,3905.0,3904.79,0.0,-1.3,0.0,34.8,372.4,199.4,61.0,64.2,55.0
2022-03-09 00:00:00,18:54:53,4,37.3,0.0,49.0,72.0,3905.0,3905.32,0.0,-1.3,0.0,34.8,372.41,199.4,60.8,64.1,54.9
2022-03-09 00:00:00,18:55:53,4,37.2,0.0,49.0,72.0,3905.0,3904.12,0.0,-1.3,0.0,34.8,372.39,199.4,60.9,64.1,55.0
2022-03-09 00:00:00,18:56:53,4,37.2,0.0,49.0,72.0,3905.0,3905.14,0.0,-1.3,0.0,34.8,372.39,199.4,60.7,64.1,55.0
2022-03-09 00:00:00,18:57:53,4,37.2,0.0,49.0,72.0,3905.0,3905.5,0.0,-1.3,0.0,34.8,372.39,199.4,60.8,64.0,55.1
2022-03-09 00:00:00,18:58:53,4,37.2,0.0,49.0,72.0,3905.0,3904.36,0.0,-1.3,0.0,34.8,372.4,199.4,60.8,64.0,55.0
2022-03-09 00:00:00,18:59:53,4,37.4,0.0,49.0,72.0,3905.0,3905.04,0.0,-1.3,0.0,34.8,372.4,199.4,60.9,64.2,55.2
2022-03-09 00:00:00,19:00:53,4,37.7,0.0,49.0,72.0,3905.0,3904.54,0.0,-1.3,0.0,34.8,372.4,199.4,61.0,64.2,55.2
2022-03-09 00:00:00,19:01:53,4,37.9,0.0,49.0,72.0,3905.0,3905.11,0.0,-1.3,0.0,34.8,372.39,199.4,61.1,64.2,55.2
2022-03-09 00:00:00,19:02:53,4,38.2,0.0,49.0,72.0,3905.0,3905.32,0.0,-1.3,0.0,34.8,372.39,199.4,61.1,64.2,55.1
2022-03-09 00:00:00,19:03:53,4,38.3,0.0,49.0,72.0,3905.0,3904.61,0.0,-1.3,0.0,34.8,372.39,199.4,61.1,64.1,54.9
2022-03-09 00:00:00,19:04:53,4,38.3,0.0,49.0,72.0,3905.0,3905.46,0.0,-1.3,0.0,34.8,372.4,199.4,61.1,64.3,55.0
2022-03-09 00:00:00,19:05:53,4,38.4,0.0,49.0,72.0,3905.0,3904.36,0.0,-1.3,0.0,34.8,372.39,199.4,61.2,64.2,54.7
2022-03-09 00:00:00,19:06:53,4,38.4,0.0,49.0,72.0,3905.0,3905.28,0.0,-1.3,0.0,34.8,372.39,199.4,61.4,64.3,54.7
2022-03-09 00:00:00,19:07:53,4,38.5,0.0,49.0,72.0,3905.0,3905.32,0.0,-1.3,0.0,34.8,372.39,199.4,61.4,64.3,54.7
2022-03-09 00:00:00,19:08:53,4,38.6,0.0,49.0,72.0,3905.0,3904.51,0.0,-1.3,0.0,34.8,372.38,199.4,61.4,64.4,54.6
2022-03-09 00:00:00,19:09:53,4,38.7,0.0,49.0,72.0,3905.0,3905.11,0.0,-1.3,0.0,34.8,372.4,199.4,61.4,64.4,54.7
2022-03-09 00:00:00,19:10:53,4,38.7,0.0,49.0,72.0,3905.0,3904.58,0.0,-1.3,0.0,34.8,372.38,199.4,61.5,64.4,54.6
2022-03-09 00:00:00,19:11:53,4,38.8,0.0,49.0,72.0,3905.0,3905.25,0.0,-1.3,0.0,34.8,372.4,199.4,61.5,64.4,54.6
2022-03-09 00:00:00,19:12:53,4,38.8,0.0,49.0,72.0,3905.0,3905.14,0.0,-1.3,0.0,34.8,372.39,199.4,61.5,64.5,54.8
2022-03-09 00:00:00,19:13:53,4,38.9,0.0,49.0,72.0,3905.0,3904.58,0.0,-1.3,0.0,34.8,372.39,199.4,61.5,64.5,54.9
2022-03-09 00:00:00,19:14:53,4,38.9,0.0,49.0,72.0,3905.0,3905.18,0.0,-1.3,0.0,34.8,372.39,199.4,61.6,64.6,54.7
2022-03-09 00:00:00,19:15:53,4,38.9,0.0,49.0,72.0,3905.0,3904.86,0.0,-1.3,0.0,34.8,372.38,199.4,61.7,64.6,54.8
2022-03-09 00:00:00,19:16:53,4,38.8,0.0,49.0,72.0,3905.0,3905.0,0.0,-1.3,0.0,34.8,372.39,199.4,61.6,64.5,54.6
2022-03-09 00:00:00,19:17:53,4,38.7,0.0,49.0,72.0,3905.0,3905.32,0.0,-1.3,0.0,34.8,372.39,199.4,61.4,64.5,54.7
2022-03-09 00:00:00,19:18:53,4,38.5,0.0,49.0,72.0,3905.0,3904.12,0.0,-1.3,0.0,34.8,372.39,199.4,61.4,64.4,54.6
2022-03-09 00:00:00,19:19:53,4,38.3,0.0,49.0,72.0,3905.0,3904.97,0.0,-1.3,0.0,34.8,372.39,199.4,61.3,64.5,54.9
2022-03-09 00:00:00,19:20:53,4,38.2,0.0,49.0,72.0,3905.0,3905.5,0.0,-1.3,0.0,34.8,372.38,199.4,61.2,64.4,55.0
2022-03-09 00:00:00,19:21:53,4,38.0,0.0,49.0,72.0,3905.0,3904.44,0.0,-1.3,0.0,34.8,372.38,199.4,61.2,64.4,55.0
2022-03-09 00:00:00,19:22:53,4,37.8,0.0,49.0,72.0,3905.0,3905.07,0.0,-1.3,0.0,34.8,372.39,199.4,61.1,64.3,55.0
2022-03-09 00:00:00,19:23:53,4,37.6,0.0,49.0,72.0,3905.0,3904.72,0.0,-1.3,0.0,34.8,372.39,199.4,61.0,64.4,54.9
2022-03-09 00:00:00,19:24:53,4,37.5,0.0,49.0,72.0,3905.0,3905.0,0.0,-1.3,0.0,34.8,372.39,199.4,61.0,64.2,55.0
2022-03-09 00:00:00,19:25:53,4,37.4,0.0,49.0,72.0,3905.0,3905.18,0.0,-1.3,0.0,34.8,372.39,199.4,61.0,64.2,55.2
2022-03-09 00:00:00,19:26:53,4,37.3,0.0,49.0,72.0,3905.0,3904.54,0.0,-1.3,0.0,34.8,372.38,199.4,60.9,64.1,55.0
2022-03-09 00:00:00,19:27:53,4,37.3,0.0,49.0,72.0,3905.0,3905.25,0.0,-1.3,0.0,34.8,372.39,199.4,60.9,64.1,55.0
2022-03-09 00:00:00,19:28:53,4,37.2,0.0,49.0,72.0,3905.0,3904.54,0.0,-1.3,0.0,34.8,372.38,199.4,60.7,64.2,55.1
2022-03-09 00:00:00,19:29:53,4,37.0,0.0,49.0,72.0,3905.0,3905.28,0.0,-1.3,0.0,34.8,372.39,199.4,60.7,64.1,55.2
2022-03-09 00:00:00,19:30:53,4,37.4,0.0,49.0,72.0,3905.0,3905.28,0.0,-1.3,0.0,34.8,372.39,199.4,60.8,64.2,55.1
2022-03-09 00:00:00,19:31:53,4,37.7,0.0,49.0,72.0,3905.0,3904.15,0.0,-1.3,0.0,34.8,372.39,199.4,60.9,64.2,55.2
2022-03-09 00:00:00,19:32:53,4,38.0,0.0,49.0,72.0,3905.0,3905.32,0.0,-1.3,0.0,34.8,372.39,199.4,61.1,64.2,55.2
2022-03-09 00:00:00,19:33:53,4,38.2,0.0,49.0,72.0,3905.0,3905.18,0.0,-1.3,0.0,34.8,372.39,199.4,61.1,64.2,55.2
2022-03-09 00:00:00,19:34:53,4,38.3,0.0,49.0,72.0,3905.0,3904.61,0.0,-1.3,0.0,34.8,372.39,199.4,61.3,64.2,55.0
2022-03-09 00:00:00,19:35:53,4,38.3,0.0,49.0,72.0,3905.0,3905.25,0.0,-1.2,0.0,34.8,372.39,199.4,61.3,64.2,54.9
2022-03-09 00:00:00,19:36:53,4,38.4,0.0,49.0,72.0,3905.0,3904.51,0.0,-1.3,0.0,34.8,372.39,199.4,61.3,64.3,54.8
2022-03-09 00:00:00,19:37:53,4,38.4,0.0,49.0,72.0,3905.0,3905.14,0.0,-1.3,0.0,34.8,372.38,199.4,61.3,64.3,54.6
2022-03-09 00:00:00,19:38:53,4,38.5,0.0,49.0,72.0,3905.0,3905.25,0.0,-1.3,0.0,34.8,372.39,199.4,61.4,64.4,54.7
2022-03-09 00:00:00,19:39:53,4,38.6,0.0,49.0,72.0,3905.0,3904.61,0.0,-1.3,0.0,34.8,372.38,199.4,61.4,64.4,54.8
2022-03-09 00:00:00,19:40:53,4,38.7,0.0,49.0,72.0,3905.0,3904.93,0.0,-1.3,0.0,34.8,372.38,199.4,61.4,64.4,54.8
2022-03-09 00:00:00,19:41:53,4,38.8,0.0,49.0,72.0,3905.0,3904.51,0.0,-1.3,0.0,34.8,372.39,199.4,61.4,64.4,54.7
2022-03-09 00:00:00,19:42:53,4,38.9,0.0,49.0,72.0,3905.0,3905.11,0.0,-1.3,0.0,34.8,372.38,199.4,61.5,64.5,54.7
2022-03-09 00:00:00,19:43:53,4,38.8,0.0,49.0,72.0,3905.0,3905.25,0.0,-1.3,0.0,34.8,372.37,199.4,61.5,64.5,54.8
2022-03-09 00:00:00,19:44:53,4,39.0,0.0,49.0,72.0,3905.0,3904.15,0.0,-1.3,0.0,34.8,372.39,199.4,61.7,64.5,54.6
2022-03-09 00:00:00,19:45:53,4,39.0,0.0,49.0,72.0,3905.0,3905.0,0.0,-1.3,0.0,34.8,372.38,199.4,61.6,64.6,54.7
2022-03-09 00:00:00,19:46:53,4,38.9,0.0,49.0,72.0,3905.0,3905.57,0.0,-1.3,0.0,34.8,372.37,199.4,61.7,64.6,54.8
2022-03-09 00:00:00,19:47:53,4,38.8,0.0,49.0,72.0,3905.0,3904.4,0.0,-1.3,0.0,34.8,372.39,199.4,61.6,64.5,54.8
2022-03-09 00:00:00,19:48:53,4,38.6,0.0,49.0,72.0,3905.0,3905.39,0.0,-1.3,0.0,34.8,372.38,199.4,61.5,64.4,54.8
2022-03-09 00:00:00,19:49:53,4,38.5,0.0,49.0,72.0,3905.0,3904.58,0.0,-1.3,0.0,34.8,372.38,199.4,61.3,64.6,54.8
2022-03-09 00:00:00,19:50:53,4,38.3,0.0,49.0,72.0,3905.0,3904.97,0.0,-1.2,0.0,34.8,372.36,199.4,61.3,64.6,54.9
2022-03-09 00:00:00,19:51:53,4,38.1,0.0,49.0,72.0,3905.0,3905.25,0.0,-1.3,0.0,34.8,372.38,199.4,61.2,64.5,54.9
2022-03-09 00:00:00,19:52:53,4,38.0,0.0,49.0,72.0,3905.0,3904.47,0.0,-1.3,0.0,34.8,372.38,199.4,61.2,64.4,54.9
2022-03-09 00:00:00,19:53:53,4,37.9,0.0,49.0,72.0,3905.0,3904.97,0.0,-1.3,0.0,34.8,372.38,199.4,61.1,64.4,54.8
2022-03-09 00:00:00,19:54:53,4,37.8,0.0,49.0,72.0,3905.0,3905.18,0.0,-1.3,0.0,34.8,372.38,199.4,61.0,64.4,55.0
2022-03-09 00:00:00,19:55:53,4,37.6,0.0,49.0,72.0,3905.0,3904.51,0.0,-1.3,0.0,34.8,372.38,199.4,60.8,64.5,55.0
2022-03-09 00:00:00,19:56:53,4,37.4,0.0,49.0,72.0,3905.0,3905.0,0.0,-1.2,0.0,34.8,372.38,199.4,60.9,64.4,54.9
2022-03-09 00:00:00,19:57:53,4,37.2,0.0,49.0,72.0,3905.0,3904.65,0.0,-1.3,0.0,34.8,372.37,199.4,60.9,64.2,54.9
2022-03-09 00:00:00,19:58:53,4,37.2,0.0,49.0,72.0,3905.0,3904.93,0.0,-1.3,0.0,34.8,372.37,199.4,60.8,64.1,55.1
2022-03-09 00:00:00,19:59:53,4,37.2,0.0,49.0,72.0,3905.0,3905.28,0.0,-1.3,0.0,34.8,372.38,199.4,60.8,64.2,54.9
2022-03-09 00:00:00,20:00:53,4,37.3,0.0,49.0,72.0,3905.0,3904.08,0.0,-1.3,0.0,34.8,372.37,199.4,60.8,64.2,55.3
2022-03-09 00:00:00,20:01:53,4,37.5,0.0,49.0,72.0,3905.0,3905.14,0.0,-1.3,0.0,34.8,372.38,199.4,61.0,64.3,55.3
2022-03-09 00:00:00,20:02:53,4,37.8,0.0,49.0,72.0,3905.0,3905.57,0.0,-1.3,0.0,34.8,372.38,199.4,61.1,64.3,55.3
2022-03-09 00:00:00,20:03:53,4,38.1,0.0,49.0,72.0,3905.0,3904.4,0.0,-1.3,0.0,34.8,372.37,199.4,61.3,64.2,55.2
2022-03-09 00:00:00,20:04:53,4,38.3,0.0,49.0,72.0,3905.0,3905.11,0.0,-1.3,0.0,34.8,372.37,199.4,61.2,64.4,55.1
2022-03-09 00:00:00,20:05:53,4,38.3,0.0,49.0,72.0,3905.0,3905.0,0.0,-1.3,0.0,34.8,372.37,199.4,61.2,64.4,55.0
2022-03-09 00:00:00,20:06:53,4,38.4,0.0,49.0,72.0,3905.0,3904.72,0.0,-1.3,0.0,34.8,372.38,199.4,61.3,64.3,54.8
2022-03-09 00:00:00,20:07:53,4,38.4,0.0,49.0,72.0,3905.0,3905.18,0.0,-1.3,0.0,34.8,372.37,199.4,61.3,64.3,54.8
2022-03-09 00:00:00,20:08:53,4,38.5,0.0,49.0,72.0,3905.0,3904.4,0.0,-1.3,0.0,34.8,372.37,199.4,61.4,64.5,55.0
2022-03-09 00:00:00,20:09:53,4,38.6,0.0,49.0,72.0,3905.0,3905.11,0.0,-1.3,0.0,34.8,372.36,199.4,61.6,64.4,54.8
2022-03-09 00:00:00,20:10:53,4,38.7,0.0,49.0,72.0,3905.0,3904.9,0.0,-1.3,0.0,34.8,372.38,199.4,61.6,64.3,54.7
2022-03-09 00:00:00,20:11:53,4,38.7,0.0,49.0,72.0,3905.0,3904.29,0.0,-1.3,0.0,34.8,372.36,199.4,61.5,64.5,54.9
2022-03-09 00:00:00,20:12:53,4,38.8,0.0,49.0,72.0,3905.0,3905.28,0.0,-1.3,0.0,34.8,372.37,199.4,61.5,64.5,54.8
2022-03-09 00:00:00,20:13:53,4,38.8,0.0,49.0,72.0,3905.0,3905.0,0.0,-1.3,0.0,34.8,372.37,199.4,61.5,64.6,54.7
2022-03-09 00:00:00,20:14:53,4,38.9,0.0,49.0,72.0,3905.0,3904.4,0.0,-1.3,0.0,34.8,372.37,199.4,61.7,64.5,54.7
2022-03-09 00:00:00,20:15:53,4,38.8,0.0,49.0,72.0,3905.0,3905.28,0.0,-1.3,0.0,34.8,372.37,199.4,61.6,64.5,54.8
2022-03-09 00:00:00,20:16:53,4,38.7,0.0,49.0,72.0,3905.0,3904.08,0.0,-1.3,0.0,34.8,372.36,199.4,61.5,64.5,54.7
2022-03-09 00:00:00,20:17:53,4,38.5,0.0,49.0,72.0,3905.0,3905.11,0.0,-1.3,0.0,34.8,372.36,199.4,61.4,64.5,54.8
2022-03-09 00:00:00,20:18:53,4,38.3,0.0,49.0,72.0,3905.0,3905.43,0.0,-1.3,0.0,34.8,372.35,199.4,61.3,64.4,54.7
2022-03-09 00:00:00,20:19:53,4,38.3,0.0,49.0,72.0,3905.0,3904.47,0.0,-1.3,0.0,34.8,372.36,199.4,61.3,64.5,54.9
2022-03-09 00:00:00,20:20:53,4,38.0,0.0,49.0,72.0,3905.0,3904.86,0.0,-1.3,0.0,34.8,372.37,199.4,61.2,64.4,54.7
2022-03-09 00:00:00,20:21:53,4,37.8,0.0,49.0,72.0,3905.0,3905.21,0.0,-1.3,0.0,34.8,372.36,199.4,61.1,64.4,54.8
2022-03-09 00:00:00,20:22:53,4,37.8,0.0,49.0,72.0,3905.0,3904.29,0.0,-1.3,0.0,34.8,372.37,199.4,60.8,64.5,55.0
2022-03-09 00:00:00,20:23:53,4,37.6,0.0,49.0,72.0,3905.0,3904.72,0.0,-1.3,0.0,34.8,372.37,199.4,61.0,64.3,55.0
2022-03-09 00:00:00,20:24:53,4,37.5,0.0,49.0,72.0,3905.0,3905.07,0.0,-1.3,0.0,34.8,372.36,199.4,61.0,64.2,55.0
2022-03-09 00:00:00,20:25:53,4,37.4,0.0,49.0,72.0,3905.0,3904.75,0.0,-1.3,0.0,34.8,372.36,199.4,60.8,64.3,55.0
2022-03-09 00:00:00,20:26:53,4,37.3,0.0,49.0,72.0,3905.0,3904.93,0.0,-1.3,0.0,34.8,372.36,199.4,60.9,64.1,54.9
2022-03-09 00:00:00,20:27:53,4,37.2,0.0,49.0,72.0,3905.0,3904.19,0.0,-1.3,0.0,34.8,372.37,199.4,60.8,64.1,54.8
2022-03-09 00:00:00,20:28:53,4,37.3,0.0,49.0,72.0,3905.0,3905.11,0.0,-1.3,0.0,34.8,372.37,199.4,60.8,64.2,55.0
2022-03-09 00:00:00,20:29:53,4,37.4,0.0,49.0,72.0,3905.0,3905.14,0.0,-1.3,0.0,34.8,372.36,199.4,60.9,64.2,55.1
2022-03-09 00:00:00,20:30:53,4,37.8,0.0,49.0,72.0,3905.0,3904.19,0.0,-1.3,0.0,34.8,372.36,199.4,61.1,64.3,55.1
2022-03-09 00:00:00,20:31:53,4,38.0,0.0,49.0,72.0,3905.0,3905.46,0.0,-1.3,0.0,34.8,372.37,199.4,61.2,64.2,55.1
2022-03-09 00:00:00,20:32:53,4,38.3,0.0,49.0,72.0,3905.0,3904.93,0.0,-1.3,0.0,34.8,372.36,199.4,61.1,64.3,55.2
2022-03-09 00:00:00,20:33:53,4,38.3,0.0,49.0,72.0,3905.0,3904.22,0.0,-1.3,0.0,34.8,372.37,199.4,61.1,64.4,55.0
2022-03-09 00:00:00,20:34:53,4,38.4,0.0,49.0,72.0,3905.0,3905.14,0.0,-1.3,0.0,34.8,372.36,199.4,61.2,64.3,54.9
2022-03-09 00:00:00,20:35:53,4,38.4,0.0,49.0,72.0,3905.0,3904.68,0.0,-1.3,0.0,34.8,372.36,199.4,61.3,64.3,54.9
2022-03-09 00:00:00,20:36:53,4,38.4,0.0,49.0,72.0,3905.0,3904.68,0.0,-1.3,0.0,34.8,372.36,199.4,61.4,64.3,54.6
2022-03-09 00:00:00,20:37:53,4,38.5,0.0,49.0,72.0,3905.0,3905.5,0.0,-1.3,0.0,34.8,372.36,199.4,61.4,64.3,54.7
2022-03-09 00:00:00,20:38:53,4,38.7,0.0,49.0,72.0,3905.0,3904.54,0.0,-1.3,0.0,34.8,372.36,199.4,61.5,64.4,54.7
2022-03-09 00:00:00,20:39:53,4,38.7,0.0,49.0,72.0,3905.0,3905.11,0.0,-1.3,0.0,34.8,372.36,199.4,61.5,64.4,54.7
2022-03-09 00:00:00,20:40:53,4,38.8,0.0,49.0,72.0,3905.0,3905.39,0.0,-1.3,0.0,34.8,372.36,199.4,61.5,64.4,54.8
2022-03-09 00:00:00,20:41:53,4,38.9,0.0,49.0,72.0,3905.0,3904.54,0.0,-1.3,0.0,34.8,372.36,199.4,61.6,64.6,54.7
2022-03-09 00:00:00,20:42:53,4,38.8,0.0,49.0,72.0,3905.0,3904.97,0.0,-1.3,0.0,34.8,372.36,199.4,61.6,64.5,54.7
2022-03-09 00:00:00,20:43:53,4,38.8,0.0,49.0,72.0,3905.0,3905.21,0.0,-1.3,0.0,34.8,372.35,199.4,61.7,64.6,54.7
2022-03-09 00:00:00,20:44:53,4,38.8,0.0,49.0,72.0,3905.0,3904.51,0.0,-1.3,0.0,34.8,372.35,199.4,61.6,64.5,54.7
2022-03-09 00:00:00,20:45:53,4,38.7,0.0,49.0,72.0,3905.0,3905.04,0.0,-1.3,0.0,34.8,372.35,199.4,61.6,64.6,54.8
2022-03-09 00:00:00,20:46:53,4,38.5,0.0,49.0,72.0,3905.0,3904.86,0.0,-1.3,0.0,34.8,372.36,199.4,61.5,64.4,54.6
2022-03-09 00:00:00,20:47:53,4,38.3,0.0,49.0,72.0,3905.0,3904.82,0.0,-1.3,0.0,34.8,372.35,199.4,61.3,64.4,54.8
2022-03-09 00:00:00,20:48:53,4,38.2,0.0,49.0,72.0,3905.0,3904.97,0.0,-1.3,0.0,34.8,372.35,199.4,61.2,64.5,54.9
2022-03-09 00:00:00,20:49:53,4,37.9,0.0,49.0,72.0,3905.0,3904.58,0.0,-1.3,0.0,34.8,372.36,199.4,61.2,64.4,54.8
2022-03-09 00:00:00,20:50:53,4,37.7,0.0,49.0,72.0,3905.0,3904.72,0.0,-1.3,0.0,34.8,372.35,199.4,61.0,64.5,55.0
2022-03-09 00:00:00,20:51:53,4,37.7,0.0,49.0,72.0,3905.0,3905.07,0.0,-1.2,0.0,34.8,372.35,199.4,61.0,64.3,55.0
2022-03-09 00:00:00,20:52:53,4,37.6,0.0,49.0,72.0,3905.0,3904.44,0.0,-1.3,0.0,34.8,372.35,199.4,61.1,64.3,54.9
2022-03-09 00:00:00,20:53:53,4,37.6,0.0,49.0,72.0,3905.0,3905.04,0.0,-1.3,0.0,34.8,372.35,199.4,60.9,64.2,55.1
2022-03-09 00:00:00,20:54:53,4,37.4,0.0,49.0,72.0,3905.0,3905.28,0.0,-1.3,0.0,34.8,372.35,199.4,60.8,64.3,55.1
2022-03-09 00:00:00,20:55:53,4,37.1,0.0,49.0,72.0,3905.0,3904.19,0.0,-1.3,0.0,34.8,372.35,199.4,60.9,64.2,55.1
2022-03-09 00:00:00,20:56:53,4,37.2,0.0,49.0,72.0,3905.0,3905.04,0.0,-1.3,0.0,34.8,372.36,199.4,60.8,64.2,55.0
2022-03-09 00:00:00,20:57:53,4,37.3,0.0,49.0,72.0,3905.0,3905.28,0.0,-1.3,0.0,34.8,372.36,199.4,60.8,64.2,55.1
2022-03-09 00:00:00,20:58:53,4,37.5,0.0,49.0,72.0,3905.0,3904.51,0.0,-1.3,0.0,34.8,372.36,199.4,61.0,64.3,55.2
2022-03-09 00:00:00,20:59:53,4,37.9,0.0,49.0,72.0,3905.0,3904.68,0.0,-1.3,0.0,34.8,372.34,199.4,61.0,64.3,55.3
2022-03-09 00:00:00,21:00:53,4,38.1,0.0,49.0,72.0,3905.0,3905.39,0.0,-1.3,0.0,34.8,372.35,199.4,61.1,64.4,55.3
2022-03-09 00:00:00,21:01:53,4,38.3,0.0,49.0,72.0,3905.0,3904.51,0.0,-1.3,0.0,34.8,372.35,199.4,61.1,64.3,55.1
2022-03-09 00:00:00,21:02:53,4,38.4,0.0,49.0,72.0,3905.0,3904.93,0.0,-1.3,0.0,34.8,372.35,199.4,61.3,64.3,54.7
2022-03-09 00:00:00,21:03:53,4,38.4,0.0,49.0,72.0,3905.0,3904.93,0.0,-1.3,0.0,34.8,372.37,199.4,61.4,64.3,54.7
2022-03-09 00:00:00,21:04:53,4,38.5,0.0,49.0,72.0,3905.0,3905.11,0.0,-1.3,0.0,34.8,372.35,199.4,61.4,64.2,54.7
2022-03-09 00:00:00,21:05:53,4,38.5,0.0,49.0,72.0,3905.0,3905.14,0.0,-1.3,0.0,34.8,372.35,199.4,61.4,64.4,54.6
2022-03-09 00:00:00,21:06:53,4,38.6,0.0,49.0,72.0,3905.0,3904.22,0.0,-1.3,0.0,34.8,372.35,199.4,61.5,64.3,54.7
2022-03-09 00:00:00,21:07:53,4,38.7,0.0,49.0,72.0,3905.0,3905.5,0.0,-1.3,0.0,34.8,372.36,199.4,61.4,64.5,54.7
2022-03-09 00:00:00,21:08:53,4,38.8,0.0,49.0,72.0,3905.0,3905.18,0.0,-1.3,0.0,34.8,372.35,199.4,61.5,64.6,54.8
2022-03-09 00:00:00,21:09:53,4,38.8,0.0,49.0,72.0,3905.0,3904.22,0.0,-1.3,0.0,34.8,372.35,199.4,61.6,64.5,54.7
2022-03-09 00:00:00,21:10:53,4,38.9,0.0,49.0,72.0,3905.0,3905.14,0.0,-1.3,0.0,34.8,372.35,199.4,61.6,64.6,54.8
2022-03-09 00:00:00,21:11:53,4,38.8,0.0,49.0,72.0,3905.0,3905.36,0.0,-1.3,0.0,34.8,372.35,199.4,61.6,64.6,54.7
2022-03-09 00:00:00,21:12:53,4,38.8,0.0,49.0,72.0,3905.0,3904.22,0.0,-1.3,0.0,34.8,372.35,199.4,61.8,64.6,54.7
2022-03-09 00:00:00,21:13:53,4,38.8,0.0,49.0,72.0,3905.0,3905.32,0.0,-1.3,0.0,34.8,372.35,199.4,61.6,64.6,54.7
2022-03-09 00:00:00,21:14:53,4,38.6,0.0,49.0,72.0,3905.0,3905.04,0.0,-1.3,0.0,34.8,372.34,199.4,61.4,64.6,54.8
2022-03-09 00:00:00,21:15:53,4,38.5,0.0,49.0,72.0,3905.0,3903.94,0.0,-1.3,0.0,34.8,372.35,199.4,61.4,64.5,54.7
2022-03-09 00:00:00,21:16:53,4,38.3,0.0,49.0,72.0,3905.0,3905.18,0.0,-1.3,0.0,34.8,372.35,199.4,61.3,64.6,54.8
2022-03-09 00:00:00,21:17:53,4,38.1,0.0,49.0,72.0,3905.0,3905.57,0.0,-1.3,0.0,34.8,372.34,199.4,61.3,64.4,54.8
2022-03-09 00:00:00,21:18:53,4,38.0,0.0,49.0,72.0,3905.0,3904.15,0.0,-1.3,0.0,34.8,372.34,199.4,61.1,64.5,55.1
2022-03-09 00:00:00,21:19:53,4,37.9,0.0,49.0,72.0,3905.0,3904.86,0.0,-1.3,0.0,34.8,372.35,199.4,61.0,64.5,55.1
2022-03-09 00:00:00,21:20:53,4,37.7,0.0,49.0,72.0,3905.0,3905.5,0.0,-1.3,0.0,34.8,372.34,199.4,61.0,64.3,55.0
2022-03-09 00:00:00,21:21:53,4,37.5,0.0,49.0,72.0,3905.0,3904.33,0.0,-1.3,0.0,34.8,372.35,199.4,61.0,64.4,55.1
2022-03-09 00:00:00,21:22:53,4,37.4,0.0,49.0,72.0,3905.0,3904.9,0.0,-1.3,0.0,34.8,372.35,199.4,61.0,64.3,55.1
2022-03-09 00:00:00,21:23:53,4,37.3,0.0,49.0,72.0,3905.0,3905.39,0.0,-1.3,0.0,34.8,372.34,199.4,60.9,64.3,54.9
2022-03-09 00:00:00,21:24:53,4,37.2,0.0,49.0,72.0,3905.0,3904.26,0.0,-1.3,0.0,34.8,372.35,199.4,60.9,64.1,54.8
2022-03-09 00:00:00,21:25:53,4,37.0,0.0,49.0,72.0,3905.0,3905.04,0.0,-1.3,0.0,34.8,372.35,199.4,60.8,64.3,55.1
2022-03-09 00:00:00,21:26:53,4,37.2,0.0,49.0,72.0,3905.0,3905.25,0.0,-1.3,0.0,34.8,372.35,199.4,60.8,64.2,55.0
2022-03-09 00:00:00,21:27:53,4,37.3,0.0,49.0,72.0,3905.0,3904.79,0.0,-1.3,0.0,34.8,372.34,199.4,61.0,64.2,55.2
2022-03-09 00:00:00,21:28:53,4,37.7,0.0,49.0,72.0,3905.0,3904.9,0.0,-1.3,0.0,34.8,372.35,199.4,61.0,64.2,55.2
2022-03-09 00:00:00,21:29:53,4,38.0,0.0,49.0,72.0,3905.0,3904.72,0.0,-1.3,0.0,34.8,372.34,199.4,61.0,64.3,55.3
2022-03-09 00:00:00,21:30:53,4,38.2,0.0,49.0,72.0,3905.0,3904.86,0.0,-1.3,0.0,34.8,372.35,199.4,61.2,64.2,55.1
2022-03-09 00:00:00,21:31:53,4,38.3,0.0,49.0,72.0,3905.0,3905.28,0.0,-1.3,0.0,34.8,372.35,199.4,61.3,64.2,54.9
2022-03-09 00:00:00,21:32:53,4,38.3,0.0,49.0,72.0,3905.0,3904.58,0.0,-1.3,0.0,34.8,372.34,199.4,61.2,64.4,55.0
2022-03-09 00:00:00,21:33:53,4,38.4,0.0,49.0,72.0,3905.0,3905.18,0.0,-1.3,0.0,34.8,372.35,199.4,61.3,64.3,54.8
2022-03-09 00:00:00,21:34:53,4,38.4,0.0,49.0,72.0,3905.0,3905.04,0.0,-1.3,0.0,34.8,372.35,199.4,61.4,64.4,54.8
2022-03-09 00:00:00,21:35:53,4,38.5,0.0,49.0,72.0,3905.0,3904.33,0.0,-1.3,0.0,34.8,372.34,199.4,61.4,64.4,54.7
2022-03-09 00:00:00,21:36:53,4,38.7,0.0,49.0,72.0,3905.0,3905.36,0.0,-1.3,0.0,34.8,372.33,199.4,61.4,64.3,54.7
2022-03-09 00:00:00,21:37:53,4,38.7,0.0,49.0,72.0,3905.0,3905.21,0.0,-1.3,0.0,34.8,372.35,199.4,61.5,64.4,54.7
2022-03-09 00:00:00,21:38:53,4,38.8,0.0,49.0,72.0,3905.0,3904.58,0.0,-1.3,0.0,34.8,372.33,199.4,61.5,64.5,54.7
2022-03-09 00:00:00,21:39:53,4,38.8,0.0,49.0,72.0,3905.0,3905.25,0.0,-1.3,0.0,34.8,372.34,199.4,61.5,64.6,54.7
2022-03-09 00:00:00,21:40:53,4,38.9,0.0,49.0,72.0,3905.0,3905.43,0.0,-1.3,0.0,34.8,372.34,199.4,61.6,64.5,54.7
2022-03-09 00:00:00,21:41:53,4,38.9,0.0,49.0,72.0,3905.0,3904.33,0.0,-1.3,0.0,34.8,372.35,199.4,61.6,64.7,54.7
2022-03-09 00:00:00,21:42:53,4,38.8,0.0,49.0,72.0,3905.0,3905.43,0.0,-1.3,0.0,34.8,372.35,199.4,61.7,64.5,54.8
2022-03-09 00:00:00,21:43:53,4,38.8,0.0,49.0,72.0,3905.0,3905.28,0.0,-1.3,0.0,34.8,372.34,199.4,61.7,64.7,54.8
2022-03-09 00:00:00,21:44:53,4,38.8,0.0,49.0,72.0,3905.0,3904.61,0.0,-1.3,0.0,34.8,372.33,199.4,61.6,64.5,54.6
2022-03-09 00:00:00,21:45:53,4,38.6,0.0,49.0,72.0,3905.0,3905.14,0.0,-1.3,0.0,34.8,372.33,199.4,61.5,64.4,54.7
2022-03-09 00:00:00,21:46:53,4,38.5,0.0,49.0,72.0,3905.0,3905.36,0.0,-1.3,0.0,34.8,372.33,199.4,61.3,64.6,54.8
2022-03-09 00:00:00,21:47:53,4,38.2,0.0,49.0,72.0,3905.0,3904.51,0.0,-1.3,0.0,34.8,372.33,199.4,61.3,64.5,54.8
2022-03-09 00:00:00,21:48:53,4,38.0,0.0,49.0,72.0,3905.0,3905.14,0.0,-1.3,0.0,34.8,372.34,199.4,61.2,64.5,55.0
2022-03-09 00:00:00,21:49:53,4,37.7,0.0,49.0,72.0,3905.0,3905.6,0.0,-1.3,0.0,34.8,372.32,199.4,61.2,64.5,54.8
2022-03-09 00:00:00,21:50:53,4,37.8,0.0,49.0,72.0,3905.0,3904.58,0.0,-1.3,0.0,34.8,372.34,199.4,61.1,64.5,55.1
2022-03-09 00:00:00,21:51:53,4,37.7,0.0,49.0,72.0,3905.0,3905.04,0.0,-1.3,0.0,34.8,372.32,199.4,61.0,64.5,55.0
2022-03-09 00:00:00,21:52:53,4,37.5,0.0,49.0,72.0,3905.0,3905.36,0.0,-1.3,0.0,34.8,372.34,199.4,61.0,64.3,54.9
2022-03-09 00:00:00,21:53:53,4,37.5,0.0,49.0,72.0,3905.0,3904.44,0.0,-1.3,0.0,34.8,372.34,199.4,61.0,64.4,55.0
2022-03-09 00:00:00,21:54:53,4,37.3,0.0,49.0,72.0,3905.0,3904.9,0.0,-1.3,0.0,34.8,372.33,199.4,61.0,64.1,54.8
2022-03-09 00:00:00,21:55:53,4,37.3,0.0,49.0,72.0,3905.0,3905.39,0.0,-1.3,0.0,34.8,372.32,199.4,60.9,64.2,55.1
2022-03-09 00:00:00,21:56:53,4,37.1,0.0,49.0,72.0,3905.0,3904.58,0.0,-1.3,0.0,34.8,372.33,199.4,60.8,64.2,54.9
2022-03-09 00:00:00,21:57:53,4,37.3,0.0,49.0,72.0,3905.0,3904.93,0.0,-1.3,0.0,34.8,372.35,199.4,60.9,64.2,55.0
2022-03-09 00:00:00,21:58:53,4,37.6,0.0,49.0,72.0,3905.0,3905.39,0.0,-1.3,0.0,34.8,372.33,199.4,61.0,64.3,55.1
2022-03-09 00:00:00,21:59:53,4,37.7,0.0,49.0,72.0,3905.0,3904.44,0.0,-1.2,0.0,34.8,372.34,199.4,60.9,64.2,55.2
2022-03-09 00:00:00,22:00:53,4,38.1,0.0,49.0,72.0,3905.0,3904.93,0.0,-1.3,0.0,34.8,372.34,199.4,61.1,64.3,55.3
2022-03-09 00:00:00,22:01:53,4,38.2,0.0,49.0,72.0,3905.0,3905.04,0.0,-1.3,0.0,34.8,372.34,199.4,61.1,64.3,55.1
2022-03-09 00:00:00,22:02:53,4,38.3,0.0,49.0,72.0,3905.0,3904.75,0.0,-1.3,0.0,34.8,372.34,199.4,61.3,64.3,54.8
2022-03-09 00:00:00,22:03:53,4,38.4,0.0,49.0,72.0,3905.0,3905.07,0.0,-1.3,0.0,34.8,372.34,199.4,61.3,64.3,54.9
2022-03-09 00:00:00,22:04:53,4,38.4,0.0,49.0,72.0,3905.0,3905.0,0.0,-1.3,0.0,34.8,372.34,199.4,61.2,64.4,54.9
2022-03-09 00:00:00,22:05:53,4,38.5,0.0,49.0,72.0,3905.0,3904.82,0.0,-1.3,0.0,34.8,372.34,199.4,61.4,64.3,54.6
2022-03-09 00:00:00,22:06:53,4,38.5,0.0,49.0,72.0,3905.0,3905.18,0.0,-1.3,0.0,34.8,372.33,199.4,61.4,64.4,54.7
2022-03-09 00:00:00,22:07:53,4,38.6,0.0,49.0,72.0,3905.0,3905.11,0.0,-1.3,0.0,34.8,372.33,199.4,61.5,64.4,54.6
2022-03-09 00:00:00,22:08:53,4,38.7,0.0,49.0,72.0,3905.0,3904.51,0.0,-1.3,0.0,34.8,372.32,199.4,61.5,64.6,54.6
2022-03-09 00:00:00,22:09:53,4,38.8,0.0,49.0,72.0,3905.0,3905.04,0.0,-1.3,0.0,34.8,372.34,199.4,61.6,64.5,54.6
2022-03-09 00:00:00,22:10:53,4,38.9,0.0,49.0,72.0,3905.0,3905.14,0.0,-1.3,0.0,34.8,372.33,199.4,61.6,64.4,54.7
2022-03-09 00:00:00,22:11:53,4,38.9,0.0,49.0,72.0,3905.0,3904.29,0.0,-1.3,0.0,34.8,372.34,199.4,61.6,64.6,54.7
2022-03-09 00:00:00,22:12:53,4,38.9,0.0,49.0,72.0,3905.0,3905.36,0.0,-1.3,0.0,34.8,372.32,199.4,61.6,64.7,54.8
2022-03-09 00:00:00,22:13:53,4,38.8,0.0,49.0,72.0,3905.0,3905.14,0.0,-1.3,0.0,34.8,372.33,199.4,61.7,64.6,54.9
2022-03-09 00:00:00,22:14:53,4,38.7,0.0,49.0,72.0,3905.0,3904.19,0.0,-1.3,0.0,34.8,372.33,199.4,61.7,64.6,54.7
2022-03-09 00:00:00,22:15:53,4,38.7,0.0,49.0,72.0,3905.0,3905.21,0.0,-1.3,0.0,34.8,372.32,199.4,61.5,64.6,54.8
2022-03-09 00:00:00,22:16:53,4,38.5,0.0,49.0,72.0,3905.0,3905.11,0.0,-1.3,0.0,34.8,372.32,199.4,61.4,64.5,54.6
2022-03-09 00:00:00,22:17:53,4,38.3,0.0,49.0,72.0,3905.0,3904.08,0.0,-1.3,0.0,34.8,372.32,199.4,61.3,64.4,54.8
2022-03-09 00:00:00,22:18:53,4,38.2,0.0,49.0,72.0,3905.0,3905.11,0.0,-1.3,0.0,34.8,372.32,199.4,61.2,64.5,54.9
2022-03-09 00:00:00,22:19:53,4,37.9,0.0,49.0,72.0,3905.0,3905.0,0.0,-1.3,0.0,34.8,372.32,199.4,61.2,64.4,54.9
2022-03-09 00:00:00,22:20:53,4,37.7,0.0,49.0,72.0,3905.0,3904.08,0.0,-1.3,0.0,34.8,372.32,199.4,61.1,64.4,55.0
2022-03-09 00:00:00,22:21:53,4,37.5,0.0,49.0,72.0,3905.0,3905.18,0.0,-1.3,0.0,34.8,372.33,199.4,61.1,64.5,54.9
2022-03-09 00:00:00,22:22:53,4,37.5,0.0,49.0,72.0,3905.0,3905.28,0.0,-1.3,0.0,34.8,372.33,199.4,60.9,64.3,54.9
2022-03-09 00:00:00,22:23:53,4,37.4,0.0,49.0,72.0,3905.0,3904.05,0.0,-1.3,0.0,34.8,372.33,199.4,61.0,64.4,55.1
2022-03-09 00:00:00,22:24:53,4,37.2,0.0,49.0,72.0,3905.0,3905.36,0.0,-1.3,0.0,34.8,372.33,199.4,60.8,64.4,55.2
2022-03-09 00:00:00,22:25:53,4,37.2,0.0,49.0,72.0,3905.0,3905.21,0.0,-1.3,0.0,34.8,372.32,199.4,60.9,64.2,55.0
2022-03-09 00:00:00,22:26:53,4,37.3,0.0,49.0,72.0,3905.0,3904.15,0.0,-1.3,0.0,34.8,372.32,199.4,60.8,64.2,55.1
2022-03-09 00:00:00,22:27:53,4,37.5,0.0,49.0,72.0,3905.0,3905.32,0.0,-1.3,0.0,34.8,372.33,199.4,61.0,64.2,55.3
2022-03-09 00:00:00,22:28:53,4,37.9,0.0,49.0,72.0,3905.0,3905.14,0.0,-1.3,0.0,34.8,372.33,199.4,61.1,64.3,55.2
2022-03-09 00:00:00,22:29:53,4,38.1,0.0,49.0,72.0,3905.0,3904.05,0.0,-1.3,0.0,34.8,372.32,199.4,61.3,64.3,55.3
2022-03-09 00:00:00,22:30:53,4,38.3,0.0,49.0,72.0,3905.0,3905.0,0.0,-1.3,0.0,34.8,372.32,199.4,61.2,64.4,55.2
2022-03-09 00:00:00,22:31:53,4,38.4,0.0,49.0,72.0,3905.0,3905.25,0.0,-1.3,0.0,34.8,372.33,199.4,61.3,64.3,55.0
2022-03-09 00:00:00,22:32:53,4,38.5,0.0,49.0,72.0,3905.0,3904.05,0.0,-1.3,0.0,34.8,372.32,199.4,61.4,64.4,54.9
2022-03-09 00:00:00,22:33:53,4,38.5,0.0,49.0,72.0,3905.0,3905.0,0.0,-1.3,0.0,34.8,372.32,199.4,61.4,64.4,54.8
2022-03-09 00:00:00,22:34:53,4,38.5,0.0,49.0,72.0,3905.0,3905.28,0.0,-1.3,0.0,34.8,372.32,199.4,61.3,64.6,54.9
2022-03-09 00:00:00,22:35:53,4,38.6,0.0,49.0,72.0,3905.0,3904.08,0.0,-1.3,0.0,34.8,372.32,199.4,61.5,64.5,54.7
2022-03-09 00:00:00,22:36:53,4,38.7,0.0,49.0,72.0,3905.0,3904.75,0.0,-1.3,0.0,34.8,372.32,199.4,61.4,64.5,55.0
2022-03-09 00:00:00,22:37:53,4,38.7,0.0,49.0,72.0,3905.0,3905.21,0.0,-1.3,0.0,34.8,372.33,199.4,61.6,64.4,54.7
2022-03-09 00:00:00,22:38:53,4,38.8,0.0,49.0,72.0,3905.0,3904.29,0.0,-1.3,0.0,34.8,372.33,199.4,61.5,64.5,54.8
2022-03-09 00:00:00,22:39:53,4,38.9,0.0,49.0,72.0,3905.0,3904.65,0.0,-1.3,0.0,34.8,372.32,199.4,61.5,64.6,54.8
2022-03-09 00:00:00,22:40:53,4,38.8,0.0,49.0,72.0,3905.0,3905.0,0.0,-1.3,0.0,34.8,372.32,199.4,61.6,64.6,54.9
2022-03-09 00:00:00,22:41:53,4,38.8,0.0,49.0,72.0,3905.0,3904.51,0.0,-1.3,0.0,34.8,372.32,199.4,61.8,64.5,54.8
2022-03-09 00:00:00,22:42:53,4,38.7,0.0,49.0,72.0,3905.0,3904.61,0.0,-1.3,0.0,34.8,372.32,199.4,61.5,64.6,54.9
2022-03-09 00:00:00,22:43:53,4,38.6,0.0,49.0,72.0,3905.0,3905.18,0.0,-1.3,0.0,34.8,372.32,199.4,61.6,64.5,54.7
2022-03-09 00:00:00,22:44:53,4,38.5,0.0,49.0,72.0,3905.0,3904.86,0.0,-1.3,0.0,34.8,372.31,199.4,61.3,64.6,54.9
2022-03-09 00:00:00,22:45:53,4,38.3,0.0,49.0,72.0,3905.0,3904.26,0.0,-1.3,0.0,34.8,372.32,199.4,61.3,64.5,54.9
2022-03-09 00:00:00,22:46:53,4,38.0,0.0,49.0,72.0,3905.0,3905.11,0.0,-1.3,0.0,34.8,372.32,199.4,61.2,64.4,54.8
2022-03-09 00:00:00,22:47:53,4,38.0,0.0,49.0,72.0,3905.0,3905.14,0.0,-1.3,0.0,34.8,372.31,199.4,61.1,64.5,55.0
2022-03-09 00:00:00,22:48:53,4,37.7,0.0,49.0,72.0,3905.0,3904.36,0.0,-1.3,0.0,34.8,372.31,199.4,61.1,64.6,55.1
2022-03-09 00:00:00,22:49:53,4,37.6,0.0,49.0,72.0,3905.0,3905.18,0.0,-1.3,0.0,34.8,372.32,199.4,61.0,64.4,55.2
2022-03-09 00:00:00,22:50:53,4,37.4,0.0,49.0,72.0,3905.0,3905.43,0.0,-1.3,0.0,34.8,372.32,199.4,61.0,64.3,54.9
2022-03-09 00:00:00,22:51:53,4,37.4,0.0,49.0,72.0,3905.0,3904.15,0.0,-1.3,0.0,34.8,372.32,199.4,60.9,64.3,54.9
2022-03-09 00:00:00,22:52:53,4,37.3,0.0,49.0,72.0,3905.0,3904.86,0.0,-1.3,0.0,34.8,372.31,199.4,60.9,64.4,55.1
2022-03-09 00:00:00,22:53:53,4,37.3,0.0,49.0,72.0,3905.0,3905.21,0.0,-1.3,0.0,34.8,372.32,199.4,60.9,64.2,55.0
2022-03-09 00:00:00,22:54:53,4,37.2,0.0,49.0,72.0,3905.0,3904.36,0.0,-1.3,0.0,34.8,372.33,199.4,60.9,64.2,55.1
2022-03-09 00:00:00,22:55:53,4,37.4,0.0,49.0,72.0,3905.0,3905.18,0.0,-1.3,0.0,34.8,372.32,199.4,61.1,64.1,55.3
2022-03-09 00:00:00,22:56:53,4,37.7,0.0,49.0,72.0,3905.0,3905.25,0.0,-1.2,0.0,34.8,372.32,199.4,61.0,64.2,55.2
2022-03-09 00:00:00,22:57:53,4,38.0,0.0,49.0,72.0,3905.0,3904.36,0.0,-1.2,0.0,34.8,372.33,199.4,61.2,64.3,55.1
2022-03-09 00:00:00,22:58:53,4,38.3,0.0,49.0,72.0,3905.0,3905.04,0.0,-1.3,0.0,34.8,372.32,199.4,61.2,64.3,55.1
2022-03-09 00:00:00,22:59:53,4,38.4,0.0,49.0,72.0,3905.0,3905.07,0.0,-1.3,0.0,34.8,372.33,199.4,61.4,64.3,55.0
2022-03-09 00:00:00,23:00:53,4,38.4,0.0,49.0,72.0,3905.0,3904.65,0.0,-1.3,0.0,34.8,372.32,199.4,61.3,64.4,54.8
2022-03-09 00:00:00,23:01:53,4,38.5,0.0,49.0,72.0,3905.0,3905.0,0.0,-1.3,0.0,34.8,372.33,199.4,61.4,64.5,55.0
2022-03-09 00:00:00,23:02:53,4,38.5,0.0,49.0,72.0,3905.0,3905.04,0.0,-1.3,0.0,34.8,372.31,199.4,61.4,64.4,54.8
2022-03-09 00:00:00,23:03:53,4,38.6,0.0,49.0,72.0,3905.0,3904.97,0.0,-1.3,0.0,34.8,372.32,199.4,61.4,64.5,54.7
2022-03-09 00:00:00,23:04:53,4,38.7,0.0,49.0,72.0,3905.0,3904.75,0.0,-1.3,0.0,34.8,372.31,199.4,61.6,64.4,54.7
2022-03-09 00:00:00,23:05:53,4,38.7,0.0,49.0,72.0,3905.0,3904.93,0.0,-1.3,0.0,34.8,372.32,199.4,61.6,64.5,54.8
2022-03-09 00:00:00,23:06:53,4,38.8,0.0,49.0,72.0,3905.0,3905.0,0.0,-1.3,0.0,34.8,372.32,199.4,61.6,64.4,54.6
2022-03-09 00:00:00,23:07:53,4,38.9,0.0,49.0,72.0,3905.0,3904.9,0.0,-1.3,0.0,34.8,372.31,199.4,61.6,64.5,54.7
2022-03-09 00:00:00,23:08:53,4,38.9,0.0,49.0,72.0,3905.0,3904.9,0.0,-1.3,0.0,34.8,372.31,199.4,61.7,64.6,54.8
2022-03-09 00:00:00,23:09:53,4,38.8,0.0,49.0,72.0,3905.0,3905.25,0.0,-1.3,0.0,34.8,372.32,199.4,61.6,64.7,55.0
2022-03-09 00:00:00,23:10:53,4,38.8,0.0,49.0,72.0,3905.0,3904.51,0.0,-1.3,0.0,34.8,372.31,199.4,61.7,64.6,54.8
2022-03-09 00:00:00,23:11:53,4,38.7,0.0,49.0,72.0,3905.0,3905.0,0.0,-1.3,0.0,34.8,372.32,199.4,61.6,64.5,54.7
2022-03-09 00:00:00,23:12:53,4,38.6,0.0,49.0,72.0,3905.0,3904.86,0.0,-1.3,0.0,34.8,372.32,199.4,61.5,64.6,54.8
2022-03-09 00:00:00,23:13:53,4,38.4,0.0,49.0,72.0,3905.0,3904.4,0.0,-1.3,0.0,34.8,372.3,199.4,61.4,64.5,54.8
2022-03-09 00:00:00,23:14:53,4,38.1,0.0,49.0,72.0,3905.0,3905.04,0.0,-1.3,0.0,34.8,372.3,199.4,61.3,64.6,55.1
2022-03-09 00:00:00,23:15:53,4,37.9,0.0,49.0,72.0,3905.0,3905.14,0.0,-1.3,0.0,34.8,372.3,199.4,61.2,64.6,55.0
2022-03-09 00:00:00,23:16:53,4,37.7,0.0,49.0,72.0,3905.0,3904.58,0.0,-1.3,0.0,34.8,372.31,199.4,61.3,64.5,54.9
2022-03-09 00:00:00,23:17:53,4,37.6,0.0,49.0,72.0,3905.0,3904.47,0.0,-1.3,0.0,34.8,372.31,199.4,61.1,64.5,55.1
2022-03-09 00:00:00,23:18:53,4,37.7,0.0,49.0,72.0,3905.0,3904.97,0.0,-1.3,0.0,34.8,372.31,199.4,61.0,64.4,55.0
2022-03-09 00:00:00,23:19:53,4,37.4,0.0,49.0,72.0,3905.0,3905.28,0.0,-1.3,0.0,34.8,372.32,199.4,61.0,64.4,55.1
2022-03-09 00:00:00,23:20:53,4,37.4,0.0,49.0,72.0,3905.0,3904.72,0.0,-1.3,0.0,34.8,372.3,199.4,60.8,64.3,55.1
2022-03-09 00:00:00,23:21:53,4,37.2,0.0,49.0,72.0,3905.0,3904.79,0.0,-1.3,0.0,34.8,372.31,199.4,60.8,64.3,55.0
2022-03-09 00:00:00,23:22:53,4,37.2,0.0,49.0,72.0,3905.0,3905.28,0.0,-1.3,0.0,34.8,372.32,199.4,60.9,64.1,55.0
2022-03-09 00:00:00,23:23:53,4,37.3,0.0,49.0,72.0,3905.0,3904.47,0.0,-1.3,0.0,34.8,372.31,199.4,60.8,64.3,55.0
2022-03-09 00:00:00,23:24:53,4,37.4,0.0,49.0,72.0,3905.0,3905.0,0.0,-1.3,0.0,34.8,372.3,199.4,61.0,64.4,55.4
2022-03-09 00:00:00,23:25:53,4,37.7,0.0,49.0,72.0,3905.0,3905.11,0.0,-1.3,0.0,34.8,372.32,199.4,61.1,64.4,55.2
2022-03-09 00:00:00,23:26:53,4,38.1,0.0,49.0,72.0,3905.0,3904.4,0.0,-1.3,0.0,34.8,372.3,199.4,61.3,64.3,55.1
2022-03-09 00:00:00,23:27:53,4,38.3,0.0,49.0,72.0,3905.0,3905.25,0.0,-1.3,0.0,34.8,372.32,199.4,61.2,64.3,55.0
2022-03-09 00:00:00,23:28:53,4,38.4,0.0,49.0,72.0,3905.0,3905.14,0.0,-1.3,0.0,34.8,372.3,199.4,61.3,64.3,54.9
2022-03-09 00:00:00,23:29:53,4,38.4,0.0,49.0,72.0,3905.0,3904.72,0.0,-1.3,0.0,34.8,372.31,199.4,61.4,64.4,54.9
2022-03-09 00:00:00,23:30:53,4,38.4,0.0,49.0,72.0,3905.0,3904.79,0.0,-1.3,0.0,34.8,372.31,199.4,61.3,64.4,55.0
2022-03-09 00:00:00,23:31:53,4,38.5,0.0,49.0,72.0,3905.0,3905.14,0.0,-1.3,0.0,34.8,372.3,199.4,61.4,64.4,55.0
2022-03-09 00:00:00,23:32:53,4,38.6,0.0,49.0,72.0,3905.0,3905.18,0.0,-1.3,0.0,34.8,372.31,199.4,61.5,64.4,54.8
2022-03-09 00:00:00,23:33:53,4,38.7,0.0,49.0,72.0,3905.0,3904.58,0.0,-1.3,0.0,34.8,372.29,199.4,61.5,64.4,54.8
2022-03-09 00:00:00,23:34:53,4,38.7,0.0,49.0,72.0,3905.0,3904.72,0.0,-1.3,0.0,34.8,372.3,199.4,61.6,64.6,54.9
2022-03-09 00:00:00,23:35:53,4,38.8,0.0,49.0,72.0,3905.0,3905.5,0.0,-1.3,0.0,34.8,372.3,199.4,61.5,64.7,54.9
2022-03-09 00:00:00,23:36:53,4,38.9,0.0,49.0,72.0,3905.0,3904.44,0.0,-1.3,0.0,34.8,372.3,199.4,61.7,64.5,54.7
2022-03-09 00:00:00,23:37:53,4,38.9,0.0,49.0,72.0,3905.0,3905.11,0.0,-1.3,0.0,34.8,372.31,199.4,61.7,64.6,54.8
2022-03-09 00:00:00,23:38:53,4,38.9,0.0,49.0,72.0,3905.0,3905.46,0.0,-1.3,0.0,34.8,372.3,199.4,61.7,64.7,54.9
2022-03-09 00:00:00,23:39:53,4,38.8,0.0,49.0,72.0,3905.0,3904.75,0.0,-1.3,0.0,34.8,372.29,199.4,61.7,64.6,54.9
2022-03-09 00:00:00,23:40:53,4,38.7,0.0,49.0,72.0,3905.0,3905.0,0.0,-1.3,0.0,34.8,372.29,199.4,61.6,64.7,54.7
2022-03-09 00:00:00,23:41:53,4,38.6,0.0,49.0,72.0,3905.0,3905.53,0.0,-1.3,0.0,34.8,372.3,199.4,61.4,64.6,54.7
2022-03-09 00:00:00,23:42:53,4,38.4,0.0,49.0,72.0,3905.0,3904.86,0.0,-1.3,0.0,34.8,372.28,199.4,61.4,64.5,54.9
2022-03-09 00:00:00,23:43:53,4,38.2,0.0,49.0,72.0,3905.0,3904.51,0.0,-1.2,0.0,34.8,372.29,199.4,61.3,64.5,54.8
2022-03-09 00:00:00,23:44:53,4,38.0,0.0,49.0,72.0,3905.0,3904.93,0.0,-1.3,0.0,34.8,372.29,199.4,61.1,64.6,55.0
2022-03-09 00:00:00,23:45:53,4,37.7,0.0,49.0,72.0,3905.0,3905.36,0.0,-1.3,0.0,34.8,372.31,199.4,61.2,64.5,55.1
2022-03-09 00:00:00,23:46:53,4,37.6,0.0,49.0,72.0,3905.0,3904.47,0.0,-1.2,0.0,34.8,372.28,199.4,61.2,64.3,55.0
2022-03-09 00:00:00,23:47:53,4,37.7,0.0,49.0,72.0,3905.0,3905.39,0.0,-1.3,0.0,34.8,372.31,199.4,61.1,64.5,55.1
2022-03-09 00:00:00,23:48:53,4,37.5,0.0,49.0,72.0,3905.0,3905.18,0.0,-1.3,0.0,34.8,372.3,199.4,61.1,64.3,54.9
2022-03-09 00:00:00,23:49:53,4,37.4,0.0,49.0,72.0,3905.0,3904.22,0.0,-1.3,0.0,34.8,372.29,199.4,61.0,64.3,54.9
2022-03-09 00:00:00,23:50:53,4,37.3,0.0,49.0,72.0,3905.0,3904.9,0.0,-1.3,0.0,34.8,372.29,199.4,60.9,64.3,55.0
2022-03-09 00:00:00,23:51:53,4,37.3,0.0,49.0,72.0,3905.0,3905.18,0.0,-1.3,0.0,34.8,372.3,199.4,60.8,64.3,54.8
2022-03-09 00:00:00,23:52:53,4,37.2,0.0,49.0,72.0,3905.0,3904.86,0.0,-1.3,0.0,34.8,372.3,199.4,60.8,64.2,55.0
2022-03-09 00:00:00,23:53:53,4,37.2,0.0,49.0,72.0,3905.0,3904.65,0.0,-1.2,0.0,34.8,372.3,199.4,60.9,64.2,55.2
2022-03-09 00:00:00,23:54:53,4,37.4,0.0,49.0,72.0,3905.0,3905.0,0.0,-1.3,0.0,34.8,372.29,199.4,61.0,64.3,55.3
2022-03-09 00:00:00,23:55:53,4,37.8,0.0,49.0,72.0,3905.0,3905.5,0.0,-1.3,0.0,34.8,372.3,199.4,61.0,64.3,55.3
2022-03-09 00:00:00,23:56:53,4,38.0,0.0,49.0,72.0,3905.0,3904.54,0.0,-1.3,0.0,34.8,372.3,199.4,61.2,64.2,55.2
2022-03-09 00:00:00,23:57:53,4,38.2,0.0,49.0,72.0,3905.0,3904.86,0.0,-1.3,0.0,34.8,372.29,199.4,61.2,64.2,55.1
2022-03-09 00:00:00,23:58:53,4,38.3,0.0,49.0,72.0,3905.0,3905.28,0.0,-1.3,0.0,34.8,372.31,199.4,61.3,64.3,54.9
2022-03-09 00:00:00,23:59:53,4,38.3,0.0,49.0,72.0,3905.0,3904.54,0.0,-1.3,0.0,34.8,372.3,199.4,61.3,64.4,54.9
2022-03-10 00:00:00,00:00:53,4,38.4,0.0,49.0,72.0,3905.0,3905.07,0.0,-1.3,0.0,34.8,372.3,199.4,61.3,64.4,54.8
2022-03-10 00:00:00,00:01:53,4,38.5,0.0,49.0,72.0,3905.0,3905.43,0.0,-1.3,0.0,34.8,372.3,199.4,61.3,64.4,54.7
2022-03-10 00:00:00,00:02:53,4,38.5,0.0,49.0,72.0,3905.0,3904.86,0.0,-1.3,0.0,34.8,372.3,199.4,61.4,64.4,54.7
2022-03-10 00:00:00,00:03:53,4,38.6,0.0,49.0,72.0,3905.0,3904.05,0.0,-1.3,0.0,34.8,372.29,199.4,61.5,64.4,54.7
2022-03-10 00:00:00,00:04:53,4,38.7,0.0,49.0,72.0,3905.0,3904.93,0.0,-1.3,0.0,34.8,372.3,199.4,61.6,64.5,54.8
2022-03-10 00:00:00,00:05:53,4,38.7,0.0,49.0,72.0,3905.0,3905.57,0.0,-1.3,0.0,34.8,372.29,199.4,61.6,64.5,54.6
2022-03-10 00:00:00,00:06:53,4,38.8,0.0,49.0,72.0,3905.0,3904.44,0.0,-1.3,0.0,34.8,372.3,199.4,61.7,64.6,54.8
2022-03-10 00:00:00,00:07:53,4,38.8,0.0,49.0,72.0,3905.0,3905.04,0.0,-1.3,0.0,34.8,372.29,199.4,61.7,64.6,54.8
2022-03-10 00:00:00,00:08:53,4,38.8,0.0,49.0,72.0,3905.0,3905.39,0.0,-1.3,0.0,34.8,372.29,199.4,61.6,64.7,55.0
2022-03-10 00:00:00,00:09:53,5,38.8,0.0,49.0,72.0,3905.0,3904.4,0.0,-1.3,0.0,34.8,372.29,199.4,61.7,64.6,54.7
2022-03-10 00:00:00,00:10:13,5,38.8,0.0,48.7,72.0,4260.0,4260.06,0.0,-1.3,0.0,37.8,372.69,199.4,61.8,64.7,54.9
2022-03-10 00:00:00,00:11:13,5,38.8,0.0,48.7,72.0,4260.0,4259.89,0.0,-1.2,0.0,37.8,372.71,199.4,61.9,64.6,55.1
2022-03-10 00:00:00,00:12:13,5,38.6,0.0,48.7,72.0,4260.0,4260.42,0.0,-1.3,0.0,37.8,372.71,199.4,62.0,64.7,55.3
2022-03-10 00:00:00,00:13:13,5,38.5,0.0,48.7,72.0,4260.0,4259.92,0.0,-1.3,0.0,37.8,372.7,199.4,62.0,64.9,55.6
2022-03-10 00:00:00,00:14:13,5,38.3,0.0,48.7,72.0,4260.0,4259.29,0.0,-1.3,0.0,37.8,372.69,199.4,61.9,64.9,55.8
2022-03-10 00:00:00,00:15:13,5,38.1,0.0,48.7,72.0,4260.0,4260.21,0.0,-1.3,0.0,37.7,372.69,199.4,62.0,64.9,55.8
2022-03-10 00:00:00,00:16:13,5,37.9,0.0,48.7,72.0,4260.0,4260.31,0.0,-1.3,0.0,37.7,372.69,199.4,62.1,64.7,55.9
2022-03-10 00:00:00,00:17:13,5,37.8,0.0,48.7,72.0,4260.0,4259.14,0.0,-1.3,0.0,37.7,372.68,199.4,62.0,64.8,56.1
2022-03-10 00:00:00,00:18:13,5,37.6,0.0,48.7,72.0,4260.0,4260.45,0.0,-1.3,0.0,37.7,372.66,199.4,62.0,64.8,56.2
2022-03-10 00:00:00,00:19:13,5,37.5,0.0,48.7,72.0,4260.0,4260.03,0.0,-1.3,0.0,37.7,372.66,199.4,61.9,64.8,56.1
2022-03-10 00:00:00,00:20:13,5,37.5,0.0,48.7,72.0,4260.0,4259.32,0.0,-1.3,0.0,37.7,372.66,199.4,62.0,64.7,56.2
2022-03-10 00:00:00,00:21:13,5,37.2,0.0,48.7,72.0,4260.0,4260.35,0.0,-1.3,0.0,37.7,372.66,199.4,62.1,64.7,56.1
2022-03-10 00:00:00,00:22:13,5,37.3,0.0,48.7,72.0,4260.0,4260.45,0.0,-1.3,0.0,37.7,372.65,199.4,62.0,64.6,56.1
2022-03-10 00:00:00,00:23:13,5,37.1,0.0,48.7,72.0,4260.0,4259.25,0.0,-1.3,0.0,37.7,372.65,199.4,61.9,64.7,56.1
2022-03-10 00:00:00,00:24:13,5,37.3,0.0,48.7,72.0,4260.0,4260.49,0.0,-1.3,0.0,37.7,372.65,199.4,62.1,64.7,56.3
2022-03-10 00:00:00,00:25:13,5,37.3,0.0,48.7,72.0,4260.0,4259.96,0.0,-1.3,0.0,37.7,372.64,199.4,62.2,64.8,56.4
2022-03-10 00:00:00,00:26:13,5,37.8,0.0,48.7,72.0,4260.0,4259.64,0.0,-1.3,0.0,37.6,372.64,199.4,62.5,64.8,56.4
2022-03-10 00:00:00,00:27:13,5,38.1,0.0,48.7,72.0,4260.0,4260.17,0.0,-1.3,0.0,37.6,372.62,199.4,62.4,64.9,56.5
2022-03-10 00:00:00,00:28:13,5,38.2,0.0,48.7,72.0,4260.0,4259.64,0.0,-1.3,0.0,37.6,372.62,199.4,62.6,64.8,56.4
2022-03-10 00:00:00,00:29:13,5,38.3,0.0,48.7,72.0,4260.0,4260.06,0.0,-1.3,0.0,37.6,372.62,199.4,62.6,64.9,56.2
2022-03-10 00:00:00,00:30:13,5,38.4,0.0,48.7,72.0,4260.0,4259.85,0.0,-1.3,0.0,37.6,372.62,199.4,62.8,64.9,56.1
2022-03-10 00:00:00,00:31:13,5,38.4,0.0,48.7,72.0,4260.0,4259.57,0.0,-1.3,0.0,37.6,372.62,199.4,62.8,64.9,56.1
2022-03-10 00:00:00,00:32:13,5,38.5,0.0,48.7,72.0,4260.0,4260.17,0.0,-1.3,0.0,37.6,372.61,199.4,62.9,64.9,56.0
2022-03-10 00:00:00,00:33:13,5,38.5,0.0,48.7,72.0,4260.0,4259.75,0.0,-1.3,0.0,37.6,372.61,199.4,63.0,65.0,56.1
2022-03-10 00:00:00,00:34:13,5,38.7,0.0,48.7,72.0,4260.0,4259.89,0.0,-1.3,0.0,37.6,372.6,199.4,63.1,65.0,56.2
2022-03-10 00:00:00,00:35:13,5,38.7,0.0,48.7,72.0,4260.0,4259.96,0.0,-1.3,0.0,37.6,372.6,199.4,62.9,65.2,56.1
2022-03-10 00:00:00,00:36:13,5,38.8,0.0,48.7,72.0,4260.0,4259.39,0.0,-1.3,0.0,37.5,372.6,199.4,63.0,65.2,56.2
2022-03-10 00:00:00,00:37:13,5,38.9,0.0,48.7,72.0,4260.0,4260.42,0.0,-1.3,0.0,37.6,372.59,199.4,63.1,65.3,56.3
2022-03-10 00:00:00,00:38:13,5,38.9,0.0,48.7,72.0,4260.0,4259.82,0.0,-1.3,0.0,37.5,372.59,199.4,63.2,65.3,56.1
2022-03-10 00:00:00,00:39:13,5,38.9,0.0,48.7,72.0,4260.0,4259.85,0.0,-1.3,0.0,37.5,372.59,199.4,63.1,65.3,56.4
2022-03-10 00:00:00,00:40:13,5,38.9,0.0,48.7,72.0,4260.0,4260.14,0.0,-1.3,0.0,37.5,372.58,199.4,63.3,65.4,56.3
2022-03-10 00:00:00,00:41:13,5,38.8,0.0,48.7,72.0,4260.0,4259.53,0.0,-1.3,0.0,37.5,372.58,199.4,63.2,65.3,56.2
2022-03-10 00:00:00,00:42:13,5,38.6,0.0,48.7,72.0,4260.0,4260.17,0.0,-1.3,0.0,37.5,372.58,199.4,63.1,65.3,56.2
2022-03-10 00:00:00,00:43:13,5,38.4,0.0,48.7,72.0,4260.0,4259.5,0.0,-1.3,0.0,37.5,372.57,199.4,62.9,65.3,56.4
2022-03-10 00:00:00,00:44:13,5,38.2,0.0,48.7,72.0,4260.0,4260.45,0.0,-1.3,0.0,37.5,372.58,199.4,62.9,65.3,56.4
2022-03-10 00:00:00,00:45:13,5,38.0,0.0,48.7,72.0,4260.0,4260.24,0.0,-1.3,0.0,37.5,372.57,199.4,62.9,65.3,56.4
2022-03-10 00:00:00,00:46:13,5,37.8,0.0,48.7,72.0,4260.0,4259.78,0.0,-1.3,0.0,37.5,372.57,199.4,62.8,65.2,56.5
2022-03-10 00:00:00,00:47:13,5,37.7,0.0,48.7,72.0,4260.0,4260.21,0.0,-1.3,0.0,37.5,372.56,199.4,62.9,65.1,56.5
2022-03-10 00:00:00,00:48:13,5,37.6,0.0,48.7,72.0,4260.0,4259.32,0.0,-1.3,0.0,37.5,372.56,199.4,62.5,65.2,56.5
2022-03-10 00:00:00,00:49:13,5,37.6,0.0,48.7,72.0,4260.0,4260.1,0.0,-1.3,0.0,37.5,372.56,199.4,62.7,65.0,56.4
2022-03-10 00:00:00,00:50:13,5,37.5,0.0,48.7,72.0,4260.0,4259.46,0.0,-1.3,0.0,37.5,372.56,199.4,62.6,65.1,56.6
2022-03-10 00:00:00,00:51:13,5,37.3,0.0,48.7,72.0,4260.0,4260.35,0.0,-1.3,0.0,37.5,372.56,199.4,62.6,65.1,56.5
2022-03-10 00:00:00,00:52:13,5,37.2,0.0,48.7,72.0,4260.0,4259.96,0.0,-1.3,0.0,37.5,372.56,199.4,62.5,64.9,56.5
2022-03-10 00:00:00,00:53:13,5,37.1,0.0,48.7,72.0,4260.0,4260.03,0.0,-1.3,0.0,37.5,372.56,199.4,62.6,64.9,56.4
2022-03-10 00:00:00,00:54:13,5,37.1,0.0,48.7,72.0,4260.0,4260.45,0.0,-1.3,0.0,37.5,372.55,199.4,62.6,64.9,56.6
2022-03-10 00:00:00,00:55:13,5,37.4,0.0,48.7,72.0,4260.0,4259.64,0.0,-1.3,0.0,37.5,372.56,199.4,62.7,65.1,56.8
2022-03-10 00:00:00,00:56:13,5,37.8,0.0,48.8,72.0,4260.0,4259.92,0.0,-1.3,0.0,37.5,372.56,199.4,62.8,65.2,56.7
2022-03-10 00:00:00,00:57:13,5,38.1,0.0,48.8,72.0,4260.0,4259.57,0.0,-1.3,0.0,37.5,372.56,199.4,62.9,65.2,56.8
2022-03-10 00:00:00,00:58:13,5,38.3,0.0,48.8,72.0,4260.0,4260.52,0.0,-1.3,0.0,37.5,372.55,199.4,63.0,65.1,56.6
2022-03-10 00:00:00,00:59:13,5,38.4,0.0,48.8,72.0,4260.0,4259.25,0.0,-1.3,0.0,37.5,372.55,199.4,62.9,65.2,56.5
2022-03-10 00:00:00,01:00:13,5,38.4,0.0,48.8,72.0,4260.0,4260.1,0.0,-1.3,0.0,37.5,372.55,199.4,63.0,65.3,56.4
2022-03-10 00:00:00,01:01:13,5,38.4,0.0,48.8,72.0,4260.0,4260.03,0.0,-1.3,0.0,37.5,372.55,199.4,63.1,65.2,56.4
2022-03-10 00:00:00,01:02:13,5,38.5,0.0,48.8,72.0,4260.0,4260.03,0.0,-1.3,0.0,37.5,372.55,199.4,63.1,65.3,56.3
2022-03-10 00:00:00,01:03:13,5,38.6,0.0,48.8,72.0,4260.0,4260.1,0.0,-1.3,0.0,37.5,372.54,199.4,63.3,65.4,56.4
2022-03-10 00:00:00,01:04:13,5,38.6,0.0,48.8,72.0,4260.0,4260.31,0.0,-1.3,0.0,37.5,372.54,199.4,63.3,65.4,56.4
2022-03-10 00:00:00,01:05:13,5,38.8,0.0,48.8,72.0,4260.0,4260.28,0.0,-1.3,0.0,37.5,372.53,199.4,63.4,65.3,56.2
2022-03-10 00:00:00,01:06:13,5,38.8,0.0,48.8,72.0,4260.0,4259.22,0.0,-1.3,0.0,37.5,372.53,199.4,63.3,65.5,56.5
2022-03-10 00:00:00,01:07:13,5,38.8,0.0,48.8,72.0,4260.0,4260.42,0.0,-1.3,0.0,37.5,372.53,199.4,63.5,65.6,56.5
2022-03-10 00:00:00,01:08:13,5,38.9,0.0,48.8,72.0,4260.0,4259.29,0.0,-1.3,0.0,37.5,372.52,199.4,63.4,65.5,56.4
2022-03-10 00:00:00,01:09:13,5,38.9,0.0,48.8,72.0,4260.0,4260.06,0.0,-1.3,0.0,37.5,372.52,199.4,63.5,65.5,56.5
2022-03-10 00:00:00,01:10:13,5,38.8,0.0,48.8,72.0,4260.0,4259.46,0.0,-1.3,0.0,37.5,372.52,199.4,63.4,65.6,56.3
2022-03-10 00:00:00,01:11:13,5,38.6,0.0,48.8,72.0,4260.0,4260.17,0.0,-1.3,0.0,37.5,372.52,199.4,63.3,65.6,56.5
2022-03-10 00:00:00,01:12:13,5,38.5,0.0,48.8,72.0,4260.0,4259.25,0.0,-1.3,0.0,37.5,372.52,199.4,63.3,65.4,56.4
2022-03-10 00:00:00,01:13:13,5,38.3,0.0,48.8,72.0,4260.0,4260.63,0.0,-1.3,0.0,37.5,372.52,199.4,63.2,65.5,56.5
2022-03-10 00:00:00,01:14:13,5,38.1,0.0,48.8,72.0,4260.0,4259.43,0.0,-1.3,0.0,37.5,372.52,199.4,63.1,65.4,56.6
2022-03-10 00:00:00,01:15:13,5,38.1,0.0,48.8,72.0,4260.0,4260.31,0.0,-1.3,0.0,37.5,372.52,199.4,63.1,65.4,56.6
2022-03-10 00:00:00,01:16:13,5,37.8,0.0,48.8,72.0,4260.0,4259.5,0.0,-1.3,0.0,37.5,372.52,199.4,63.0,65.4,56.6
2022-03-10 00:00:00,01:17:13,5,37.7,0.0,48.8,72.0,4260.0,4260.6,0.0,-1.3,0.0,37.5,372.5,199.4,62.9,65.3,56.8
2022-03-10 00:00:00,01:18:13,5,37.6,0.0,48.8,72.0,4260.0,4259.39,0.0,-1.3,0.0,37.5,372.51,199.4,62.9,65.4,56.7
2022-03-10 00:00:00,01:19:13,5,37.6,0.0,48.8,72.0,4260.0,4260.1,0.0,-1.3,0.0,37.5,372.52,199.4,62.9,65.5,56.7
2022-03-10 00:00:00,01:20:13,5,37.4,0.0,48.8,72.0,4260.0,4259.82,0.0,-1.3,0.0,37.5,372.52,199.4,62.9,65.3,56.8
2022-03-10 00:00:00,01:21:13,5,37.4,0.0,48.8,72.0,4260.0,4260.17,0.0,-1.3,0.0,37.5,372.51,199.4,62.8,65.3,56.6
2022-03-10 00:00:00,01:22:13,5,37.3,0.0,48.8,72.0,4260.0,4259.32,0.0,-1.3,0.0,37.5,372.5,199.4,62.7,65.2,56.6
2022-03-10 00:00:00,01:23:13,5,37.2,0.0,48.8,72.0,4260.0,4260.42,0.0,-1.3,0.0,37.5,372.51,199.4,62.7,65.3,56.6
2022-03-10 00:00:00,01:24:13,5,37.2,0.0,48.8,72.0,4260.0,4259.57,0.0,-1.3,0.0,37.5,372.51,199.4,62.7,65.3,56.7
2022-03-10 00:00:00,01:25:13,5,37.3,0.0,48.8,72.0,4260.0,4259.99,0.0,-1.3,0.0,37.5,372.5,199.4,62.8,65.3,56.9
2022-03-10 00:00:00,01:26:13,5,37.7,0.0,48.8,72.0,4260.0,4260.03,0.0,-1.3,0.0,37.5,372.51,199.4,62.9,65.3,56.8
2022-03-10 00:00:00,01:27:13,5,38.1,0.0,48.8,72.0,4260.0,4260.28,0.0,-1.3,0.0,37.4,372.49,199.4,63.0,65.4,57.0
2022-03-10 00:00:00,01:28:13,5,38.3,0.0,48.8,72.0,4260.0,4259.75,0.0,-1.3,0.0,37.5,372.5,199.4,63.2,65.2,56.7
2022-03-10 00:00:00,01:29:13,5,38.4,0.0,48.8,72.0,4260.0,4260.24,0.0,-1.3,0.0,37.5,372.49,199.4,63.1,65.3,56.7
2022-03-10 00:00:00,01:30:13,5,38.4,0.0,48.8,72.0,4260.0,4259.92,0.0,-1.3,0.0,37.4,372.51,199.4,63.2,65.5,56.7
2022-03-10 00:00:00,01:31:13,5,38.4,0.0,48.8,72.0,4260.0,4260.24,0.0,-1.3,0.0,37.4,372.5,199.4,63.3,65.5,56.6
2022-03-10 00:00:00,01:32:13,5,38.5,0.0,48.8,72.0,4260.0,4259.78,0.0,-1.3,0.0,37.5,372.49,199.4,63.3,65.5,56.5
2022-03-10 00:00:00,01:33:13,5,38.6,0.0,48.8,72.0,4260.0,4260.42,0.0,-1.3,0.0,37.4,372.5,199.4,63.4,65.5,56.5
2022-03-10 00:00:00,01:34:13,5,38.7,0.0,48.8,72.0,4260.0,4259.71,0.0,-1.3,0.0,37.5,372.5,199.4,63.5,65.4,56.5
2022-03-10 00:00:00,01:35:13,5,38.8,0.0,48.8,72.0,4260.0,4260.1,0.0,-1.3,0.0,37.4,372.49,199.4,63.4,65.5,56.5
2022-03-10 00:00:00,01:36:13,5,38.8,0.0,48.8,72.0,4260.0,4259.99,0.0,-1.3,0.0,37.4,372.49,199.4,63.5,65.7,56.5
2022-03-10 00:00:00,01:37:13,5,38.9,0.0,48.8,72.0,4260.0,4260.14,0.0,-1.3,0.0,37.5,372.49,199.4,63.5,65.6,56.3
2022-03-10 00:00:00,01:38:13,5,38.9,0.0,48.8,72.0,4260.0,4259.43,0.0,-1.3,0.0,37.4,372.47,199.4,63.5,65.7,56.5
2022-03-10 00:00:00,01:39:13,5,38.8,0.0,48.8,72.0,4260.0,4260.31,0.0,-1.3,0.0,37.4,372.5,199.4,63.7,65.6,56.5
2022-03-10 00:00:00,01:40:13,5,38.8,0.0,48.8,72.0,4260.0,4259.71,0.0,-1.3,0.0,37.4,372.49,199.4,63.6,65.7,56.5
2022-03-10 00:00:00,01:41:13,5,38.7,0.0,48.8,72.0,4260.0,4260.03,0.0,-1.3,0.0,37.4,372.48,199.4,63.4,65.7,56.5
2022-03-10 00:00:00,01:42:13,5,38.6,0.0,48.8,72.0,4260.0,4259.25,0.0,-1.3,0.0,37.4,372.47,199.4,63.4,65.7,56.6
2022-03-10 00:00:00,01:43:13,5,38.3,0.0,48.8,72.0,4260.0,4260.35,0.0,-1.3,0.0,37.4,372.47,199.4,63.3,65.6,56.6
2022-03-10 00:00:00,01:44:13,5,38.2,0.0,48.8,72.0,4260.0,4259.22,0.0,-1.3,0.0,37.4,372.48,199.4,63.2,65.6,56.7
2022-03-10 00:00:00,01:45:13,5,38.0,0.0,48.8,72.0,4260.0,4259.96,0.0,-1.3,0.0,37.5,372.48,199.4,63.1,65.5,56.7
2022-03-10 00:00:00,01:46:13,5,37.8,0.0,48.8,72.0,4260.0,4259.36,0.0,-1.3,0.0,37.4,372.47,199.4,63.1,65.6,56.7
2022-03-10 00:00:00,01:47:13,5,37.8,0.0,48.8,72.0,4260.0,4260.06,0.0,-1.3,0.0,37.4,372.48,199.4,63.1,65.6,56.8
2022-03-10 00:00:00,01:48:13,5,37.6,0.0,48.8,72.0,4260.0,4258.97,0.0,-1.3,0.0,37.4,372.48,199.4,63.1,65.4,56.7
2022-03-10 00:00:00,01:49:13,5,37.4,0.0,48.8,72.0,4260.0,4259.89,0.0,-1.3,0.0,37.5,372.48,199.4,63.0,65.4,56.7
2022-03-10 00:00:00,01:50:13,5,37.5,0.0,48.8,72.0,4260.0,4259.46,0.0,-1.3,0.0,37.5,372.47,199.4,63.0,65.3,56.7
2022-03-10 00:00:00,01:51:13,5,37.4,0.0,48.8,72.0,4260.0,4259.71,0.0,-1.3,0.0,37.5,372.48,199.4,62.8,65.4,56.8
2022-03-10 00:00:00,01:52:13,5,37.2,0.0,48.8,72.0,4260.0,4259.5,0.0,-1.3,0.0,37.5,372.49,199.4,62.9,65.3,56.8
2022-03-10 00:00:00,01:53:13,5,37.2,0.0,48.8,72.0,4260.0,4260.35,0.0,-1.3,0.0,37.5,372.48,199.4,62.7,65.4,56.7
2022-03-10 00:00:00,01:54:13,5,37.3,0.0,48.8,72.0,4260.0,4259.68,0.0,-1.3,0.0,37.5,372.47,199.4,62.8,65.3,56.8
2022-03-10 00:00:00,01:55:13,5,37.1,0.0,48.8,72.0,4260.0,4259.92,0.0,-1.3,0.0,37.4,372.48,199.4,62.9,65.2,56.8
2022-03-10 00:00:00,01:56:13,5,37.4,0.0,48.8,72.0,4260.0,4260.49,0.0,-1.3,0.0,37.4,372.48,199.4,62.9,65.5,56.9
2022-03-10 00:00:00,01:57:13,5,37.9,0.0,48.8,72.0,4260.0,4259.6,0.0,-1.3,0.0,37.4,372.47,199.4,63.0,65.5,56.9
2022-03-10 00:00:00,01:58:13,5,38.2,0.0,48.8,72.0,4260.0,4259.78,0.0,-1.3,0.0,37.4,372.47,199.4,63.2,65.5,56.8
2022-03-10 00:00:00,01:59:13,5,38.3,0.0,48.8,72.0,4260.0,4259.78,0.0,-1.3,0.0,37.4,372.48,199.4,63.2,65.3,56.6
2022-03-10 00:00:00,02:00:13,5,38.3,0.0,48.8,72.0,4260.0,4260.17,0.0,-1.3,0.0,37.4,372.47,199.4,63.3,65.5,56.6
2022-03-10 00:00:00,02:01:13,5,38.4,0.0,48.8,72.0,4260.0,4259.18,0.0,-1.3,0.0,37.4,372.46,199.4,63.3,65.4,56.5
2022-03-10 00:00:00,02:02:13,5,38.4,0.0,48.8,72.0,4260.0,4260.38,0.0,-1.3,0.0,37.4,372.47,199.4,63.4,65.5,56.4
2022-03-10 00:00:00,02:03:13,5,38.5,0.0,48.8,72.0,4260.0,4259.5,0.0,-1.3,0.0,37.4,372.47,199.4,63.4,65.4,56.4
2022-03-10 00:00:00,02:04:13,5,38.6,0.0,48.8,72.0,4260.0,4259.68,0.0,-1.3,0.0,37.4,372.47,199.4,63.5,65.6,56.4
2022-03-10 00:00:00,02:05:13,5,38.8,0.0,48.8,72.0,4260.0,4259.39,0.0,-1.3,0.0,37.4,372.47,199.4,63.4,65.6,56.6
2022-03-10 00:00:00,02:06:13,5,38.8,0.0,48.8,72.0,4260.0,4260.14,0.0,-1.3,0.0,37.4,372.47,199.4,63.6,65.6,56.5
2022-03-10 00:00:00,02:07:13,5,38.8,0.0,48.8,72.0,4260.0,4259.11,0.0,-1.3,0.0,37.4,372.46,199.4,63.5,65.7,56.7
2022-03-10 00:00:00,02:08:13,5,38.9,0.0,48.8,72.0,4260.0,4260.17,0.0,-1.3,0.0,37.4,372.46,199.4,63.6,65.8,56.6
2022-03-10 00:00:00,02:09:13,5,38.9,0.0,48.8,72.0,4260.0,4260.24,0.0,-1.3,0.0,37.4,372.46,199.4,63.7,65.8,56.6
2022-03-10 00:00:00,02:10:13,5,38.9,0.0,48.8,72.0,4260.0,4259.78,0.0,-1.3,0.0,37.4,372.45,199.4,63.7,65.7,56.6
2022-03-10 00:00:00,02:11:13,5,38.7,0.0,48.8,72.0,4260.0,4260.06,0.0,-1.3,0.0,37.4,372.45,199.4,63.6,65.7,56.6
2022-03-10 00:00:00,02:12:13,5,38.6,0.0,48.8,72.0,4260.0,4259.82,0.0,-1.3,0.0,37.4,372.45,199.4,63.5,65.6,56.5
2022-03-10 00:00:00,02:13:13,5,38.4,0.0,48.8,72.0,4260.0,4260.17,0.0,-1.3,0.0,37.5,372.44,199.4,63.4,65.7,56.7
2022-03-10 00:00:00,02:14:13,5,38.3,0.0,48.8,72.0,4260.0,4259.43,0.0,-1.3,0.0,37.4,372.45,199.4,63.2,65.6,56.7
2022-03-10 00:00:00,02:15:13,5,38.0,0.0,48.8,72.0,4260.0,4260.21,0.0,-1.3,0.0,37.4,372.45,199.4,63.3,65.6,56.8
2022-03-10 00:00:00,02:16:13,5,37.8,0.0,48.8,72.0,4260.0,4259.29,0.0,-1.3,0.0,37.4,372.45,199.4,63.2,65.7,56.9
2022-03-10 00:00:00,02:17:13,5,37.8,0.0,48.8,72.0,4260.0,4259.71,0.0,-1.3,0.0,37.4,372.44,199.4,63.0,65.6,56.8
2022-03-10 00:00:00,02:18:13,5,37.6,0.0,48.8,72.0,4260.0,4260.21,0.0,-1.3,0.0,37.4,372.44,199.4,63.0,65.6,56.9
2022-03-10 00:00:00,02:19:13,5,37.7,0.0,48.8,72.0,4260.0,4260.31,0.0,-1.3,0.0,37.4,372.45,199.4,63.1,65.5,56.8
2022-03-10 00:00:00,02:20:13,5,37.4,0.0,48.8,72.0,4260.0,4260.06,0.0,-1.3,0.0,37.4,372.45,199.4,63.0,65.6,56.8
2022-03-10 00:00:00,02:21:13,5,37.3,0.0,48.8,72.0,4260.0,4259.64,0.0,-1.3,0.0,37.4,372.45,199.4,62.9,65.4,56.8
2022-03-10 00:00:00,02:22:13,5,37.3,0.0,48.8,72.0,4260.0,4260.06,0.0,-1.3,0.0,37.4,372.45,199.4,63.0,65.3,56.7
2022-03-10 00:00:00,02:23:13,5,37.2,0.0,48.8,72.0,4260.0,4259.29,0.0,-1.3,0.0,37.4,372.44,199.4,62.9,65.3,56.6
2022-03-10 00:00:00,02:24:13,5,37.1,0.0,48.8,72.0,4260.0,4260.1,0.0,-1.3,0.0,37.4,372.45,199.4,62.8,65.4,56.9
2022-03-10 00:00:00,02:25:13,5,37.2,0.0,48.8,72.0,4260.0,4259.29,0.0,-1.3,0.0,37.4,372.44,199.4,63.0,65.4,56.8
2022-03-10 00:00:00,02:26:13,5,37.6,0.0,48.8,72.0,4260.0,4259.85,0.0,-1.3,0.0,37.4,372.43,199.4,63.1,65.4,56.9
2022-03-10 00:00:00,02:27:13,5,38.0,0.0,48.8,72.0,4260.0,4260.03,0.0,-1.3,0.0,37.4,372.44,199.4,63.2,65.5,56.9
2022-03-10 00:00:00,02:28:13,5,38.2,0.0,48.8,72.0,4260.0,4260.21,0.0,-1.3,0.0,37.4,372.45,199.4,63.3,65.5,56.9
2022-03-10 00:00:00,02:29:13,5,38.3,0.0,48.8,72.0,4260.0,4260.52,0.0,-1.3,0.0,37.4,372.44,199.4,63.3,65.5,56.7
2022-03-10 00:00:00,02:30:13,5,38.4,0.0,48.8,72.0,4260.0,4259.39,0.0,-1.3,0.0,37.4,372.44,199.4,63.4,65.4,56.7
2022-03-10 00:00:00,02:31:13,5,38.5,0.0,48.8,72.0,4260.0,4260.35,0.0,-1.3,0.0,37.4,372.43,199.4,63.4,65.5,56.6
2022-03-10 00:00:00,02:32:13,5,38.5,0.0,48.8,72.0,4260.0,4259.29,0.0,-1.3,0.0,37.4,372.43,199.4,63.5,65.6,56.5
2022-03-10 00:00:00,02:33:13,5,38.5,0.0,48.8,72.0,4260.0,4260.14,0.0,-1.3,0.0,37.4,372.43,199.4,63.5,65.6,56.6
2022-03-10 00:00:00,02:34:13,5,38.6,0.0,48.8,72.0,4260.0,4259.53,0.0,-1.3,0.0,37.4,372.44,199.4,63.6,65.5,56.5
2022-03-10 00:00:00,02:35:13,5,38.8,0.0,48.8,72.0,4260.0,4260.24,0.0,-1.3,0.0,37.4,372.43,199.4,63.6,65.6,56.5
2022-03-10 00:00:00,02:36:13,5,38.8,0.0,48.8,72.0,4260.0,4260.06,0.0,-1.3,0.0,37.4,372.44,199.4,63.7,65.7,56.5
2022-03-10 00:00:00,02:37:13,5,38.9,0.0,48.8,72.0,4260.0,4259.64,0.0,-1.3,0.0,37.4,372.42,199.4,63.6,65.8,56.6
2022-03-10 00:00:00,02:38:13,5,38.9,0.0,48.8,72.0,4260.0,4260.17,0.0,-1.3,0.0,37.4,372.43,199.4,63.8,65.8,56.5
2022-03-10 00:00:00,02:39:13,5,38.8,0.0,48.8,72.0,4260.0,4259.46,0.0,-1.3,0.0,37.4,372.43,199.4,63.8,65.7,56.5
2022-03-10 00:00:00,02:40:13,5,38.8,0.0,48.8,72.0,4260.0,4260.21,0.0,-1.3,0.0,37.4,372.42,199.4,63.6,65.8,56.6
2022-03-10 00:00:00,02:41:13,5,38.6,0.0,48.8,72.0,4260.0,4259.5,0.0,-1.3,0.0,37.4,372.43,199.4,63.6,65.8,56.4
2022-03-10 00:00:00,02:42:13,5,38.5,0.0,48.8,72.0,4260.0,4260.24,0.0,-1.3,0.0,37.4,372.42,199.4,63.5,65.8,56.5
2022-03-10 00:00:00,02:43:13,5,38.4,0.0,48.8,72.0,4260.0,4259.75,0.0,-1.3,0.0,37.4,372.42,199.4,63.4,65.6,56.7
2022-03-10 00:00:00,02:44:13,5,38.1,0.0,48.8,72.0,4260.0,4259.71,0.0,-1.3,0.0,37.4,372.43,199.4,63.5,65.6,56.7
2022-03-10 00:00:00,02:45:13,5,38.0,0.0,48.8,72.0,4260.0,4260.24,0.0,-1.3,0.0,37.4,372.42,199.4,63.3,65.7,56.7
2022-03-10 00:00:00,02:46:13,5,37.9,0.0,48.8,72.0,4260.0,4259.11,0.0,-1.3,0.0,37.4,372.43,199.4,63.2,65.7,56.7
2022-03-10 00:00:00,02:47:13,5,37.8,0.0,48.8,72.0,4260.0,4259.85,0.0,-1.3,0.0,37.4,372.42,199.4,63.2,65.6,56.9
2022-03-10 00:00:00,02:48:13,5,37.6,0.0,48.8,72.0,4260.0,4259.6,0.0,-1.3,0.0,37.4,372.43,199.4,63.2,65.5,56.7
2022-03-10 00:00:00,02:49:13,5,37.4,0.0,48.8,72.0,4260.0,4260.06,0.0,-1.3,0.0,37.4,372.42,199.4,63.2,65.6,56.8
2022-03-10 00:00:00,02:50:13,5,37.4,0.0,48.8,72.0,4260.0,4260.1,0.0,-1.3,0.0,37.4,372.42,199.4,63.1,65.5,56.9
2022-03-10 00:00:00,02:51:13,5,37.5,0.0,48.8,72.0,4260.0,4259.82,0.0,-1.3,0.0,37.4,372.42,199.4,63.0,65.4,56.9
2022-03-10 00:00:00,02:52:13,5,37.2,0.0,48.8,72.0,4260.0,4260.1,0.0,-1.3,0.0,37.4,372.41,199.4,63.0,65.3,56.8
2022-03-10 00:00:00,02:53:13,5,37.1,0.0,48.8,72.0,4260.0,4259.0,0.0,-1.3,0.0,37.4,372.41,199.4,63.0,65.3,56.8
2022-03-10 00:00:00,02:54:13,5,37.1,0.0,48.8,72.0,4260.0,4260.03,0.0,-1.3,0.0,37.4,372.42,199.4,62.9,65.4,56.8
2022-03-10 00:00:00,02:55:13,5,37.1,0.0,48.8,72.0,4260.0,4259.96,0.0,-1.3,0.0,37.4,372.42,199.4,62.8,65.4,57.0
2022-03-10 00:00:00,02:56:13,5,37.4,0.0,48.8,72.0,4260.0,4259.78,0.0,-1.3,0.0,37.4,372.42,199.4,63.0,65.5,56.9
2022-03-10 00:00:00,02:57:13,5,37.9,0.0,48.8,72.0,4260.0,4260.28,0.0,-1.3,0.0,37.4,372.42,199.4,63.2,65.5,56.9
2022-03-10 00:00:00,02:58:13,5,38.2,0.0,48.8,72.0,4260.0,4259.39,0.0,-1.3,0.0,37.4,372.42,199.4,63.2,65.6,57.0
2022-03-10 00:00:00,02:59:13,5,38.3,0.0,48.8,72.0,4260.0,4259.92,0.0,-1.3,0.0,37.4,372.42,199.4,63.2,65.5,56.9
2022-03-10 00:00:00,03:00:13,5,38.3,0.0,48.8,72.0,4260.0,4259.25,0.0,-1.3,0.0,37.4,372.42,199.4,63.4,65.5,56.7
2022-03-10 00:00:00,03:01:13,5,38.4,0.0,48.8,72.0,4260.0,4260.31,0.0,-1.3,0.0,37.4,372.42,199.4,63.4,65.6,56.6
2022-03-10 00:00:00,03:02:13,5,38.4,0.0,48.8,72.0,4260.0,4260.21,0.0,-1.3,0.0,37.4,372.41,199.4,63.5,65.5,56.6
2022-03-10 00:00:00,03:03:13,5,38.5,0.0,48.8,72.0,4260.0,4259.46,0.0,-1.3,0.0,37.4,372.42,199.4,63.4,65.7,56.6
2022-03-10 00:00:00,03:04:13,5,38.6,0.0,48.8,72.0,4260.0,4260.17,0.0,-1.3,0.0,37.4,372.4,199.4,63.5,65.8,56.6
2022-03-10 00:00:00,03:05:13,5,38.7,0.0,48.8,72.0,4260.0,4259.32,0.0,-1.3,0.0,37.4,372.41,199.4,63.6,65.8,56.6
2022-03-10 00:00:00,03:06:13,5,38.7,0.0,48.8,72.0,4260.0,4259.85,0.0,-1.3,0.0,37.4,372.41,199.4,63.6,65.7,56.6
2022-03-10 00:00:00,03:07:13,5,38.8,0.0,48.8,72.0,4260.0,4260.24,0.0,-1.3,0.0,37.4,372.42,199.4,63.7,65.8,56.6
2022-03-10 00:00:00,03:08:13,5,38.9,0.0,48.8,72.0,4260.0,4259.82,0.0,-1.3,0.0,37.4,372.41,199.4,63.6,65.9,56.7
2022-03-10 00:00:00,03:09:13,5,38.9,0.0,48.8,72.0,4260.0,4260.1,0.0,-1.3,0.0,37.4,372.4,199.4,63.9,65.7,56.5
2022-03-10 00:00:00,03:10:13,5,38.8,0.0,48.8,72.0,4260.0,4259.57,0.0,-1.3,0.0,37.4,372.4,199.4,63.8,65.7,56.6
2022-03-10 00:00:00,03:11:13,5,38.7,0.0,48.8,72.0,4260.0,4260.1,0.0,-1.3,0.0,37.4,372.41,199.4,63.6,65.8,56.5
2022-03-10 00:00:00,03:12:13,5,38.5,0.0,48.8,72.0,4260.0,4259.82,0.0,-1.3,0.0,37.4,372.42,199.4,63.5,65.7,56.5
2022-03-10 00:00:00,03:13:13,5,38.4,0.0,48.8,72.0,4260.0,4259.92,0.0,-1.3,0.0,37.4,372.4,199.4,63.4,65.8,56.6
2022-03-10 00:00:00,03:14:13,5,38.1,0.0,48.8,72.0,4260.0,4260.45,0.0,-1.3,0.0,37.4,372.4,199.4,63.3,65.9,56.7
2022-03-10 00:00:00,03:15:13,5,38.0,0.0,48.8,72.0,4260.0,4259.43,0.0,-1.3,0.0,37.4,372.39,199.4,63.3,65.8,56.9
2022-03-10 00:00:00,03:16:13,5,37.9,0.0,48.8,72.0,4260.0,4259.92,0.0,-1.3,0.0,37.4,372.39,199.4,63.3,65.7,56.7
2022-03-10 00:00:00,03:17:13,5,37.7,0.0,48.8,72.0,4260.0,4260.24,0.0,-1.2,0.0,37.4,372.4,199.4,63.2,65.7,57.0
2022-03-10 00:00:00,03:18:13,5,37.5,0.0,48.8,72.0,4260.0,4259.78,0.0,-1.2,0.0,37.4,372.4,199.4,63.2,65.6,56.8
2022-03-10 00:00:00,03:19:13,5,37.5,0.0,48.8,72.0,4260.0,4260.49,0.0,-1.3,0.0,37.4,372.4,199.4,63.1,65.5,56.8
2022-03-10 00:00:00,03:20:13,5,37.4,0.0,48.8,72.0,4260.0,4259.57,0.0,-1.3,0.0,37.4,372.4,199.4,63.0,65.5,56.8
2022-03-10 00:00:00,03:21:13,5,37.4,0.0,48.8,72.0,4260.0,4259.96,0.0,-1.2,0.0,37.4,372.4,199.4,63.1,65.4,56.9
2022-03-10 00:00:00,03:22:13,5,37.2,0.0,48.8,72.0,4260.0,4259.99,0.0,-1.3,0.0,37.4,372.39,199.4,63.0,65.4,57.0
2022-03-10 00:00:00,03:23:13,5,37.1,0.0,48.8,72.0,4260.0,4259.85,0.0,-1.3,0.0,37.4,372.4,199.4,62.9,65.3,56.8
2022-03-10 00:00:00,03:24:13,5,36.9,0.0,48.8,72.0,4260.0,4260.28,0.0,-1.3,0.0,37.4,372.4,199.4,62.8,65.5,56.8
2022-03-10 00:00:00,03:25:13,5,37.3,0.0,48.8,72.0,4260.0,4259.36,0.0,-1.3,0.0,37.4,372.4,199.4,63.0,65.4,57.0
2022-03-10 00:00:00,03:26:13,5,37.3,0.0,48.8,72.0,4260.0,4260.06,0.0,-1.3,0.0,37.4,372.4,199.4,63.1,65.4,57.0
2022-03-10 00:00:00,03:27:13,5,37.9,0.0,48.8,72.0,4260.0,4260.14,0.0,-1.3,0.0,37.4,372.39,199.4,63.2,65.5,56.9
2022-03-10 00:00:00,03:28:13,5,38.1,0.0,48.8,72.0,4260.0,4259.71,0.0,-1.3,0.0,37.4,372.39,199.4,63.2,65.5,56.9
2022-03-10 00:00:00,03:29:13,5,38.3,0.0,48.8,72.0,4260.0,4259.96,0.0,-1.3,0.0,37.4,372.4,199.4,63.3,65.6,56.7
2022-03-10 00:00:00,03:30:13,5,38.3,0.0,48.8,72.0,4260.0,4259.39,0.0,-1.3,0.0,37.4,372.4,199.4,63.3,65.6,56.8
2022-03-10 00:00:00,03:31:13,5,38.4,0.0,48.8,72.0,4260.0,4260.17,0.0,-1.3,0.0,37.4,372.4,199.4,63.4,65.6,56.6
2022-03-10 00:00:00,03:32:13,5,38.4,0.0,48.8,72.0,4260.0,4259.99,0.0,-1.2,0.0,37.4,372.39,199.4,63.5,65.6,56.6
2022-03-10 00:00:00,03:33:13,5,38.5,0.0,48.8,72.0,4260.0,4259.75,0.0,-1.3,0.0,37.4,372.39,199.4,63.4,65.6,56.4
2022-03-10 00:00:00,03:34:13,5,38.6,0.0,48.8,72.0,4260.0,4260.24,0.0,-1.3,0.0,37.4,372.39,199.4,63.6,65.7,56.6
2022-03-10 00:00:00,03:35:13,5,38.6,0.0,48.8,72.0,4260.0,4259.39,0.0,-1.3,0.0,37.4,372.39,199.4,63.7,65.6,56.6
2022-03-10 00:00:00,03:36:13,5,38.8,0.0,48.8,72.0,4260.0,4260.35,0.0,-1.3,0.0,37.4,372.4,199.4,63.7,65.7,56.6
2022-03-10 00:00:00,03:37:13,5,38.8,0.0,48.8,72.0,4260.0,4259.99,0.0,-1.3,0.0,37.4,372.39,199.4,63.7,65.7,56.5
2022-03-10 00:00:00,03:38:13,5,38.9,0.0,48.8,72.0,4260.0,4259.36,0.0,-1.3,0.0,37.4,372.38,199.4,63.8,65.7,56.5
2022-03-10 00:00:00,03:39:13,5,38.8,0.0,48.8,72.0,4260.0,4260.38,0.0,-1.3,0.0,37.3,372.39,199.4,63.7,65.8,56.7
2022-03-10 00:00:00,03:40:13,5,38.8,0.0,48.8,72.0,4260.0,4259.32,0.0,-1.3,0.0,37.4,372.38,199.4,63.8,65.8,56.6
2022-03-10 00:00:00,03:41:13,5,38.7,0.0,48.8,72.0,4260.0,4260.17,0.0,-1.3,0.0,37.4,372.39,199.4,63.6,65.8,56.6
2022-03-10 00:00:00,03:42:13,5,38.5,0.0,48.8,72.0,4260.0,4260.6,0.0,-1.3,0.0,37.4,372.39,199.4,63.5,65.9,56.6
2022-03-10 00:00:00,03:43:13,5,38.3,0.0,48.8,72.0,4260.0,4259.46,0.0,-1.3,0.0,37.4,372.38,199.4,63.4,65.8,56.6
2022-03-10 00:00:00,03:44:13,5,38.2,0.0,48.8,72.0,4260.0,4259.89,0.0,-1.3,0.0,37.4,372.38,199.4,63.4,65.8,56.7
2022-03-10 00:00:00,03:45:13,5,38.1,0.0,48.8,72.0,4260.0,4260.1,0.0,-1.3,0.0,37.4,372.39,199.4,63.4,65.7,56.7
2022-03-10 00:00:00,03:46:13,5,37.8,0.0,48.8,72.0,4260.0,4259.71,0.0,-1.3,0.0,37.4,372.37,199.4,63.2,65.7,56.8
2022-03-10 00:00:00,03:47:13,5,37.6,0.0,48.8,72.0,4260.0,4260.1,0.0,-1.3,0.0,37.4,372.39,199.4,63.2,65.7,56.8
2022-03-10 00:00:00,03:48:13,5,37.7,0.0,48.8,72.0,4260.0,4259.36,0.0,-1.3,0.0,37.4,372.39,199.4,63.1,65.7,57.0
2022-03-10 00:00:00,03:49:13,5,37.4,0.0,48.8,72.0,4260.0,4260.28,0.0,-1.3,0.0,37.4,372.38,199.4,63.2,65.6,56.9
2022-03-10 00:00:00,03:50:13,5,37.3,0.0,48.8,72.0,4260.0,4260.17,0.0,-1.3,0.0,37.4,372.39,199.4,63.1,65.6,56.8
2022-03-10 00:00:00,03:51:13,5,37.3,0.0,48.8,72.0,4260.0,4259.11,0.0,-1.3,0.0,37.4,372.38,199.4,63.0,65.5,56.8
2022-03-10 00:00:00,03:52:13,5,37.2,0.0,48.8,72.0,4260.0,4259.89,0.0,-1.3,0.0,37.4,372.37,199.4,63.0,65.5,56.8
2022-03-10 00:00:00,03:53:13,5,37.1,0.0,48.8,72.0,4260.0,4260.03,0.0,-1.3,0.0,37.4,372.38,199.4,62.9,65.5,56.8
2022-03-10 00:00:00,03:54:13,5,37.3,0.0,48.8,72.0,4260.0,4259.29,0.0,-1.3,0.0,37.4,372.36,199.4,63.1,65.4,56.8
2022-03-10 00:00:00,03:55:13,5,37.2,0.0,48.8,72.0,4260.0,4260.06,0.0,-1.3,0.0,37.4,372.37,199.4,63.0,65.5,56.8
2022-03-10 00:00:00,03:56:13,5,37.5,0.0,48.8,72.0,4260.0,4259.29,0.0,-1.3,0.0,37.4,372.38,199.4,63.1,65.6,57.0
2022-03-10 00:00:00,03:57:13,5,37.8,0.0,48.8,72.0,4260.0,4259.99,0.0,-1.3,0.0,37.4,372.39,199.4,63.2,65.6,56.9
2022-03-10 00:00:00,03:58:13,5,38.1,0.0,48.8,72.0,4260.0,4260.24,0.0,-1.2,0.0,37.4,372.37,199.4,63.3,65.5,57.0
2022-03-10 00:00:00,03:59:13,5,38.2,0.0,48.8,72.0,4260.0,4259.6,0.0,-1.3,0.0,37.4,372.37,199.4,63.4,65.5,56.7
2022-03-10 00:00:00,04:00:13,5,38.3,0.0,48.8,72.0,4260.0,4259.5,0.0,-1.2,0.0,37.4,372.37,199.4,63.3,65.5,56.7
2022-03-10 00:00:00,04:01:13,5,38.4,0.0,48.8,72.0,4260.0,4259.46,0.0,-1.3,0.0,37.4,372.38,199.4,63.3,65.8,56.7
2022-03-10 00:00:00,04:02:13,5,38.4,0.0,48.8,72.0,4260.0,4259.78,0.0,-1.3,0.0,37.4,372.37,199.4,63.4,65.8,56.7
2022-03-10 00:00:00,04:03:13,5,38.5,0.0,48.8,72.0,4260.0,4260.31,0.0,-1.3,0.0,37.4,372.37,199.4,63.6,65.6,56.5
2022-03-10 00:00:00,04:04:13,5,38.6,0.0,48.8,72.0,4260.0,4259.0,0.0,-1.3,0.0,37.4,372.37,199.4,63.6,65.8,56.5
2022-03-10 00:00:00,04:05:13,5,38.6,0.0,48.8,72.0,4260.0,4260.24,0.0,-1.3,0.0,37.4,372.35,199.4,63.6,65.8,56.6
2022-03-10 00:00:00,04:06:13,5,38.8,0.0,48.8,72.0,4260.0,4260.21,0.0,-1.3,0.0,37.4,372.36,199.4,63.8,65.7,56.5
2022-03-10 00:00:00,04:07:13,5,38.8,0.0,48.8,72.0,4260.0,4259.07,0.0,-1.2,0.0,37.4,372.37,199.4,63.7,65.9,56.7
2022-03-10 00:00:00,04:08:13,5,38.9,0.0,48.8,72.0,4260.0,4260.06,0.0,-1.2,0.0,37.3,372.36,199.4,63.8,65.7,56.6
2022-03-10 00:00:00,04:09:13,5,38.8,0.0,48.8,72.0,4260.0,4260.45,0.0,-1.3,0.0,37.3,372.36,199.4,63.8,65.9,56.6
2022-03-10 00:00:00,04:10:13,5,38.8,0.0,48.8,72.0,4260.0,4259.22,0.0,-1.3,0.0,37.3,372.36,199.4,63.8,65.9,56.7
2022-03-10 00:00:00,04:11:13,5,38.6,0.0,48.8,72.0,4260.0,4260.17,0.0,-1.3,0.0,37.3,372.35,199.4,63.7,65.9,56.7
2022-03-10 00:00:00,04:12:13,5,38.5,0.0,48.8,72.0,4260.0,4259.78,0.0,-1.3,0.0,37.4,372.36,199.4,63.7,65.8,56.6
2022-03-10 00:00:00,04:13:13,5,38.4,0.0,48.8,72.0,4260.0,4259.68,0.0,-1.3,0.0,37.4,372.35,199.4,63.5,66.0,56.7
2022-03-10 00:00:00,04:14:13,5,38.1,0.0,48.8,72.0,4260.0,4260.28,0.0,-1.3,0.0,37.4,372.36,199.4,63.4,65.8,56.7
2022-03-10 00:00:00,04:15:13,5,37.9,0.0,48.8,72.0,4260.0,4259.29,0.0,-1.3,0.0,37.4,372.36,199.4,63.4,65.8,56.8
2022-03-10 00:00:00,04:16:13,5,37.9,0.0,48.8,72.0,4260.0,4259.99,0.0,-1.3,0.0,37.3,372.36,199.4,63.3,65.8,56.8
2022-03-10 00:00:00,04:17:13,5,37.7,0.0,48.8,72.0,4260.0,4260.1,0.0,-1.2,0.0,37.4,372.35,199.4,63.2,65.8,56.8
2022-03-10 00:00:00,04:18:13,5,37.6,0.0,48.8,72.0,4260.0,4259.29,0.0,-1.3,0.0,37.4,372.35,199.4,63.2,65.7,56.8
2022-03-10 00:00:00,04:19:13,5,37.4,0.0,48.8,72.0,4260.0,4260.14,0.0,-1.3,0.0,37.4,372.35,199.4,63.2,65.6,56.9
2022-03-10 00:00:00,04:20:13,5,37.3,0.0,48.8,72.0,4260.0,4260.17,0.0,-1.3,0.0,37.4,372.35,199.4,63.1,65.6,56.9
2022-03-10 00:00:00,04:21:13,5,37.3,0.0,48.8,72.0,4260.0,4259.32,0.0,-1.3,0.0,37.4,372.36,199.4,62.9,65.6,56.9
2022-03-10 00:00:00,04:22:13,5,37.3,0.0,48.8,72.0,4260.0,4260.1,0.0,-1.3,0.0,37.4,372.36,199.4,63.0,65.5,56.8
2022-03-10 00:00:00,04:23:13,5,37.2,0.0,48.8,72.0,4260.0,4260.24,0.0,-1.3,0.0,37.4,372.35,199.4,62.9,65.5,56.9
2022-03-10 00:00:00,04:24:13,5,37.0,0.0,48.8,72.0,4260.0,4259.64,0.0,-1.3,0.0,37.4,372.36,199.4,62.9,65.5,56.9
2022-03-10 00:00:00,04:25:13,5,37.1,0.0,48.8,72.0,4260.0,4260.21,0.0,-1.3,0.0,37.4,372.35,199.4,63.0,65.4,57.0
2022-03-10 00:00:00,04:26:13,5,37.1,0.0,48.8,72.0,4260.0,4259.46,0.0,-1.3,0.0,37.4,372.35,199.4,63.1,65.6,57.1
2022-03-10 00:00:00,04:27:13,5,37.6,0.0,48.8,72.0,4260.0,4259.99,0.0,-1.2,0.0,37.4,372.35,199.4,63.2,65.5,56.9
2022-03-10 00:00:00,04:28:13,5,38.0,0.0,48.8,72.0,4260.0,4260.21,0.0,-1.3,0.0,37.3,372.35,199.4,63.3,65.5,57.0
2022-03-10 00:00:00,04:29:13,5,38.2,0.0,48.8,72.0,4260.0,4259.36,0.0,-1.2,0.0,37.4,372.35,199.4,63.4,65.6,56.9
2022-03-10 00:00:00,04:30:13,5,38.2,0.0,48.8,72.0,4260.0,4260.06,0.0,-1.3,0.0,37.3,372.35,199.4,63.3,65.6,56.8
2022-03-10 00:00:00,04:31:13,5,38.3,0.0,48.8,72.0,4260.0,4260.35,0.0,-1.3,0.0,37.4,372.35,199.4,63.5,65.6,56.6
2022-03-10 00:00:00,04:32:13,5,38.4,0.0,48.8,72.0,4260.0,4259.22,0.0,-1.3,0.0,37.4,372.35,199.4,63.4,65.6,56.6
2022-03-10 00:00:00,04:33:13,5,38.4,0.0,48.8,72.0,4260.0,4260.1,0.0,-1.2,0.0,37.3,372.35,199.4,63.5,65.7,56.7
2022-03-10 00:00:00,04:34:13,5,38.4,0.0,48.8,72.0,4260.0,4260.14,0.0,-1.2,0.0,37.3,372.35,199.4,63.6,65.8,56.6
2022-03-10 00:00:00,04:35:13,5,38.6,0.0,48.8,72.0,4260.0,4259.46,0.0,-1.3,0.0,37.4,372.35,199.4,63.5,65.8,56.7
2022-03-10 00:00:00,04:36:13,5,38.6,0.0,48.8,72.0,4260.0,4260.03,0.0,-1.3,0.0,37.3,372.35,199.4,63.7,65.7,56.6
2022-03-10 00:00:00,04:37:13,5,38.7,0.0,48.8,72.0,4260.0,4260.28,0.0,-1.3,0.0,37.3,372.35,199.4,63.8,65.7,56.5
2022-03-10 00:00:00,04:38:13,5,38.8,0.0,48.8,72.0,4260.0,4259.32,0.0,-1.3,0.0,37.3,372.35,199.4,63.9,65.7,56.5
2022-03-10 00:00:00,04:39:13,5,38.8,0.0,48.8,72.0,4260.0,4259.99,0.0,-1.3,0.0,37.3,372.35,199.4,63.8,65.9,56.6
2022-03-10 00:00:00,04:40:13,5,38.8,0.0,48.8,72.0,4260.0,4260.35,0.0,-1.3,0.0,37.3,372.35,199.4,63.8,65.9,56.6
2022-03-10 00:00:00,04:41:13,5,38.8,0.0,48.8,72.0,4260.0,4259.39,0.0,-1.3,0.0,37.3,372.35,199.4,63.7,65.9,56.6
2022-03-10 00:00:00,04:42:13,5,38.7,0.0,48.8,72.0,4260.0,4259.96,0.0,-1.2,0.0,37.3,372.34,199.4,63.7,65.9,56.7
2022-03-10 00:00:00,04:43:13,5,38.5,0.0,48.8,72.0,4260.0,4259.96,0.0,-1.2,0.0,37.4,372.34,199.4,63.5,65.9,56.6
2022-03-10 00:00:00,04:44:13,5,38.4,0.0,48.8,72.0,4260.0,4259.57,0.0,-1.3,0.0,37.3,372.34,199.4,63.4,65.8,56.8
2022-03-10 00:00:00,04:45:13,5,38.2,0.0,48.8,72.0,4260.0,4259.99,0.0,-1.3,0.0,37.3,372.34,199.4,63.4,65.8,56.8
2022-03-10 00:00:00,04:46:13,5,38.0,0.0,48.8,72.0,4260.0,4259.75,0.0,-1.3,0.0,37.4,372.34,199.4,63.3,65.8,56.9
2022-03-10 00:00:00,04:47:13,5,37.8,0.0,48.8,72.0,4260.0,4259.71,0.0,-1.3,0.0,37.4,372.35,199.4,63.3,65.7,57.0
2022-03-10 00:00:00,04:48:13,5,37.6,0.0,48.8,72.0,4260.0,4260.17,0.0,-1.3,0.0,37.4,372.34,199.4,63.3,65.8,56.9
2022-03-10 00:00:00,04:49:13,5,37.5,0.0,48.8,72.0,4260.0,4259.57,0.0,-1.3,0.0,37.4,372.34,199.4,63.1,65.8,57.0
2022-03-10 00:00:00,04:50:13,5,37.4,0.0,48.8,72.0,4260.0,4259.71,0.0,-1.3,0.0,37.3,372.33,199.4,63.2,65.7,56.9
2022-03-10 00:00:00,04:51:13,5,37.3,0.0,48.8,72.0,4260.0,4260.28,0.0,-1.3,0.0,37.4,372.33,199.4,63.1,65.7,56.9
2022-03-10 00:00:00,04:52:13,5,37.4,0.0,48.8,72.0,4260.0,4259.71,0.0,-1.2,0.0,37.4,372.34,199.4,63.1,65.6,57.0
2022-03-10 00:00:00,04:53:13,5,37.2,0.0,48.8,72.0,4260.0,4259.5,0.0,-1.2,0.0,37.4,372.34,199.4,63.1,65.5,56.9
2022-03-10 00:00:00,04:54:13,5,37.2,0.0,48.8,72.0,4260.0,4260.45,0.0,-1.3,0.0,37.4,372.34,199.4,63.0,65.5,56.8
2022-03-10 00:00:00,04:55:13,5,37.2,0.0,48.8,72.0,4260.0,4259.68,0.0,-1.2,0.0,37.4,372.34,199.4,62.9,65.3,56.7
2022-03-10 00:00:00,04:56:13,5,37.0,0.0,48.8,72.0,4260.0,4259.71,0.0,-1.2,0.0,37.4,372.34,199.4,63.0,65.5,57.0
2022-03-10 00:00:00,04:57:13,5,37.1,0.0,48.8,72.0,4260.0,4260.42,0.0,-1.3,0.0,37.4,372.34,199.4,63.1,65.5,57.0
2022-03-10 00:00:00,04:58:13,5,37.7,0.0,48.8,72.0,4260.0,4259.64,0.0,-1.2,0.0,37.3,372.34,199.4,63.2,65.6,57.0
2022-03-10 00:00:00,04:59:13,5,38.0,0.0,48.8,72.0,4260.0,4259.36,0.0,-1.3,0.0,37.3,372.34,199.4,63.3,65.7,57.0
2022-03-10 00:00:00,05:00:13,5,38.2,0.0,48.8,72.0,4260.0,4260.45,0.0,-1.3,0.0,37.3,372.33,199.4,63.3,65.6,57.0
2022-03-10 00:00:00,05:01:13,5,38.3,0.0,48.8,72.0,4260.0,4259.57,0.0,-1.3,0.0,37.3,372.34,199.4,63.3,65.6,56.8
2022-03-10 00:00:00,05:02:13,5,38.3,0.0,48.8,72.0,4260.0,4259.75,0.0,-1.2,0.0,37.3,372.34,199.4,63.4,65.6,56.8
2022-03-10 00:00:00,05:03:13,5,38.4,0.0,48.8,72.0,4260.0,4260.42,0.0,-1.3,0.0,37.3,372.33,199.4,63.5,65.6,56.5
2022-03-10 00:00:00,05:04:13,5,38.4,0.0,48.8,72.0,4260.0,4259.92,0.0,-1.3,0.0,37.3,372.33,199.4,63.6,65.7,56.6
2022-03-10 00:00:00,05:05:13,5,38.5,0.0,48.8,72.0,4260.0,4259.82,0.0,-1.3,0.0,37.3,372.33,199.4,63.5,65.7,56.6
2022-03-10 00:00:00,05:06:13,5,38.5,0.0,48.8,72.0,4260.0,4260.31,0.0,-1.3,0.0,37.3,372.33,199.4,63.6,65.8,56.7
2022-03-10 00:00:00,05:07:13,5,38.7,0.0,48.8,72.0,4260.0,4259.82,0.0,-1.3,0.0,37.3,372.33,199.4,63.7,65.9,56.6
2022-03-10 00:00:00,05:08:13,5,38.7,0.0,48.8,72.0,4260.0,4259.5,0.0,-1.3,0.0,37.3,372.33,199.4,63.8,65.9,56.5
2022-03-10 00:00:00,05:09:13,5,38.8,0.0,48.8,72.0,4260.0,4260.14,0.0,-1.3,0.0,37.3,372.32,199.4,63.8,65.9,56.6
2022-03-10 00:00:00,05:10:13,5,38.8,0.0,48.8,72.0,4260.0,4259.96,0.0,-1.3,0.0,37.3,372.32,199.4,63.8,66.0,56.7
2022-03-10 00:00:00,05:11:13,5,38.8,0.0,48.8,72.0,4260.0,4259.64,0.0,-1.3,0.0,37.3,372.32,199.4,63.9,65.8,56.5
2022-03-10 00:00:00,05:12:13,5,38.8,0.0,48.8,72.0,4260.0,4259.89,0.0,-1.3,0.0,37.3,372.32,199.4,63.8,65.9,56.6
2022-03-10 00:00:00,05:13:13,5,38.6,0.0,48.8,72.0,4260.0,4260.06,0.0,-1.3,0.0,37.3,372.32,199.4,63.6,65.9,56.6
2022-03-10 00:00:00,05:14:13,5,38.4,0.0,48.8,72.0,4260.0,4259.57,0.0,-1.3,0.0,37.3,372.32,199.4,63.6,66.0,56.6
2022-03-10 00:00:00,05:15:13,5,38.3,0.0,48.8,72.0,4260.0,4259.99,0.0,-1.3,0.0,37.3,372.32,199.4,63.4,65.8,56.7
2022-03-10 00:00:00,05:16:13,5,38.0,0.0,48.8,72.0,4260.0,4260.31,0.0,-1.2,0.0,37.4,372.32,199.4,63.5,65.9,56.9
2022-03-10 00:00:00,05:17:13,5,37.9,0.0,48.8,72.0,4260.0,4259.68,0.0,-1.2,0.0,37.3,372.32,199.4,63.4,65.9,56.9
2022-03-10 00:00:00,05:18:13,5,37.7,0.0,48.8,72.0,4260.0,4259.92,0.0,-1.3,0.0,37.3,372.32,199.4,63.3,65.8,56.9
2022-03-10 00:00:00,05:19:13,5,37.6,0.0,48.8,72.0,4260.0,4260.28,0.0,-1.3,0.0,37.4,372.32,199.4,63.2,65.8,57.0
2022-03-10 00:00:00,05:20:13,5,37.6,0.0,48.8,72.0,4260.0,4259.64,0.0,-1.3,0.0,37.3,372.32,199.4,63.2,65.7,56.8
2022-03-10 00:00:00,05:21:13,5,37.4,0.0,48.8,72.0,4260.0,4260.03,0.0,-1.3,0.0,37.4,372.32,199.4,63.2,65.6,56.9
2022-03-10 00:00:00,05:22:13,5,37.2,0.0,48.8,72.0,4260.0,4260.28,0.0,-1.3,0.0,37.4,372.32,199.4,63.2,65.5,56.8
2022-03-10 00:00:00,05:23:13,5,37.2,0.0,48.8,72.0,4260.0,4259.53,0.0,-1.3,0.0,37.4,372.32,199.4,62.9,65.6,56.9
2022-03-10 00:00:00,05:24:13,5,37.2,0.0,48.8,72.0,4260.0,4259.99,0.0,-1.3,0.0,37.4,372.32,199.4,63.0,65.5,56.8
2022-03-10 00:00:00,05:25:13,5,37.0,0.0,48.8,72.0,4260.0,4260.35,0.0,-1.3,0.0,37.4,372.32,199.4,63.1,65.4,56.9
2022-03-10 00:00:00,05:26:13,5,37.0,0.0,48.8,72.0,4260.0,4259.57,0.0,-1.3,0.0,37.4,372.32,199.4,63.0,65.3,56.8
2022-03-10 00:00:00,05:27:13,5,36.9,0.0,48.8,72.0,4260.0,4260.21,0.0,-1.3,0.0,37.4,372.32,199.4,63.1,65.5,56.9
2022-03-10 00:00:00,05:28:13,5,37.4,0.0,48.8,72.0,4260.0,4260.17,0.0,-1.3,0.0,37.3,372.32,199.4,63.2,65.6,56.9
2022-03-10 00:00:00,05:29:13,5,37.9,0.0,48.8,72.0,4260.0,4259.36,0.0,-1.3,0.0,37.3,372.32,199.4,63.3,65.6,56.9
2022-03-10 00:00:00,05:30:13,5,38.1,0.0,48.8,72.0,4260.0,4260.31,0.0,-1.3,0.0,37.3,372.32,199.4,63.3,65.6,57.0
2022-03-10 00:00:00,05:31:13,5,38.2,0.0,48.8,72.0,4260.0,4260.1,0.0,-1.3,0.0,37.3,372.32,199.4,63.3,65.6,56.8
2022-03-10 00:00:00,05:32:13,5,38.3,0.0,48.8,72.0,4260.0,4259.43,0.0,-1.3,0.0,37.3,372.32,199.4,63.4,65.6,56.7
2022-03-10 00:00:00,05:33:13,5,38.3,0.0,48.8,72.0,4260.0,4260.14,0.0,-1.3,0.0,37.3,372.32,199.4,63.4,65.6,56.7
2022-03-10 00:00:00,05:34:13,5,38.3,0.0,48.8,72.0,4260.0,4260.31,0.0,-1.3,0.0,37.3,372.32,199.4,63.6,65.7,56.6
2022-03-10 00:00:00,05:35:13,5,38.5,0.0,48.8,72.0,4260.0,4259.68,0.0,-1.3,0.0,37.3,372.32,199.4,63.6,65.7,56.6
2022-03-10 00:00:00,05:36:13,5,38.6,0.0,48.8,72.0,4260.0,4259.89,0.0,-1.3,0.0,37.3,372.32,199.4,63.6,65.7,56.6
2022-03-10 00:00:00,05:37:13,5,38.6,0.0,48.8,72.0,4260.0,4260.06,0.0,-1.3,0.0,37.3,372.32,199.4,63.6,65.8,56.6
2022-03-10 00:00:00,05:38:13,5,38.7,0.0,48.8,72.0,4260.0,4259.85,0.0,-1.3,0.0,37.3,372.31,199.4,63.7,65.9,56.5
2022-03-10 00:00:00,05:39:13,5,38.7,0.0,48.8,72.0,4260.0,4259.6,0.0,-1.3,0.0,37.3,372.32,199.4,63.7,65.9,56.5
2022-03-10 00:00:00,05:40:13,5,38.8,0.0,48.8,72.0,4260.0,4260.28,0.0,-1.3,0.0,37.3,372.31,199.4,63.8,66.0,56.6
2022-03-10 00:00:00,05:41:13,5,38.8,0.0,48.8,72.0,4260.0,4260.03,0.0,-1.3,0.0,37.3,372.31,199.4,63.7,66.1,56.7
2022-03-10 00:00:00,05:42:13,5,38.7,0.0,48.8,72.0,4260.0,4259.25,0.0,-1.3,0.0,37.3,372.31,199.4,63.8,66.0,56.6
2022-03-10 00:00:00,05:43:13,5,38.6,0.0,48.8,72.0,4260.0,4260.42,0.0,-1.3,0.0,37.3,372.31,199.4,63.7,66.0,56.5
2022-03-10 00:00:00,05:44:13,5,38.4,0.0,48.8,72.0,4260.0,4260.06,0.0,-1.3,0.0,37.3,372.31,199.4,63.6,65.8,56.5
2022-03-10 00:00:00,05:45:13,5,38.4,0.0,48.8,72.0,4260.0,4258.97,0.0,-1.3,0.0,37.3,372.32,199.4,63.5,65.8,56.8
2022-03-10 00:00:00,05:46:13,5,38.1,0.0,48.8,72.0,4260.0,4260.52,0.0,-1.3,0.0,37.4,372.3,199.4,63.4,65.9,56.8
2022-03-10 00:00:00,05:47:13,5,37.9,0.0,48.8,72.0,4260.0,4260.14,0.0,-1.3,0.0,37.4,372.3,199.4,63.3,65.9,56.8
2022-03-10 00:00:00,05:48:13,5,37.8,0.0,48.8,72.0,4260.0,4259.46,0.0,-1.3,0.0,37.3,372.31,199.4,63.3,65.9,56.9
2022-03-10 00:00:00,05:49:13,5,37.5,0.0,48.8,72.0,4260.0,4259.85,0.0,-1.2,0.0,37.4,372.31,199.4,63.2,65.9,56.9
2022-03-10 00:00:00,05:50:13,5,37.4,0.0,48.8,72.0,4260.0,4260.14,0.0,-1.3,0.0,37.3,372.3,199.4,63.3,65.7,56.9
2022-03-10 00:00:00,05:51:13,5,37.5,0.0,48.8,72.0,4260.0,4259.85,0.0,-1.3,0.0,37.4,372.31,199.4,63.1,65.6,56.9
2022-03-10 00:00:00,05:52:13,5,37.2,0.0,48.8,72.0,4260.0,4259.32,0.0,-1.3,0.0,37.4,372.3,199.4,63.1,65.5,56.9
2022-03-10 00:00:00,05:53:13,5,37.4,0.0,48.8,72.0,4260.0,4260.35,0.0,-1.3,0.0,37.4,372.3,199.4,63.1,65.6,56.9
2022-03-10 00:00:00,05:54:13,5,37.1,0.0,48.8,72.0,4260.0,4260.17,0.0,-1.3,0.0,37.4,372.29,199.4,63.0,65.5,56.9
2022-03-10 00:00:00,05:55:13,5,37.1,0.0,48.8,72.0,4260.0,4259.11,0.0,-1.3,0.0,37.4,372.31,199.4,63.1,65.3,56.6
2022-03-10 00:00:00,05:56:13,5,37.1,0.0,48.8,72.0,4260.0,4260.24,0.0,-1.3,0.0,37.4,372.3,199.4,63.1,65.4,56.7
2022-03-10 00:00:00,05:57:13,5,37.1,0.0,48.8,72.0,4260.0,4260.14,0.0,-1.3,0.0,37.4,372.31,199.4,63.1,65.4,56.9
2022-03-10 00:00:00,05:58:13,5,37.0,0.0,48.8,72.0,4260.0,4259.43,0.0,-1.2,0.0,37.4,372.3,199.4,63.1,65.6,57.1
2022-03-10 00:00:00,05:59:13,5,37.7,0.0,48.8,72.0,4260.0,4260.24,0.0,-1.2,0.0,37.3,372.3,199.4,63.1,65.5,57.0
2022-03-10 00:00:00,06:00:13,5,38.1,0.0,48.8,72.0,4260.0,4260.31,0.0,-1.3,0.0,37.3,372.31,199.4,63.3,65.6,57.0
2022-03-10 00:00:00,06:01:13,5,38.2,0.0,48.8,72.0,4260.0,4259.75,0.0,-1.3,0.0,37.3,372.29,199.4,63.4,65.5,56.8
2022-03-10 00:00:00,06:02:13,5,38.3,0.0,48.8,72.0,4260.0,4259.57,0.0,-1.3,0.0,37.3,372.29,199.4,63.4,65.6,56.8
2022-03-10 00:00:00,06:03:13,5,38.3,0.0,48.8,72.0,4260.0,4259.89,0.0,-1.3,0.0,37.3,372.3,199.4,63.5,65.7,56.7
2022-03-10 00:00:00,06:04:13,5,38.3,0.0,48.8,72.0,4260.0,4260.14,0.0,-1.3,0.0,37.3,372.31,199.4,63.5,65.7,56.7
2022-03-10 00:00:00,06:05:13,5,38.5,0.0,48.8,72.0,4260.0,4259.46,0.0,-1.2,0.0,37.3,372.31,199.4,63.6,65.6,56.6
2022-03-10 00:00:00,06:06:13,5,38.4,0.0,48.8,72.0,4260.0,4260.24,0.0,-1.3,0.0,37.3,372.3,199.4,63.5,65.9,56.7
2022-03-10 00:00:00,06:07:13,5,38.5,0.0,48.8,72.0,4260.0,4260.06,0.0,-1.2,0.0,37.3,372.29,199.4,63.6,65.8,56.7
2022-03-10 00:00:00,06:08:13,5,38.6,0.0,48.8,72.0,4260.0,4259.46,0.0,-1.3,0.0,37.3,372.3,199.4,63.7,65.8,56.6
2022-03-10 00:00:00,06:09:13,5,38.7,0.0,48.8,72.0,4260.0,4260.17,0.0,-1.3,0.0,37.3,372.29,199.4,63.6,66.0,56.6
2022-03-10 00:00:00,06:10:13,5,38.8,0.0,48.8,72.0,4260.0,4260.38,0.0,-1.2,0.0,37.3,372.3,199.4,63.7,65.9,56.7
2022-03-10 00:00:00,06:11:13,5,38.8,0.0,48.8,72.0,4260.0,4259.92,0.0,-1.2,0.0,37.3,372.29,199.4,63.8,66.0,56.6
2022-03-10 00:00:00,06:12:13,5,38.8,0.0,48.8,72.0,4260.0,4259.46,0.0,-1.2,0.0,37.3,372.29,199.4,63.7,66.0,56.6
2022-03-10 00:00:00,06:13:13,5,38.6,0.0,48.8,72.0,4260.0,4259.82,0.0,-1.2,0.0,37.3,372.29,199.4,63.7,65.9,56.6
2022-03-10 00:00:00,06:14:13,5,38.4,0.0,48.8,72.0,4260.0,4260.31,0.0,-1.2,0.0,37.3,372.29,199.4,63.6,65.9,56.6
2022-03-10 00:00:00,06:15:13,5,38.3,0.0,48.8,72.0,4260.0,4259.36,0.0,-1.3,0.0,37.3,372.29,199.4,63.6,65.7,56.6
2022-03-10 00:00:00,06:16:13,5,38.1,0.0,48.8,72.0,4260.0,4260.14,0.0,-1.3,0.0,37.3,372.29,199.4,63.5,65.9,56.7
2022-03-10 00:00:00,06:17:13,5,37.9,0.0,48.8,72.0,4260.0,4260.21,0.0,-1.3,0.0,37.3,372.29,199.4,63.3,65.9,56.7
2022-03-10 00:00:00,06:18:13,5,37.9,0.0,48.8,72.0,4260.0,4259.89,0.0,-1.3,0.0,37.3,372.29,199.4,63.2,65.9,56.9
2022-03-10 00:00:00,06:19:13,5,37.7,0.0,48.8,72.0,4260.0,4259.6,0.0,-1.3,0.0,37.4,372.28,199.4,63.2,65.8,56.7
2022-03-10 00:00:00,06:20:13,5,37.4,0.0,48.8,72.0,4260.0,4259.78,0.0,-1.3,0.0,37.3,372.29,199.4,63.2,65.7,56.9
2022-03-10 00:00:00,06:21:13,5,37.4,0.0,48.8,72.0,4260.0,4260.21,0.0,-1.3,0.0,37.4,372.29,199.4,63.1,65.8,57.0
2022-03-10 00:00:00,06:22:13,5,37.3,0.0,48.8,72.0,4260.0,4259.14,0.0,-1.3,0.0,37.3,372.29,199.4,63.0,65.6,56.8
2022-03-10 00:00:00,06:23:13,5,37.4,0.0,48.8,72.0,4260.0,4260.21,0.0,-1.3,0.0,37.4,372.29,199.4,63.0,65.6,56.9
2022-03-10 00:00:00,06:24:13,5,37.3,0.0,48.8,72.0,4260.0,4260.1,0.0,-1.3,0.0,37.4,372.29,199.4,63.0,65.6,56.8
2022-03-10 00:00:00,06:25:13,5,37.3,0.0,48.8,72.0,4260.0,4259.68,0.0,-1.3,0.0,37.4,372.29,199.4,63.1,65.6,56.8
2022-03-10 00:00:00,06:26:13,5,37.1,0.0,48.8,72.0,4260.0,4259.71,0.0,-1.3,0.0,37.4,372.29,199.4,63.0,65.6,56.8
2022-03-10 00:00:00,06:27:13,5,37.0,0.0,48.8,72.0,4260.0,4259.71,0.0,-1.3,0.0,37.4,372.29,199.4,63.1,65.5,57.0
2022-03-10 00:00:00,06:28:13,5,37.3,0.0,48.8,72.0,4260.0,4260.28,0.0,-1.3,0.0,37.3,372.29,199.4,63.1,65.6,57.0
2022-03-10 00:00:00,06:29:13,5,37.8,0.0,48.8,72.0,4260.0,4259.46,0.0,-1.3,0.0,37.3,372.29,199.4,63.3,65.7,56.9
2022-03-10 00:00:00,06:30:13,5,38.1,0.0,48.8,72.0,4260.0,4259.96,0.0,-1.3,0.0,37.3,372.29,199.4,63.4,65.6,56.9
2022-03-10 00:00:00,06:31:13,5,38.2,0.0,48.8,72.0,4260.0,4260.24,0.0,-1.2,0.0,37.3,372.29,199.4,63.4,65.6,56.8
2022-03-10 00:00:00,06:32:13,5,38.3,0.0,48.8,72.0,4260.0,4259.5,0.0,-1.3,0.0,37.3,372.28,199.4,63.4,65.7,56.8
2022-03-10 00:00:00,06:33:13,5,38.3,0.0,48.8,72.0,4260.0,4259.22,0.0,-1.2,0.0,37.3,372.29,199.4,63.5,65.7,56.6
2022-03-10 00:00:00,06:34:13,5,38.4,0.0,48.8,72.0,4260.0,4259.92,0.0,-1.2,0.0,37.3,372.28,199.4,63.5,65.7,56.6
2022-03-10 00:00:00,06:35:13,5,38.4,0.0,48.8,72.0,4260.0,4260.45,0.0,-1.3,0.0,37.3,372.29,199.4,63.7,65.7,56.6
2022-03-10 00:00:00,06:36:13,5,38.5,0.0,48.8,72.0,4260.0,4259.18,0.0,-1.3,0.0,37.3,372.28,199.4,63.6,65.9,56.6
2022-03-10 00:00:00,06:37:13,5,38.6,0.0,48.8,72.0,4260.0,4259.85,0.0,-1.3,0.0,37.3,372.29,199.4,63.7,65.9,56.6
2022-03-10 00:00:00,06:38:13,5,38.7,0.0,48.8,72.0,4260.0,4260.31,0.0,-1.3,0.0,37.3,372.28,199.4,63.6,65.9,56.8
2022-03-10 00:00:00,06:39:13,5,38.7,0.0,48.8,72.0,4260.0,4259.43,0.0,-1.3,0.0,37.3,372.29,199.4,63.7,65.9,56.7
2022-03-10 00:00:00,06:40:13,5,38.8,0.0,48.8,72.0,4260.0,4259.29,0.0,-1.3,0.0,37.3,372.29,199.4,63.8,66.0,56.5
2022-03-10 00:00:00,06:41:13,5,38.7,0.0,48.8,72.0,4260.0,4260.24,0.0,-1.3,0.0,37.3,372.29,199.4,63.9,66.0,56.5
2022-03-10 00:00:00,06:42:13,5,38.8,0.0,48.8,72.0,4260.0,4260.35,0.0,-1.3,0.0,37.3,372.29,199.4,63.7,66.0,56.7
2022-03-10 00:00:00,06:43:13,5,38.6,0.0,48.8,72.0,4260.0,4259.18,0.0,-1.3,0.0,37.3,372.28,199.4,63.7,65.9,56.5
2022-03-10 00:00:00,06:44:13,5,38.5,0.0,48.8,72.0,4260.0,4259.89,0.0,-1.3,0.0,37.3,372.28,199.4,63.5,65.9,56.7
2022-03-10 00:00:00,06:45:13,5,38.3,0.0,48.8,72.0,4260.0,4260.17,0.0,-1.3,0.0,37.3,372.29,199.4,63.6,65.8,56.7
2022-03-10 00:00:00,06:46:13,5,38.2,0.0,48.8,72.0,4260.0,4259.71,0.0,-1.2,0.0,37.3,372.27,199.4,63.4,65.9,56.9
2022-03-10 00:00:00,06:47:13,5,38.1,0.0,48.8,72.0,4260.0,4259.32,0.0,-1.2,0.0,37.3,372.28,199.4,63.4,65.8,56.7
2022-03-10 00:00:00,06:48:13,5,37.8,0.0,48.8,72.0,4260.0,4260.03,0.0,-1.3,0.0,37.3,372.26,199.4,63.3,65.8,56.9
2022-03-10 00:00:00,06:49:13,5,37.7,0.0,48.8,72.0,4260.0,4260.21,0.0,-1.3,0.0,37.3,372.27,199.4,63.3,65.8,56.9
2022-03-10 00:00:00,06:50:13,5,37.6,0.0,48.8,72.0,4260.0,4259.32,0.0,-1.3,0.0,37.3,372.28,199.4,63.3,65.7,56.8
2022-03-10 00:00:00,06:51:13,5,37.4,0.0,48.8,72.0,4260.0,4259.68,0.0,-1.3,0.0,37.3,372.27,199.4,63.2,65.7,57.0
2022-03-10 00:00:00,06:52:13,5,37.5,0.0,48.8,72.0,4260.0,4259.71,0.0,-1.3,0.0,37.3,372.28,199.4,63.1,65.7,56.9
2022-03-10 00:00:00,06:53:13,5,37.4,0.0,48.8,72.0,4260.0,4260.24,0.0,-1.2,0.0,37.4,372.26,199.4,63.1,65.6,56.8
2022-03-10 00:00:00,06:54:13,5,37.3,0.0,48.8,72.0,4260.0,4259.22,0.0,-1.3,0.0,37.3,372.28,199.4,63.2,65.5,56.7
2022-03-10 00:00:00,06:55:13,5,37.1,0.0,48.8,72.0,4260.0,4260.03,0.0,-1.3,0.0,37.4,372.28,199.4,63.0,65.6,56.9
2022-03-10 00:00:00,06:56:13,5,37.1,0.0,48.8,72.0,4260.0,4260.1,0.0,-1.3,0.0,37.3,372.28,199.4,63.0,65.6,57.0
2022-03-10 00:00:00,06:57:13,5,37.1,0.0,48.8,72.0,4260.0,4260.06,0.0,-1.3,0.0,37.4,372.27,199.4,62.9,65.5,56.8
2022-03-10 00:00:00,06:58:13,5,37.1,0.0,48.8,72.0,4260.0,4259.25,0.0,-1.3,0.0,37.4,372.27,199.4,63.1,65.5,56.9
2022-03-10 00:00:00,06:59:13,5,37.3,0.0,48.8,72.0,4260.0,4259.78,0.0,-1.3,0.0,37.3,372.29,199.4,63.1,65.6,57.0
2022-03-10 00:00:00,07:00:13,5,37.8,0.0,48.8,72.0,4260.0,4260.31,0.0,-1.3,0.0,37.3,372.28,199.4,63.1,65.7,56.8
2022-03-10 00:00:00,07:01:13,5,38.1,0.0,48.8,72.0,4260.0,4259.53,0.0,-1.3,0.0,37.3,372.27,199.4,63.3,65.6,57.0
2022-03-10 00:00:00,07:02:13,5,38.2,0.0,48.8,72.0,4260.0,4259.5,0.0,-1.2,0.0,37.3,372.27,199.4,63.4,65.6,56.8
2022-03-10 00:00:00,07:03:13,5,38.2,0.0,48.8,72.0,4260.0,4259.96,0.0,-1.3,0.0,37.3,372.27,199.4,63.3,65.6,56.8
2022-03-10 00:00:00,07:04:13,5,38.3,0.0,48.8,72.0,4260.0,4260.14,0.0,-1.3,0.0,37.3,372.28,199.4,63.6,65.6,56.6
2022-03-10 00:00:00,07:05:13,5,38.3,0.0,48.8,72.0,4260.0,4259.07,0.0,-1.3,0.0,37.3,372.28,199.4,63.5,65.6,56.6
2022-03-10 00:00:00,07:06:13,5,38.4,0.0,48.8,72.0,4260.0,4259.99,0.0,-1.3,0.0,37.3,372.25,199.4,63.6,65.7,56.5
2022-03-10 00:00:00,07:07:13,5,38.5,0.0,48.8,72.0,4260.0,4260.31,0.0,-1.3,0.0,37.3,372.26,199.4,63.6,65.9,56.6
2022-03-10 00:00:00,07:08:13,5,38.6,0.0,48.8,72.0,4260.0,4259.99,0.0,-1.3,0.0,37.3,372.26,199.4,63.6,65.8,56.6
2022-03-10 00:00:00,07:09:13,5,38.7,0.0,48.8,72.0,4260.0,4259.25,0.0,-1.2,0.0,37.3,372.25,199.4,63.7,65.8,56.6
2022-03-10 00:00:00,07:10:13,5,38.7,0.0,48.8,72.0,4260.0,4260.31,0.0,-1.3,0.0,37.3,372.26,199.4,63.7,65.9,56.5
2022-03-10 00:00:00,07:11:13,5,38.8,0.0,48.8,72.0,4260.0,4260.21,0.0,-1.2,0.0,37.3,372.27,199.4,63.7,66.0,56.6
2022-03-10 00:00:00,07:12:13,5,38.8,0.0,48.8,72.0,4260.0,4259.71,0.0,-1.2,0.0,37.3,372.25,199.4,63.8,65.9,56.6
2022-03-10 00:00:00,07:13:13,5,38.8,0.0,48.8,72.0,4260.0,4259.22,0.0,-1.3,0.0,37.3,372.25,199.4,63.9,65.9,56.6
2022-03-10 00:00:00,07:14:13,5,38.6,0.0,48.8,72.0,4260.0,4260.03,0.0,-1.3,0.0,37.3,372.26,199.4,63.8,65.9,56.6
2022-03-10 00:00:00,07:15:13,5,38.5,0.0,48.8,72.0,4260.0,4260.31,0.0,-1.3,0.0,37.3,372.26,199.4,63.7,65.8,56.6
2022-03-10 00:00:00,07:16:13,5,38.4,0.0,48.8,72.0,4260.0,4259.39,0.0,-1.3,0.0,37.3,372.26,199.4,63.5,65.9,56.7
2022-03-10 00:00:00,07:17:13,5,38.2,0.0,48.8,72.0,4260.0,4259.68,0.0,-1.3,0.0,37.4,372.27,199.4,63.4,66.0,56.7
2022-03-10 00:00:00,07:18:13,5,38.0,0.0,48.8,72.0,4260.0,4260.06,0.0,-1.2,0.0,37.3,372.27,199.4,63.5,65.9,56.8
2022-03-10 00:00:00,07:19:13,5,37.9,0.0,48.8,72.0,4260.0,4259.96,0.0,-1.2,0.0,37.3,372.25,199.4,63.3,65.9,56.9
2022-03-10 00:00:00,07:20:13,5,37.7,0.0,48.8,72.0,4260.0,4259.22,0.0,-1.3,0.0,37.3,372.27,199.4,63.4,65.8,56.9
2022-03-10 00:00:00,07:21:13,5,37.6,0.0,48.8,72.0,4260.0,4259.85,0.0,-1.2,0.0,37.3,372.25,199.4,63.2,65.8,56.9
2022-03-10 00:00:00,07:22:13,5,37.6,0.0,48.8,72.0,4260.0,4259.85,0.0,-1.3,0.0,37.3,372.26,199.4,63.1,65.7,56.9
2022-03-10 00:00:00,07:23:13,5,37.6,0.0,48.8,72.0,4260.0,4260.35,0.0,-1.3,0.0,37.3,372.26,199.4,63.2,65.6,56.9
2022-03-10 00:00:00,07:24:13,5,37.4,0.0,48.8,72.0,4260.0,4259.36,0.0,-1.3,0.0,37.3,372.25,199.4,63.1,65.8,57.0
2022-03-10 00:00:00,07:25:13,5,37.3,0.0,48.8,72.0,4260.0,4259.92,0.0,-1.3,0.0,37.3,372.26,199.4,63.1,65.7,56.9
2022-03-10 00:00:00,07:26:13,5,37.2,0.0,48.8,72.0,4260.0,4259.85,0.0,-1.3,0.0,37.4,372.25,199.4,63.1,65.7,57.0
2022-03-10 00:00:00,07:27:13,5,37.0,0.0,48.8,72.0,4260.0,4260.67,0.0,-1.3,0.0,37.4,372.25,199.4,62.9,65.6,56.8
2022-03-10 00:00:00,07:28:13,5,37.2,0.0,48.8,72.0,4260.0,4259.22,0.0,-1.3,0.0,37.3,372.25,199.4,63.0,65.4,56.9
2022-03-10 00:00:00,07:29:13,5,37.2,0.0,48.8,72.0,4260.0,4259.89,0.0,-1.3,0.0,37.4,372.25,199.4,63.0,65.4,56.8
2022-03-10 00:00:00,07:30:13,5,37.0,0.0,48.8,72.0,4260.0,4260.7,0.0,-1.3,0.0,37.3,372.26,199.4,63.1,65.5,56.9
2022-03-10 00:00:00,07:31:13,5,37.3,0.0,48.8,72.0,4260.0,4260.31,0.0,-1.2,0.0,37.4,372.25,199.4,63.2,65.5,57.1
2022-03-10 00:00:00,07:32:13,5,37.7,0.0,48.8,72.0,4260.0,4259.18,0.0,-1.2,0.0,37.3,372.25,199.4,63.2,65.6,56.9
2022-03-10 00:00:00,07:33:13,5,38.0,0.0,48.8,72.0,4260.0,4260.38,0.0,-1.2,0.0,37.3,372.26,199.4,63.4,65.6,56.9
2022-03-10 00:00:00,07:34:13,5,38.2,0.0,48.8,72.0,4260.0,4260.1,0.0,-1.3,0.0,37.3,372.25,199.4,63.3,65.7,56.8
2022-03-10 00:00:00,07:35:13,5,38.2,0.0,48.8,72.0,4260.0,4259.78,0.0,-1.3,0.0,37.3,372.26,199.4,63.5,65.5,56.7
2022-03-10 00:00:00,07:36:13,5,38.3,0.0,48.8,72.0,4260.0,4259.29,0.0,-1.3,0.0,37.3,372.26,199.4,63.4,65.7,56.7
2022-03-10 00:00:00,07:37:13,5,38.3,0.0,48.8,72.0,4260.0,4260.24,0.0,-1.2,0.0,37.3,372.25,199.4,63.6,65.7,56.5
2022-03-10 00:00:00,07:38:13,5,38.5,0.0,48.8,72.0,4260.0,4259.89,0.0,-1.2,0.0,37.3,372.25,199.4,63.5,65.7,56.6
2022-03-10 00:00:00,07:39:13,5,38.5,0.0,48.8,72.0,4260.0,4260.21,0.0,-1.2,0.0,37.3,372.26,199.4,63.7,65.8,56.5
2022-03-10 00:00:00,07:40:13,5,38.6,0.0,48.8,72.0,4260.0,4259.6,0.0,-1.2,0.0,37.3,372.25,199.4,63.6,65.9,56.5
2022-03-10 00:00:00,07:41:13,5,38.7,0.0,48.8,72.0,4260.0,4260.38,0.0,-1.2,0.0,37.3,372.25,199.4,63.7,65.8,56.6
2022-03-10 00:00:00,07:42:13,5,38.7,0.0,48.8,72.0,4260.0,4260.14,0.0,-1.3,0.0,37.3,372.25,199.4,63.8,65.9,56.5
2022-03-10 00:00:00,07:43:13,5,38.8,0.0,48.8,72.0,4260.0,4260.14,0.0,-1.2,0.0,37.3,372.25,199.4,63.8,66.0,56.6
2022-03-10 00:00:00,07:44:13,5,38.8,0.0,48.8,72.0,4260.0,4259.32,0.0,-1.2,0.0,37.3,372.24,199.4,63.9,65.9,56.6
2022-03-10 00:00:00,07:45:13,5,38.8,0.0,48.8,72.0,4260.0,4260.21,0.0,-1.2,0.0,37.3,372.24,199.4,63.9,66.0,56.5
2022-03-10 00:00:00,07:46:13,5,38.8,0.0,48.8,72.0,4260.0,4260.49,0.0,-1.2,0.0,37.3,372.25,199.4,63.8,66.0,56.6
2022-03-10 00:00:00,07:47:13,5,38.7,0.0,48.8,72.0,4260.0,4259.99,0.0,-1.2,0.0,37.3,372.24,199.4,63.6,65.9,56.7
2022-03-10 00:00:00,07:48:13,5,38.5,0.0,48.8,72.0,4260.0,4259.29,0.0,-1.3,0.0,37.3,372.25,199.4,63.5,66.1,56.8
2022-03-10 00:00:00,07:49:13,5,38.4,0.0,48.8,72.0,4260.0,4260.6,0.0,-1.3,0.0,37.3,372.24,199.4,63.5,66.0,56.7
2022-03-10 00:00:00,07:50:13,5,38.2,0.0,48.8,72.0,4260.0,4260.35,0.0,-1.3,0.0,37.3,372.25,199.4,63.5,66.0,56.8
2022-03-10 00:00:00,07:51:13,5,38.0,0.0,48.8,72.0,4260.0,4260.03,0.0,-1.3,0.0,37.3,372.24,199.4,63.4,65.8,56.8
2022-03-10 00:00:00,07:52:13,5,37.9,0.0,48.8,72.0,4260.0,4259.29,0.0,-1.2,0.0,37.3,372.25,199.4,63.3,65.9,56.9
2022-03-10 00:00:00,07:53:13,5,37.7,0.0,48.8,72.0,4260.0,4260.17,0.0,-1.2,0.0,37.3,372.23,199.4,63.4,65.8,56.9
2022-03-10 00:00:00,07:54:13,5,37.7,0.0,48.8,72.0,4260.0,4260.17,0.0,-1.2,0.0,37.3,372.25,199.4,63.3,65.9,56.9
2022-03-10 00:00:00,07:55:13,5,37.4,0.0,48.8,72.0,4260.0,4260.14,0.0,-1.2,0.0,37.3,372.24,199.4,63.3,65.8,56.9
2022-03-10 00:00:00,07:56:13,5,37.4,0.0,48.8,72.0,4260.0,4259.64,0.0,-1.3,0.0,37.3,372.25,199.4,63.1,65.7,56.9
2022-03-10 00:00:00,07:57:13,5,37.5,0.0,48.8,72.0,4260.0,4260.06,0.0,-1.3,0.0,37.4,372.25,199.4,63.1,65.8,57.0
2022-03-10 00:00:00,07:58:13,5,37.2,0.0,48.8,72.0,4260.0,4260.17,0.0,-1.3,0.0,37.3,372.25,199.4,63.0,65.7,56.9
2022-03-10 00:00:00,07:59:13,5,37.3,0.0,48.8,72.0,4260.0,4260.42,0.0,-1.3,0.0,37.4,372.25,199.4,63.1,65.7,56.8
2022-03-10 00:00:00,08:00:13,5,37.3,0.0,48.8,72.0,4260.0,4259.25,0.0,-1.3,0.0,37.3,372.25,199.4,63.0,65.5,56.8
2022-03-10 00:00:00,08:01:13,5,37.1,0.0,48.8,72.0,4260.0,4259.89,0.0,-1.3,0.0,37.3,372.24,199.4,63.1,65.5,56.8
2022-03-10 00:00:00,08:02:13,5,37.2,0.0,48.8,72.0,4260.0,4260.21,0.0,-1.3,0.0,37.3,372.25,199.4,63.2,65.4,57.0
2022-03-10 00:00:00,08:03:13,5,37.4,0.0,48.8,72.0,4260.0,4260.56,0.0,-1.3,0.0,37.3,372.25,199.4,63.2,65.8,57.1
2022-03-10 00:00:00,08:04:13,5,37.9,0.0,48.8,72.0,4260.0,4259.22,0.0,-1.2,0.0,37.3,372.24,199.4,63.2,65.7,57.1
2022-03-10 00:00:00,08:05:13,5,38.1,0.0,48.8,72.0,4260.0,4259.82,0.0,-1.2,0.0,37.3,372.25,199.4,63.4,65.7,57.1
2022-03-10 00:00:00,08:06:13,5,38.2,0.0,48.8,72.0,4260.0,4260.24,0.0,-1.2,0.0,37.3,372.24,199.4,63.4,65.6,56.9
2022-03-10 00:00:00,08:07:13,5,38.3,0.0,48.8,72.0,4260.0,4260.24,0.0,-1.2,0.0,37.3,372.25,199.4,63.5,65.8,56.8
2022-03-10 00:00:00,08:08:13,5,38.4,0.0,48.8,72.0,4260.0,4259.32,0.0,-1.3,0.0,37.3,372.24,199.4,63.6,65.7,56.7
2022-03-10 00:00:00,08:09:13,5,38.4,0.0,48.8,72.0,4260.0,4259.6,0.0,-1.3,0.0,37.3,372.25,199.4,63.6,65.8,56.6
2022-03-10 00:00:00,08:10:13,5,38.5,0.0,48.8,72.0,4260.0,4260.31,0.0,-1.3,0.0,37.3,372.24,199.4,63.6,65.8,56.7
2022-03-10 00:00:00,08:11:13,5,38.6,0.0,48.8,72.0,4260.0,4260.21,0.0,-1.3,0.0,37.3,372.24,199.4,63.7,65.8,56.6
2022-03-10 00:00:00,08:12:13,5,38.7,0.0,48.8,72.0,4260.0,4259.68,0.0,-1.3,0.0,37.3,372.23,199.4,63.7,66.0,56.7
2022-03-10 00:00:00,08:13:13,5,38.7,0.0,48.8,72.0,4260.0,4259.92,0.0,-1.3,0.0,37.3,372.24,199.4,63.6,66.0,56.6
2022-03-10 00:00:00,08:14:13,5,38.8,0.0,48.8,72.0,4260.0,4260.03,0.0,-1.3,0.0,37.3,372.24,199.4,63.7,66.0,56.7
2022-03-10 00:00:00,08:15:13,5,38.8,0.0,48.8,72.0,4260.0,4260.31,0.0,-1.3,0.0,37.3,372.23,199.4,63.9,66.0,56.7
2022-03-10 00:00:00,08:16:13,5,38.8,0.0,48.8,72.0,4260.0,4260.28,0.0,-1.3,0.0,37.3,372.24,199.4,63.8,66.1,56.7
2022-03-10 00:00:00,08:17:13,5,38.7,0.0,48.8,72.0,4260.0,4259.22,0.0,-1.3,0.0,37.3,372.23,199.4,63.8,66.0,56.5
2022-03-10 00:00:00,08:18:13,5,38.6,0.0,48.8,72.0,4260.0,4260.24,0.0,-1.3,0.0,37.3,372.22,199.4,63.7,66.0,56.7
2022-03-10 00:00:00,08:19:13,5,38.5,0.0,48.8,72.0,4260.0,4260.17,0.0,-1.3,0.0,37.3,372.23,199.4,63.6,65.9,56.8
2022-03-10 00:00:00,08:20:13,5,38.4,0.0,48.8,72.0,4260.0,4260.28,0.0,-1.2,0.0,37.3,372.23,199.4,63.6,66.0,56.7
2022-03-10 00:00:00,08:21:13,5,38.1,0.0,48.8,72.0,4260.0,4259.04,0.0,-1.3,0.0,37.3,372.22,199.4,63.5,66.0,56.7
2022-03-10 00:00:00,08:22:13,5,38.0,0.0,48.8,72.0,4260.0,4259.82,0.0,-1.2,0.0,37.3,372.22,199.4,63.6,65.9,56.8
2022-03-10 00:00:00,08:23:13,5,37.8,0.0,48.8,72.0,4260.0,4259.92,0.0,-1.2,0.0,37.3,372.24,199.4,63.4,66.0,56.8
2022-03-10 00:00:00,08:24:13,5,37.8,0.0,48.8,72.0,4260.0,4259.96,0.0,-1.3,0.0,37.3,372.22,199.4,63.3,65.9,56.9
2022-03-10 00:00:00,08:25:13,5,37.7,0.0,48.8,72.0,4260.0,4259.82,0.0,-1.3,0.0,37.3,372.23,199.4,63.3,65.8,57.0
2022-03-10 00:00:00,08:26:13,5,37.6,0.0,48.8,72.0,4260.0,4259.53,0.0,-1.3,0.0,37.3,372.23,199.4,63.4,65.7,57.0
2022-03-10 00:00:00,08:27:13,5,37.5,0.0,48.8,72.0,4260.0,4259.92,0.0,-1.3,0.0,37.3,372.23,199.4,63.2,65.7,56.9
2022-03-10 00:00:00,08:28:13,5,37.4,0.0,48.8,72.0,4260.0,4260.17,0.0,-1.3,0.0,37.3,372.22,199.4,63.2,65.7,56.9
2022-03-10 00:00:00,08:29:13,5,37.4,0.0,48.8,72.0,4260.0,4260.42,0.0,-1.3,0.0,37.3,372.23,199.4,63.2,65.6,56.8
2022-03-10 00:00:00,08:30:13,5,37.2,0.0,48.8,72.0,4260.0,4259.14,0.0,-1.3,0.0,37.3,372.23,199.4,63.0,65.7,57.0
2022-03-10 00:00:00,08:31:13,5,37.0,0.0,48.8,72.0,4260.0,4260.14,0.0,-1.3,0.0,37.3,372.23,199.4,63.2,65.7,56.9
2022-03-10 00:00:00,08:32:13,5,37.3,0.0,48.8,72.0,4260.0,4260.21,0.0,-1.3,0.0,37.3,372.22,199.4,63.1,65.6,56.9
2022-03-10 00:00:00,08:33:13,5,37.3,0.0,48.8,72.0,4260.0,4260.14,0.0,-1.3,0.0,37.3,372.23,199.4,63.1,65.6,57.1
2022-03-10 00:00:00,08:34:13,5,37.4,0.0,48.8,72.0,4260.0,4259.53,0.0,-1.3,0.0,37.3,372.22,199.4,63.3,65.7,57.1
2022-03-10 00:00:00,08:35:13,5,37.9,0.0,48.8,72.0,4260.0,4259.82,0.0,-1.3,0.0,37.3,372.23,199.4,63.2,65.8,56.9
2022-03-10 00:00:00,08:36:13,5,38.2,0.0,48.8,72.0,4260.0,4260.03,0.0,-1.3,0.0,37.3,372.22,199.4,63.5,65.6,56.9
2022-03-10 00:00:00,08:37:13,5,38.3,0.0,48.8,72.0,4260.0,4260.31,0.0,-1.3,0.0,37.3,372.23,199.4,63.4,65.8,56.9
2022-03-10 00:00:00,08:38:13,5,38.3,0.0,48.8,72.0,4260.0,4260.24,0.0,-1.3,0.0,37.3,372.23,199.4,63.5,65.8,56.8
2022-03-10 00:00:00,08:39:13,5,38.4,0.0,48.8,72.0,4260.0,4259.64,0.0,-1.3,0.0,37.3,372.22,199.4,63.5,65.9,56.9
2022-03-10 00:00:00,08:40:13,5,38.4,0.0,48.8,72.0,4260.0,4260.17,0.0,-1.3,0.0,37.3,372.23,199.4,63.6,65.8,56.6
2022-03-10 00:00:00,08:41:13,5,38.5,0.0,48.8,72.0,4260.0,4260.17,0.0,-1.3,0.0,37.3,372.21,199.4,63.7,65.8,56.7
2022-03-10 00:00:00,08:42:13,5,38.6,0.0,48.8,72.0,4260.0,4260.52,0.0,-1.3,0.0,37.3,372.22,199.4,63.6,65.9,56.6
2022-03-10 00:00:00,08:43:13,5,38.7,0.0,48.8,72.0,4260.0,4259.18,0.0,-1.3,0.0,37.3,372.23,199.4,63.8,65.9,56.7
2022-03-10 00:00:00,08:44:13,5,38.7,0.0,48.8,72.0,4260.0,4259.43,0.0,-1.3,0.0,37.3,372.23,199.4,63.8,65.9,56.7
2022-03-10 00:00:00,08:45:13,5,38.8,0.0,48.8,72.0,4260.0,4260.24,0.0,-1.3,0.0,37.3,372.22,199.4,63.8,66.0,56.7
2022-03-10 00:00:00,08:46:13,5,38.9,0.0,48.8,72.0,4260.0,4260.1,0.0,-1.3,0.0,37.3,372.22,199.4,63.8,66.0,56.7
2022-03-10 00:00:00,08:47:13,5,38.8,0.0,48.8,72.0,4260.0,4260.14,0.0,-1.3,0.0,37.3,372.22,199.4,64.0,66.0,56.7
2022-03-10 00:00:00,08:48:13,5,38.8,0.0,48.8,72.0,4260.0,4259.46,0.0,-1.3,0.0,37.3,372.22,199.4,63.9,66.1,56.6
2022-03-10 00:00:00,08:49:13,5,38.8,0.0,48.8,72.0,4260.0,4260.1,0.0,-1.3,0.0,37.3,372.22,199.4,63.8,66.1,56.8
2022-03-10 00:00:00,08:50:13,5,38.6,0.0,48.8,72.0,4260.0,4259.92,0.0,-1.3,0.0,37.3,372.22,199.4,63.7,66.1,56.7
2022-03-10 00:00:00,08:51:13,5,38.5,0.0,48.8,72.0,4260.0,4260.42,0.0,-1.2,0.0,37.3,372.21,199.4,63.6,65.9,56.7
2022-03-10 00:00:00,08:52:13,5,38.3,0.0,48.8,72.0,4260.0,4259.43,0.0,-1.2,0.0,37.3,372.21,199.4,63.4,66.0,57.0
2022-03-10 00:00:00,08:53:13,5,38.2,0.0,48.8,72.0,4260.0,4259.32,0.0,-1.2,0.0,37.3,372.21,199.4,63.5,65.9,56.8
2022-03-10 00:00:00,08:54:13,5,38.1,0.0,48.8,72.0,4260.0,4260.03,0.0,-1.3,0.0,37.3,372.21,199.4,63.5,66.0,56.9
2022-03-10 00:00:00,08:55:13,5,38.0,0.0,48.8,72.0,4260.0,4260.17,0.0,-1.3,0.0,37.3,372.22,199.4,63.5,65.9,56.8
2022-03-10 00:00:00,08:56:13,5,37.9,0.0,48.8,72.0,4260.0,4260.24,0.0,-1.3,0.0,37.3,372.22,199.4,63.4,65.9,56.8
2022-03-10 00:00:00,08:57:13,5,37.8,0.0,48.8,72.0,4260.0,4259.36,0.0,-1.3,0.0,37.3,372.22,199.4,63.4,65.9,57.0
2022-03-10 00:00:00,08:58:13,5,37.7,0.0,48.8,72.0,4260.0,4259.71,0.0,-1.3,0.0,37.3,372.21,199.4,63.3,65.9,57.0
2022-03-10 00:00:00,08:59:13,5,37.6,0.0,48.8,72.0,4260.0,4259.92,0.0,-1.2,0.0,37.3,372.22,199.4,63.3,65.9,57.0
2022-03-10 00:00:00,09:00:13,5,37.6,0.0,48.8,72.0,4260.0,4260.17,0.0,-1.2,0.0,37.3,372.21,199.4,63.2,65.7,56.9
2022-03-10 00:00:00,09:01:13,5,37.4,0.0,48.8,72.0,4260.0,4259.89,0.0,-1.2,0.0,37.3,372.21,199.4,63.1,65.8,56.9
2022-03-10 00:00:00,09:02:13,5,37.4,0.0,48.8,72.0,4260.0,4259.43,0.0,-1.2,0.0,37.3,372.22,199.4,63.2,65.7,56.9
2022-03-10 00:00:00,09:03:13,5,37.5,0.0,48.8,72.0,4260.0,4260.06,0.0,-1.2,0.0,37.4,372.21,199.4,63.1,65.8,57.1
2022-03-10 00:00:00,09:04:13,5,37.4,0.0,48.8,72.0,4260.0,4259.92,0.0,-1.2,0.0,37.4,372.21,199.4,63.1,65.7,56.9
2022-03-10 00:00:00,09:05:13,5,37.4,0.0,48.8,72.0,4260.0,4260.35,0.0,-1.2,0.0,37.4,372.22,199.4,63.2,65.5,56.7
2022-03-10 00:00:00,09:06:13,5,37.4,0.0,48.8,72.0,4260.0,4259.36,0.0,-1.3,0.0,37.3,372.22,199.4,63.1,65.6,56.9
2022-03-10 00:00:00,09:07:13,5,37.3,0.0,48.8,72.0,4260.0,4259.22,0.0,-1.3,0.0,37.3,372.22,199.4,63.3,65.6,57.0
2022-03-10 00:00:00,09:08:13,5,37.7,0.0,48.8,72.0,4260.0,4260.24,0.0,-1.3,0.0,37.3,372.22,199.4,63.3,65.7,57.0
2022-03-10 00:00:00,09:09:13,5,38.1,0.0,48.8,72.0,4260.0,4259.92,0.0,-1.3,0.0,37.3,372.22,199.4,63.5,65.7,57.0
2022-03-10 00:00:00,09:10:13,5,38.2,0.0,48.8,72.0,4260.0,4259.78,0.0,-1.3,0.0,37.3,372.22,199.4,63.5,65.8,56.9
2022-03-10 00:00:00,09:11:13,5,38.3,0.0,48.8,72.0,4260.0,4259.57,0.0,-1.3,0.0,37.3,372.21,199.4,63.5,65.7,56.9
2022-03-10 00:00:00,09:12:13,5,38.4,0.0,48.8,72.0,4260.0,4259.5,0.0,-1.2,0.0,37.3,372.21,199.4,63.5,65.8,56.8
2022-03-10 00:00:00,09:13:13,5,38.4,0.0,48.8,72.0,4260.0,4260.03,0.0,-1.2,0.0,37.3,372.21,199.4,63.6,65.9,56.7
2022-03-10 00:00:00,09:14:13,5,38.5,0.0,48.8,72.0,4260.0,4260.42,0.0,-1.3,0.0,37.3,372.2,199.4,63.6,65.8,56.6
2022-03-10 00:00:00,09:15:13,5,38.6,0.0,48.8,72.0,4260.0,4259.92,0.0,-1.2,0.0,37.3,372.21,199.4,63.7,65.9,56.6
2022-03-10 00:00:00,09:16:13,5,38.7,0.0,48.8,72.0,4260.0,4258.93,0.0,-1.2,0.0,37.3,372.21,199.4,63.8,66.0,56.7
2022-03-10 00:00:00,09:17:13,5,38.8,0.0,48.8,72.0,4260.0,4259.85,0.0,-1.3,0.0,37.3,372.21,199.4,63.8,65.9,56.7
2022-03-10 00:00:00,09:18:13,5,38.8,0.0,48.8,72.0,4260.0,4260.1,0.0,-1.3,0.0,37.3,372.21,199.4,63.9,66.1,56.6
2022-03-10 00:00:00,09:19:13,5,38.8,0.0,48.8,72.0,4260.0,4260.06,0.0,-1.3,0.0,37.3,372.21,199.4,63.8,66.2,56.7
2022-03-10 00:00:00,09:20:13,5,38.9,0.0,48.8,72.0,4260.0,4260.14,0.0,-1.2,0.0,37.3,372.21,199.4,63.9,66.1,56.8
2022-03-10 00:00:00,09:21:13,5,38.8,0.0,48.8,72.0,4260.0,4259.32,0.0,-1.2,0.0,37.3,372.2,199.4,63.9,66.1,56.8
2022-03-10 00:00:00,09:22:13,5,38.9,0.0,48.8,72.0,4260.0,4259.6,0.0,-1.2,0.0,37.3,372.2,199.4,64.0,66.0,56.7
2022-03-10 00:00:00,09:23:13,5,38.8,0.0,48.8,72.0,4260.0,4260.21,0.0,-1.2,0.0,37.3,372.19,199.4,63.8,66.1,56.7
2022-03-10 00:00:00,09:24:13,5,38.6,0.0,48.8,72.0,4260.0,4260.31,0.0,-1.2,0.0,37.3,372.19,199.4,63.8,66.1,56.7
2022-03-10 00:00:00,09:25:13,5,38.5,0.0,48.8,72.0,4260.0,4259.85,0.0,-1.3,0.0,37.3,372.19,199.4,63.5,66.1,56.9
2022-03-10 00:00:00,09:26:13,5,38.3,0.0,48.8,72.0,4260.0,4259.29,0.0,-1.3,0.0,37.3,372.19,199.4,63.6,66.0,56.8
2022-03-10 00:00:00,09:27:13,5,38.1,0.0,48.8,72.0,4260.0,4259.82,0.0,-1.3,0.0,37.3,372.19,199.4,63.6,66.0,56.9
2022-03-10 00:00:00,09:28:13,5,38.0,0.0,48.8,72.0,4260.0,4259.71,0.0,-1.3,0.0,37.3,372.19,199.4,63.5,65.9,57.0
2022-03-10 00:00:00,09:29:13,5,37.9,0.0,48.8,72.0,4260.0,4259.96,0.0,-1.2,0.0,37.3,372.19,199.4,63.4,65.9,56.9
2022-03-10 00:00:00,09:30:13,5,37.8,0.0,48.8,72.0,4260.0,4260.49,0.0,-1.2,0.0,37.3,372.2,199.4,63.4,65.9,57.0
2022-03-10 00:00:00,09:31:13,5,37.8,0.0,48.8,72.0,4260.0,4259.18,0.0,-1.2,0.0,37.3,372.19,199.4,63.4,65.9,57.0
2022-03-10 00:00:00,09:32:13,5,37.8,0.0,48.8,72.0,4260.0,4259.5,0.0,-1.3,0.0,37.3,372.19,199.4,63.4,65.8,56.8
2022-03-10 00:00:00,09:33:13,5,37.6,0.0,48.8,72.0,4260.0,4260.24,0.0,-1.2,0.0,37.3,372.19,199.4,63.4,65.7,56.9
2022-03-10 00:00:00,09:34:13,5,37.6,0.0,48.8,72.0,4260.0,4260.14,0.0,-1.3,0.0,37.3,372.2,199.4,63.3,65.8,56.9
2022-03-10 00:00:00,09:35:13,5,37.4,0.0,48.8,72.0,4260.0,4259.78,0.0,-1.3,0.0,37.3,372.2,199.4,63.2,65.8,57.0
2022-03-10 00:00:00,09:36:13,5,37.4,0.0,48.8,72.0,4260.0,4259.36,0.0,-1.3,0.0,37.3,372.2,199.4,63.2,65.8,57.0
2022-03-10 00:00:00,09:37:13,5,37.4,0.0,48.8,72.0,4260.0,4259.43,0.0,-1.3,0.0,37.4,372.2,199.4,63.1,65.8,56.9
2022-03-10 00:00:00,09:38:13,5,37.4,0.0,48.8,72.0,4260.0,4259.82,0.0,-1.3,0.0,37.3,372.19,199.4,63.1,65.6,56.9
2022-03-10 00:00:00,09:39:13,5,37.2,0.0,48.8,72.0,4260.0,4260.1,0.0,-1.3,0.0,37.3,372.19,199.4,63.1,65.6,56.9
2022-03-10 00:00:00,09:40:13,5,37.2,0.0,48.8,72.0,4260.0,4260.28,0.0,-1.3,0.0,37.3,372.19,199.4,63.1,65.7,56.9
2022-03-10 00:00:00,09:41:13,5,37.5,0.0,48.8,72.0,4260.0,4259.22,0.0,-1.3,0.0,37.3,372.19,199.4,63.3,65.7,57.1
2022-03-10 00:00:00,09:42:13,5,37.9,0.0,48.8,72.0,4260.0,4259.29,0.0,-1.2,0.0,37.3,372.19,199.4,63.5,65.7,56.9
2022-03-10 00:00:00,09:43:13,5,38.2,0.0,48.8,72.0,4260.0,4260.28,0.0,-1.3,0.0,37.3,372.19,199.4,63.5,65.8,57.0
2022-03-10 00:00:00,09:44:13,5,38.3,0.0,48.8,72.0,4260.0,4260.14,0.0,-1.3,0.0,37.3,372.19,199.4,63.5,65.9,56.9
2022-03-10 00:00:00,09:45:13,5,38.4,0.0,48.8,72.0,4260.0,4260.35,0.0,-1.3,0.0,37.3,372.19,199.4,63.6,65.7,56.8
2022-03-10 00:00:00,09:46:13,5,38.4,0.0,48.8,72.0,4260.0,4259.57,0.0,-1.3,0.0,37.3,372.19,199.4,63.6,65.9,56.8
2022-03-10 00:00:00,09:47:13,5,38.5,0.0,48.8,72.0,4260.0,4259.36,0.0,-1.3,0.0,37.3,372.19,199.4,63.6,65.8,56.8
2022-03-10 00:00:00,09:48:13,5,38.5,0.0,48.8,72.0,4260.0,4260.14,0.0,-1.2,0.0,37.3,372.2,199.4,63.7,65.9,56.8
2022-03-10 00:00:00,09:49:13,5,38.6,0.0,48.8,72.0,4260.0,4260.38,0.0,-1.2,0.0,37.3,372.19,199.4,63.7,66.0,56.7
2022-03-10 00:00:00,09:50:13,5,38.7,0.0,48.8,72.0,4260.0,4260.6,0.0,-1.2,0.0,37.3,372.19,199.4,63.8,66.0,56.6
2022-03-10 00:00:00,09:51:13,5,38.8,0.0,48.8,72.0,4260.0,4259.22,0.0,-1.2,0.0,37.3,372.19,199.4,63.9,66.0,56.7
2022-03-10 00:00:00,09:52:13,5,38.9,0.0,48.8,72.0,4260.0,4259.43,0.0,-1.2,0.0,37.3,372.19,199.4,63.9,66.0,56.7
2022-03-10 00:00:00,09:53:13,5,38.8,0.0,48.8,72.0,4260.0,4260.42,0.0,-1.2,0.0,37.3,372.19,199.4,64.0,66.0,56.8
2022-03-10 00:00:00,09:54:13,5,38.9,0.0,48.8,72.0,4260.0,4259.82,0.0,-1.2,0.0,37.3,372.19,199.4,64.0,66.2,56.7
2022-03-10 00:00:00,09:55:13,5,38.8,0.0,48.8,72.0,4260.0,4260.28,0.0,-1.3,0.0,37.3,372.19,199.4,64.0,66.1,56.7
2022-03-10 00:00:00,09:56:13,5,38.7,0.0,48.8,72.0,4260.0,4259.92,0.0,-1.2,0.0,37.3,372.19,199.4,63.8,66.2,56.7
2022-03-10 00:00:00,09:57:13,5,38.6,0.0,48.8,72.0,4260.0,4259.25,0.0,-1.3,0.0,37.3,372.19,199.4,63.8,66.0,56.8
2022-03-10 00:00:00,09:58:13,5,38.5,0.0,48.8,72.0,4260.0,4260.14,0.0,-1.3,0.0,37.3,372.19,199.4,63.7,65.9,56.8
2022-03-10 00:00:00,09:59:13,5,38.2,0.0,48.8,72.0,4260.0,4260.28,0.0,-1.3,0.0,37.3,372.19,199.4,63.5,66.1,56.9
2022-03-10 00:00:00,10:00:13,5,38.1,0.0,48.8,72.0,4260.0,4260.31,0.0,-1.2,0.0,37.3,372.18,199.4,63.6,65.9,56.9
2022-03-10 00:00:00,10:01:13,5,38.0,0.0,48.8,72.0,4260.0,4260.21,0.0,-1.3,0.0,37.3,372.19,199.4,63.5,66.0,56.9
2022-03-10 00:00:00,10:02:13,5,37.8,0.0,48.8,72.0,4260.0,4259.39,0.0,-1.3,0.0,37.3,372.19,199.4,63.4,66.0,57.1
2022-03-10 00:00:00,10:03:13,5,37.7,0.0,48.8,72.0,4260.0,4259.64,0.0,-1.3,0.0,37.3,372.19,199.4,63.4,66.1,57.0
2022-03-10 00:00:00,10:04:13,5,37.6,0.0,48.8,72.0,4260.0,4260.17,0.0,-1.2,0.0,37.3,372.19,199.4,63.2,65.9,57.0
2022-03-10 00:00:00,10:05:13,5,37.6,0.0,48.8,72.0,4260.0,4260.6,0.0,-1.2,0.0,37.3,372.18,199.4,63.3,66.0,56.9
2022-03-10 00:00:00,10:06:13,5,37.6,0.0,48.8,72.0,4260.0,4260.49,0.0,-1.2,0.0,37.3,372.19,199.4,63.3,65.8,56.9
2022-03-10 00:00:00,10:07:13,5,37.5,0.0,48.8,72.0,4260.0,4259.53,0.0,-1.3,0.0,37.3,372.18,199.4,63.2,65.8,56.9
2022-03-10 00:00:00,10:08:13,5,37.3,0.0,48.8,72.0,4260.0,4259.29,0.0,-1.3,0.0,37.3,372.18,199.4,63.2,65.9,57.0
2022-03-10 00:00:00,10:09:13,5,37.4,0.0,48.8,72.0,4260.0,4260.14,0.0,-1.2,0.0,37.3,372.19,199.4,63.2,65.7,57.0
2022-03-10 00:00:00,10:10:13,5,37.2,0.0,48.8,72.0,4260.0,4259.99,0.0,-1.2,0.0,37.3,372.19,199.4,63.2,65.6,56.8
2022-03-10 00:00:00,10:11:13,5,37.3,0.0,48.8,72.0,4260.0,4260.28,0.0,-1.2,0.0,37.3,372.19,199.4,63.2,65.6,56.9
2022-03-10 00:00:00,10:12:13,5,37.3,0.0,48.8,72.0,4260.0,4260.35,0.0,-1.2,0.0,37.3,372.19,199.4,63.2,65.6,56.9
2022-03-10 00:00:00,10:13:13,5,37.5,0.0,48.8,72.0,4260.0,4259.43,0.0,-1.3,0.0,37.3,372.19,199.4,63.2,65.8,57.1
2022-03-10 00:00:00,10:14:13,5,37.9,0.0,48.8,72.0,4260.0,4259.25,0.0,-1.2,0.0,37.3,372.19,199.4,63.4,65.8,57.0
2022-03-10 00:00:00,10:15:13,5,38.2,0.0,48.8,72.0,4260.0,4260.28,0.0,-1.3,0.0,37.3,372.19,199.4,63.5,65.8,57.1
2022-03-10 00:00:00,10:16:13,5,38.3,0.0,48.8,72.0,4260.0,4260.42,0.0,-1.3,0.0,37.3,372.18,199.4,63.5,65.7,56.9
2022-03-10 00:00:00,10:17:13,5,38.4,0.0,48.8,72.0,4260.0,4260.06,0.0,-1.3,0.0,37.3,372.19,199.4,63.6,65.8,56.8
2022-03-10 00:00:00,10:18:13,5,38.4,0.0,48.8,72.0,4260.0,4259.71,0.0,-1.2,0.0,37.3,372.19,199.4,63.6,65.9,56.8
2022-03-10 00:00:00,10:19:13,5,38.5,0.0,48.8,72.0,4260.0,4259.68,0.0,-1.2,0.0,37.3,372.19,199.4,63.6,65.9,56.8
2022-03-10 00:00:00,10:20:13,5,38.5,0.0,48.8,72.0,4260.0,4259.96,0.0,-1.3,0.0,37.3,372.19,199.4,63.7,66.0,56.7
2022-03-10 00:00:00,10:21:13,5,38.6,0.0,48.8,72.0,4260.0,4259.82,0.0,-1.3,0.0,37.3,372.18,199.4,63.7,66.1,56.8
2022-03-10 00:00:00,10:22:13,5,38.7,0.0,48.8,72.0,4260.0,4260.42,0.0,-1.3,0.0,37.3,372.19,199.4,63.8,65.9,56.8
2022-03-10 00:00:00,10:23:13,5,38.8,0.0,48.8,72.0,4260.0,4260.14,0.0,-1.3,0.0,37.3,372.18,199.4,63.9,66.0,56.6
2022-03-10 00:00:00,10:24:13,5,38.8,0.0,48.8,72.0,4260.0,4259.18,0.0,-1.3,0.0,37.3,372.18,199.4,63.8,66.2,56.7
2022-03-10 00:00:00,10:25:13,5,38.9,0.0,48.8,72.0,4260.0,4259.85,0.0,-1.3,0.0,37.3,372.18,199.4,63.9,66.2,56.9
2022-03-10 00:00:00,10:26:13,5,38.9,0.0,48.8,72.0,4260.0,4260.38,0.0,-1.3,0.0,37.3,372.17,199.4,64.0,66.2,56.7
2022-03-10 00:00:00,10:27:13,5,38.9,0.0,48.8,72.0,4260.0,4259.92,0.0,-1.3,0.0,37.3,372.16,199.4,63.9,66.2,56.7
2022-03-10 00:00:00,10:28:13,5,38.8,0.0,48.8,72.0,4260.0,4260.21,0.0,-1.3,0.0,37.3,372.17,199.4,63.9,66.2,56.8
2022-03-10 00:00:00,10:29:13,5,38.7,0.0,48.8,72.0,4260.0,4260.14,0.0,-1.2,0.0,37.3,372.17,199.4,63.8,66.2,56.8
2022-03-10 00:00:00,10:30:13,5,38.6,0.0,48.8,72.0,4260.0,4259.25,0.0,-1.2,0.0,37.3,372.17,199.4,63.7,66.2,56.7
2022-03-10 00:00:00,10:31:13,5,38.4,0.0,48.8,72.0,4260.0,4259.82,0.0,-1.2,0.0,37.3,372.17,199.4,63.6,66.1,56.8
2022-03-10 00:00:00,10:32:13,5,38.3,0.0,48.8,72.0,4260.0,4260.31,0.0,-1.2,0.0,37.3,372.17,199.4,63.6,66.0,56.9
2022-03-10 00:00:00,10:33:13,5,38.1,0.0,48.8,72.0,4260.0,4259.82,0.0,-1.3,0.0,37.3,372.17,199.4,63.6,66.0,57.1
2022-03-10 00:00:00,10:34:13,5,37.9,0.0,48.8,72.0,4260.0,4260.21,0.0,-1.3,0.0,37.3,372.16,199.4,63.5,66.1,57.0
2022-03-10 00:00:00,10:35:13,5,37.8,0.0,48.8,72.0,4260.0,4260.06,0.0,-1.3,0.0,37.3,372.17,199.4,63.6,65.9,57.0
2022-03-10 00:00:00,10:36:13,5,37.8,0.0,48.8,72.0,4260.0,4259.18,0.0,-1.3,0.0,37.3,372.16,199.4,63.4,66.0,57.1
2022-03-10 00:00:00,10:37:13,5,37.6,0.0,48.8,72.0,4260.0,4259.5,0.0,-1.3,0.0,37.3,372.17,199.4,63.3,66.0,57.0
2022-03-10 00:00:00,10:38:13,5,37.6,0.0,48.8,72.0,4260.0,4260.49,0.0,-1.3,0.0,37.3,372.17,199.4,63.4,65.9,57.0
2022-03-10 00:00:00,10:39:13,5,37.6,0.0,48.8,72.0,4260.0,4259.89,0.0,-1.2,0.0,37.3,372.17,199.4,63.3,65.9,57.1
2022-03-10 00:00:00,10:40:13,5,37.6,0.0,48.8,72.0,4260.0,4260.49,0.0,-1.2,0.0,37.3,372.17,199.4,63.3,65.8,57.1
2022-03-10 00:00:00,10:41:13,5,37.3,0.0,48.8,72.0,4260.0,4260.14,0.0,-1.3,0.0,37.3,372.17,199.4,63.3,65.8,56.9
2022-03-10 00:00:00,10:42:13,5,37.5,0.0,48.8,72.0,4260.0,4259.39,0.0,-1.2,0.0,37.3,372.17,199.4,63.3,65.7,56.8
2022-03-10 00:00:00,10:43:13,5,37.3,0.0,48.8,72.0,4260.0,4259.43,0.0,-1.2,0.0,37.3,372.17,199.4,63.1,65.6,56.8
2022-03-10 00:00:00,10:44:13,5,37.3,0.0,48.8,72.0,4260.0,4260.21,0.0,-1.2,0.0,37.3,372.17,199.4,63.2,65.7,57.1
2022-03-10 00:00:00,10:45:13,5,37.4,0.0,48.8,72.0,4260.0,4260.31,0.0,-1.3,0.0,37.3,372.17,199.4,63.1,65.8,57.1
2022-03-10 00:00:00,10:46:13,5,37.6,0.0,48.8,72.0,4260.0,4260.14,0.0,-1.3,0.0,37.3,372.17,199.4,63.3,65.8,57.1
2022-03-10 00:00:00,10:47:13,5,38.1,0.0,48.8,72.0,4260.0,4259.92,0.0,-1.3,0.0,37.3,372.17,199.4,63.5,65.9,57.2
2022-03-10 00:00:00,10:48:13,5,38.2,0.0,48.8,72.0,4260.0,4259.43,0.0,-1.3,0.0,37.3,372.16,199.4,63.5,65.9,57.0
2022-03-10 00:00:00,10:49:13,5,38.3,0.0,48.8,72.0,4260.0,4259.32,0.0,-1.2,0.0,37.3,372.16,199.4,63.5,65.8,56.9
2022-03-10 00:00:00,10:50:13,5,38.4,0.0,48.8,72.0,4260.0,4260.35,0.0,-1.2,0.0,37.3,372.16,199.4,63.6,65.9,56.9
2022-03-10 00:00:00,10:51:13,5,38.4,0.0,48.8,72.0,4260.0,4260.21,0.0,-1.2,0.0,37.3,372.17,199.4,63.7,65.9,56.8
2022-03-10 00:00:00,10:52:13,5,38.4,0.0,48.8,72.0,4260.0,4260.14,0.0,-1.2,0.0,37.3,372.16,199.4,63.7,66.0,56.9
2022-03-10 00:00:00,10:53:13,5,38.5,0.0,48.8,72.0,4260.0,4259.82,0.0,-1.2,0.0,37.3,372.16,199.4,63.8,66.0,56.8
2022-03-10 00:00:00,10:54:13,5,38.6,0.0,48.8,72.0,4260.0,4259.46,0.0,-1.3,0.0,37.3,372.16,199.4,63.9,65.9,56.7
2022-03-10 00:00:00,10:55:13,5,38.7,0.0,48.8,72.0,4260.0,4259.57,0.0,-1.3,0.0,37.3,372.16,199.4,63.9,66.0,56.7
2022-03-10 00:00:00,10:56:13,5,38.8,0.0,48.8,72.0,4260.0,4259.96,0.0,-1.3,0.0,37.3,372.16,199.4,64.0,66.1,56.8
2022-03-10 00:00:00,10:57:13,5,38.9,0.0,48.8,72.0,4260.0,4260.17,0.0,-1.3,0.0,37.3,372.16,199.4,64.0,66.1,56.7
2022-03-10 00:00:00,10:58:13,5,38.8,0.0,48.8,72.0,4260.0,4260.31,0.0,-1.3,0.0,37.3,372.16,199.4,64.0,66.2,56.9
2022-03-10 00:00:00,10:59:13,5,38.9,0.0,48.8,72.0,4260.0,4260.1,0.0,-1.3,0.0,37.3,372.15,199.4,64.0,66.2,56.9
2022-03-10 00:00:00,11:00:13,5,38.8,0.0,48.8,72.0,4260.0,4259.22,0.0,-1.3,0.0,37.3,372.15,199.4,63.9,66.1,56.7
2022-03-10 00:00:00,11:01:13,5,38.8,0.0,48.8,72.0,4260.0,4259.43,0.0,-1.3,0.0,37.3,372.15,199.4,63.8,66.3,56.8
2022-03-10 00:00:00,11:02:13,5,38.6,0.0,48.8,72.0,4260.0,4260.03,0.0,-1.3,0.0,37.3,372.15,199.4,63.7,66.3,56.8
2022-03-10 00:00:00,11:03:13,5,38.4,0.0,48.8,72.0,4260.0,4259.64,0.0,-1.2,0.0,37.3,372.16,199.4,63.7,66.2,56.9
2022-03-10 00:00:00,11:04:13,5,38.3,0.0,48.8,72.0,4260.0,4260.35,0.0,-1.2,0.0,37.3,372.15,199.4,63.8,66.2,56.9
2022-03-10 00:00:00,11:05:13,5,38.2,0.0,48.8,72.0,4260.0,4260.21,0.0,-1.2,0.0,37.3,372.15,199.4,63.7,66.0,56.9
2022-03-10 00:00:00,11:06:13,5,38.0,0.0,48.8,72.0,4260.0,4259.39,0.0,-1.2,0.0,37.3,372.16,199.4,63.6,66.1,57.0
2022-03-10 00:00:00,11:07:13,5,37.9,0.0,48.8,72.0,4260.0,4259.25,0.0,-1.3,0.0,37.3,372.15,199.4,63.5,66.1,56.9
2022-03-10 00:00:00,11:08:13,5,37.8,0.0,48.8,72.0,4260.0,4259.57,0.0,-1.3,0.0,37.3,372.15,199.4,63.4,66.0,57.0
2022-03-10 00:00:00,11:09:13,5,37.7,0.0,48.8,72.0,4260.0,4259.89,0.0,-1.3,0.0,37.3,372.15,199.4,63.5,65.9,57.0
2022-03-10 00:00:00,11:10:13,5,37.6,0.0,48.8,72.0,4260.0,4259.99,0.0,-1.3,0.0,37.3,372.15,199.4,63.4,65.9,57.0
2022-03-10 00:00:00,11:11:13,5,37.4,0.0,48.8,72.0,4260.0,4260.45,0.0,-1.3,0.0,37.3,372.15,199.4,63.4,65.8,57.1
2022-03-10 00:00:00,11:12:13,5,37.5,0.0,48.8,72.0,4260.0,4259.75,0.0,-1.3,0.0,37.3,372.15,199.4,63.3,66.0,56.9
2022-03-10 00:00:00,11:13:13,5,37.2,0.0,48.8,72.0,4260.0,4259.04,0.0,-1.3,0.0,37.3,372.15,199.4,63.3,65.9,57.0
2022-03-10 00:00:00,11:14:13,5,37.4,0.0,48.8,72.0,4260.0,4259.6,0.0,-1.3,0.0,37.3,372.15,199.4,63.2,65.9,57.0
2022-03-10 00:00:00,11:15:13,5,37.3,0.0,48.8,72.0,4260.0,4259.85,0.0,-1.3,0.0,37.3,372.15,199.4,63.2,65.7,56.9
2022-03-10 00:00:00,11:16:13,5,37.3,0.0,48.8,72.0,4260.0,4259.82,0.0,-1.3,0.0,37.3,372.16,199.4,63.1,65.8,56.9
2022-03-10 00:00:00,11:17:13,5,37.3,0.0,48.8,72.0,4260.0,4260.24,0.0,-1.3,0.0,37.3,372.15,199.4,63.3,65.8,57.2
2022-03-10 00:00:00,11:18:13,5,37.9,0.0,48.8,72.0,4260.0,4260.14,0.0,-1.2,0.0,37.3,372.15,199.4,63.3,65.9,57.2
2022-03-10 00:00:00,11:19:13,5,38.1,0.0,48.8,72.0,4260.0,4259.5,0.0,-1.2,0.0,37.3,372.15,199.4,63.5,66.0,57.3
2022-03-10 00:00:00,11:20:13,5,38.2,0.0,48.8,72.0,4260.0,4259.25,0.0,-1.2,0.0,37.3,372.15,199.4,63.6,65.8,57.1
2022-03-10 00:00:00,11:21:13,5,38.4,0.0,48.8,72.0,4260.0,4259.68,0.0,-1.2,0.0,37.3,372.15,199.4,63.7,65.9,57.1
2022-03-10 00:00:00,11:22:13,5,38.4,0.0,48.8,72.0,4260.0,4260.17,0.0,-1.2,0.0,37.3,372.15,199.4,63.6,66.0,56.9
2022-03-10 00:00:00,11:23:13,5,38.5,0.0,48.8,72.0,4260.0,4260.14,0.0,-1.2,0.0,37.3,372.15,199.4,63.8,65.9,56.8
2022-03-10 00:00:00,11:24:13,5,38.6,0.0,48.8,72.0,4260.0,4260.28,0.0,-1.2,0.0,37.3,372.15,199.4,63.8,66.0,56.8
2022-03-10 00:00:00,11:25:13,5,38.7,0.0,48.8,72.0,4260.0,4259.82,0.0,-1.3,0.0,37.3,372.15,199.4,63.8,66.1,56.8
2022-03-10 00:00:00,11:26:13,5,38.8,0.0,48.8,72.0,4260.0,4259.29,0.0,-1.3,0.0,37.3,372.15,199.4,63.8,66.1,56.8
2022-03-10 00:00:00,11:27:13,5,38.8,0.0,48.8,72.0,4260.0,4259.53,0.0,-1.2,0.0,37.3,372.15,199.4,64.0,66.1,56.7
2022-03-10 00:00:00,11:28:13,5,38.8,0.0,48.8,72.0,4260.0,4259.64,0.0,-1.2,0.0,37.3,372.15,199.4,63.9,66.1,56.8
2022-03-10 00:00:00,11:29:13,5,38.9,0.0,48.8,72.0,4260.0,4259.99,0.0,-1.2,0.0,37.3,372.15,199.4,64.0,66.3,56.9
2022-03-10 00:00:00,11:30:13,5,38.9,0.0,48.8,72.0,4260.0,4260.38,0.0,-1.3,0.0,37.3,372.15,199.4,64.0,66.3,56.8
2022-03-10 00:00:00,11:31:13,5,38.9,0.0,48.8,72.0,4260.0,4260.21,0.0,-1.2,0.0,37.3,372.14,199.4,64.0,66.4,56.9
2022-03-10 00:00:00,11:32:13,5,38.8,0.0,48.8,72.0,4260.0,4259.78,0.0,-1.3,0.0,37.3,372.14,199.4,64.0,66.2,56.7
2022-03-10 00:00:00,11:33:13,5,38.7,0.0,48.8,72.0,4260.0,4259.32,0.0,-1.3,0.0,37.3,372.14,199.4,63.8,66.1,56.8
2022-03-10 00:00:00,11:34:13,5,38.6,0.0,48.8,72.0,4260.0,4259.46,0.0,-1.3,0.0,37.3,372.14,199.4,63.8,66.2,56.8
2022-03-10 00:00:00,11:35:13,5,38.4,0.0,48.8,72.0,4260.0,4259.39,0.0,-1.3,0.0,37.3,372.14,199.4,63.8,66.2,56.9
2022-03-10 00:00:00,11:36:13,5,38.3,0.0,48.8,72.0,4260.0,4260.31,0.0,-1.2,0.0,37.3,372.14,199.4,63.5,66.2,57.1
2022-03-10 00:00:00,11:37:13,5,38.1,0.0,48.8,72.0,4260.0,4260.24,0.0,-1.2,0.0,37.3,372.15,199.4,63.6,66.0,56.9
2022-03-10 00:00:00,11:38:13,5,37.9,0.0,48.8,72.0,4260.0,4260.24,0.0,-1.2,0.0,37.3,372.14,199.4,63.6,66.2,57.0
2022-03-10 00:00:00,11:39:13,5,37.9,0.0,48.8,72.0,4260.0,4260.38,0.0,-1.2,0.0,37.3,372.14,199.4,63.5,66.1,57.2
2022-03-10 00:00:00,11:40:13,5,37.8,0.0,48.8,72.0,4260.0,4259.43,0.0,-1.3,0.0,37.3,372.14,199.4,63.5,65.9,56.9
2022-03-10 00:00:00,11:41:13,5,37.7,0.0,48.8,72.0,4260.0,4259.25,0.0,-1.3,0.0,37.3,372.14,199.4,63.3,66.0,57.2
2022-03-10 00:00:00,11:42:13,5,37.6,0.0,48.8,72.0,4260.0,4259.75,0.0,-1.3,0.0,37.3,372.14,199.4,63.4,66.1,57.0
2022-03-10 00:00:00,11:43:13,5,37.5,0.0,48.8,72.0,4260.0,4260.35,0.0,-1.3,0.0,37.3,372.14,199.4,63.4,65.9,57.0
2022-03-10 00:00:00,11:44:13,5,37.5,0.0,48.8,72.0,4260.0,4259.96,0.0,-1.2,0.0,37.3,372.14,199.4,63.3,66.0,56.9
2022-03-10 00:00:00,11:45:13,5,37.4,0.0,48.8,72.0,4260.0,4260.31,0.0,-1.3,0.0,37.3,372.14,199.4,63.3,65.9,56.9
2022-03-10 00:00:00,11:46:13,5,37.3,0.0,48.8,72.0,4260.0,4260.42,0.0,-1.3,0.0,37.3,372.14,199.4,63.2,65.9,56.9
2022-03-10 00:00:00,11:47:13,5,37.3,0.0,48.8,72.0,4260.0,4259.53,0.0,-1.3,0.0,37.3,372.14,199.4,63.3,65.7,57.0
2022-03-10 00:00:00,11:48:13,5,37.3,0.0,48.8,72.0,4260.0,4259.0,0.0,-1.3,0.0,37.3,372.14,199.4,63.1,65.9,57.1
2022-03-10 00:00:00,11:49:13,5,37.5,0.0,48.8,72.0,4260.0,4259.6,0.0,-1.2,0.0,37.3,372.14,199.4,63.4,65.9,57.2
2022-03-10 00:00:00,11:50:13,5,37.9,0.0,48.8,72.0,4260.0,4260.1,0.0,-1.2,0.0,37.3,372.14,199.4,63.5,65.9,57.2
2022-03-10 00:00:00,11:51:13,5,38.2,0.0,48.8,72.0,4260.0,4259.99,0.0,-1.2,0.0,37.3,372.14,199.4,63.5,66.0,57.1
2022-03-10 00:00:00,11:52:13,5,38.3,0.0,48.8,72.0,4260.0,4260.31,0.0,-1.3,0.0,37.3,372.15,199.4,63.6,66.0,57.1
2022-03-10 00:00:00,11:53:13,5,38.4,0.0,48.8,72.0,4260.0,4260.28,0.0,-1.2,0.0,37.3,372.14,199.4,63.7,66.0,57.0
2022-03-10 00:00:00,11:54:13,5,38.4,0.0,48.8,72.0,4260.0,4259.68,0.0,-1.3,0.0,37.3,372.14,199.4,63.7,66.0,56.8
2022-03-10 00:00:00,11:55:13,5,38.5,0.0,48.8,72.0,4260.0,4258.97,0.0,-1.2,0.0,37.3,372.13,199.4,63.8,66.0,56.8
2022-03-10 00:00:00,11:56:13,5,38.6,0.0,48.8,72.0,4260.0,4259.57,0.0,-1.2,0.0,37.3,372.13,199.4,63.8,66.1,56.9
2022-03-10 00:00:00,11:57:13,5,38.7,0.0,48.8,72.0,4260.0,4260.17,0.0,-1.2,0.0,37.3,372.12,199.4,63.8,66.2,56.8
2022-03-10 00:00:00,11:58:13,5,38.8,0.0,48.8,72.0,4260.0,4259.78,0.0,-1.2,0.0,37.3,372.13,199.4,63.9,66.2,56.9
2022-03-10 00:00:00,11:59:13,5,38.8,0.0,48.8,72.0,4260.0,4260.06,0.0,-1.2,0.0,37.3,372.12,199.4,64.0,66.0,56.8
2022-03-10 00:00:00,12:00:13,5,38.9,0.0,48.8,72.0,4260.0,4260.38,0.0,-1.2,0.0,37.3,372.13,199.4,63.9,66.3,56.8
2022-03-10 00:00:00,12:01:13,5,38.9,0.0,48.8,72.0,4260.0,4260.03,0.0,-1.2,0.0,37.3,372.14,199.4,64.1,66.2,56.8
2022-03-10 00:00:00,12:02:13,5,38.9,0.0,48.8,72.0,4260.0,4259.22,0.0,-1.2,0.0,37.3,372.12,199.4,64.1,66.4,56.8
2022-03-10 00:00:00,12:03:13,5,38.9,0.0,48.8,72.0,4260.0,4259.36,0.0,-1.3,0.0,37.3,372.13,199.4,64.0,66.2,57.0
2022-03-10 00:00:00,12:04:13,5,38.7,0.0,48.8,72.0,4260.0,4259.5,0.0,-1.2,0.0,37.3,372.13,199.4,64.0,66.1,56.9
2022-03-10 00:00:00,12:05:13,5,38.7,0.0,48.8,72.0,4260.0,4260.28,0.0,-1.3,0.0,37.3,372.13,199.4,63.8,66.3,57.0
2022-03-10 00:00:00,12:06:13,5,38.5,0.0,48.8,72.0,4260.0,4260.21,0.0,-1.3,0.0,37.3,372.13,199.4,63.8,66.2,57.0
2022-03-10 00:00:00,12:07:13,5,38.3,0.0,48.8,72.0,4260.0,4260.35,0.0,-1.3,0.0,37.3,372.12,199.4,63.7,66.2,56.9
2022-03-10 00:00:00,12:08:13,5,38.2,0.0,48.8,72.0,4260.0,4260.14,0.0,-1.3,0.0,37.3,372.13,199.4,63.7,66.2,57.1
2022-03-10 00:00:00,12:09:13,5,38.2,0.0,48.8,72.0,4260.0,4260.35,0.0,-1.2,0.0,37.3,372.12,199.4,63.6,66.1,57.0
2022-03-10 00:00:00,12:10:13,6,38.0,0.0,48.8,72.0,4260.0,4259.46,0.0,-1.2,0.0,37.3,372.12,199.4,63.5,66.2,57.2
2022-03-10 00:00:00,12:10:25,6,37.9,0.0,48.5,72.0,4615.0,4619.59,0.0,-1.2,0.0,40.2,372.46,199.4,63.5,66.4,57.2
2022-03-10 00:00:00,12:11:25,6,37.8,0.0,48.5,72.0,4615.0,4614.53,0.0,-1.2,0.0,40.2,372.49,199.4,63.8,66.3,57.4
2022-03-10 00:00:00,12:12:25,6,37.8,0.0,48.5,72.0,4615.0,4615.23,0.0,-1.2,0.0,40.1,372.49,199.4,63.8,66.4,57.7
2022-03-10 00:00:00,12:13:25,6,37.7,0.0,48.5,72.0,4615.0,4614.24,0.0,-1.3,0.0,40.2,372.49,199.4,64.0,66.3,57.8
2022-03-10 00:00:00,12:14:25,6,37.5,0.0,48.5,72.0,4615.0,4615.06,0.0,-1.3,0.0,40.1,372.48,199.4,64.2,66.3,57.8
2022-03-10 00:00:00,12:15:25,6,37.6,0.0,48.5,72.0,4615.0,4614.88,0.0,-1.3,0.0,40.1,372.48,199.4,64.0,66.4,57.8
2022-03-10 00:00:00,12:16:25,6,37.6,0.0,48.5,72.0,4615.0,4615.02,0.0,-1.3,0.0,40.1,372.46,199.4,64.1,66.3,57.8
2022-03-10 00:00:00,12:17:25,6,37.4,0.0,48.5,72.0,4615.0,4615.06,0.0,-1.3,0.0,40.1,372.46,199.4,64.0,66.4,58.0
2022-03-10 00:00:00,12:18:25,6,37.5,0.0,48.5,72.0,4615.0,4615.27,0.0,-1.2,0.0,40.1,372.45,199.4,64.1,66.3,57.9
2022-03-10 00:00:00,12:19:25,6,37.4,0.0,48.5,72.0,4615.0,4615.27,0.0,-1.2,0.0,40.0,372.45,199.4,64.2,66.1,58.0
2022-03-10 00:00:00,12:20:25,6,37.4,0.0,48.5,72.0,4615.0,4614.24,0.0,-1.3,0.0,40.0,372.45,199.4,64.1,66.2,58.0
2022-03-10 00:00:00,12:21:25,6,37.3,0.0,48.5,72.0,4615.0,4615.41,0.0,-1.3,0.0,40.0,372.45,199.4,64.1,66.3,58.2
2022-03-10 00:00:00,12:22:25,6,37.3,0.0,48.5,72.0,4615.0,4614.42,0.0,-1.3,0.0,40.0,372.43,199.4,64.3,66.4,58.3
2022-03-10 00:00:00,12:23:25,6,37.7,0.0,48.5,72.0,4615.0,4614.84,0.0,-1.2,0.0,40.0,372.43,199.4,64.4,66.4,58.2
2022-03-10 00:00:00,12:24:25,6,38.1,0.0,48.5,72.0,4615.0,4614.46,0.0,-1.2,0.0,40.0,372.42,199.4,64.6,66.5,58.3
2022-03-10 00:00:00,12:25:25,6,38.3,0.0,48.5,72.0,4615.0,4615.45,0.0,-1.2,0.0,39.9,372.42,199.4,64.7,66.4,58.3
2022-03-10 00:00:00,12:26:25,6,38.3,0.0,48.5,72.0,4615.0,4614.95,0.0,-1.3,0.0,39.9,372.42,199.4,64.7,66.6,58.2
2022-03-10 00:00:00,12:27:25,6,38.4,0.0,48.5,72.0,4615.0,4614.88,0.0,-1.3,0.0,39.9,372.41,199.4,64.9,66.5,58.0
2022-03-10 00:00:00,12:28:25,6,38.5,0.0,48.5,72.0,4615.0,4615.48,0.0,-1.3,0.0,39.8,372.41,199.4,64.9,66.7,57.9
2022-03-10 00:00:00,12:29:25,6,38.6,0.0,48.5,72.0,4615.0,4614.0,0.0,-1.3,0.0,39.8,372.41,199.4,64.9,66.7,58.1
2022-03-10 00:00:00,12:30:25,6,38.7,0.0,48.5,72.0,4615.0,4614.67,0.0,-1.2,0.0,39.8,372.4,199.4,65.1,66.6,58.1
2022-03-10 00:00:00,12:31:25,6,38.8,0.0,48.5,72.0,4615.0,4615.52,0.0,-1.2,0.0,39.8,372.39,199.4,65.0,67.0,58.0
2022-03-10 00:00:00,12:32:25,6,38.8,0.0,48.5,72.0,4615.0,4614.46,0.0,-1.2,0.0,39.8,372.39,199.4,65.1,67.0,58.0
2022-03-10 00:00:00,12:33:25,6,38.9,0.0,48.5,72.0,4615.0,4615.16,0.0,-1.3,0.0,39.8,372.4,199.4,65.2,67.1,58.1
2022-03-10 00:00:00,12:34:25,6,38.9,0.0,48.5,72.0,4615.0,4614.56,0.0,-1.2,0.0,39.7,372.38,199.4,65.2,67.1,58.2
2022-03-10 00:00:00,12:35:25,6,38.9,0.0,48.5,72.0,4615.0,4615.3,0.0,-1.2,0.0,39.8,372.38,199.4,65.2,67.1,58.1
2022-03-10 00:00:00,12:36:25,6,38.9,0.0,48.5,72.0,4615.0,4615.23,0.0,-1.2,0.0,39.8,372.37,199.4,65.3,67.1,58.2
2022-03-10 00:00:00,12:37:25,6,38.8,0.0,48.5,72.0,4615.0,4614.56,0.0,-1.2,0.0,39.7,372.37,199.4,65.3,67.1,57.9
2022-03-10 00:00:00,12:38:25,6,38.7,0.0,48.5,72.0,4615.0,4615.2,0.0,-1.2,0.0,39.7,372.37,199.4,65.1,67.1,58.2
2022-03-10 00:00:00,12:39:25,6,38.5,0.0,48.5,72.0,4615.0,4614.74,0.0,-1.3,0.0,39.8,372.37,199.4,65.1,67.0,58.2
2022-03-10 00:00:00,12:40:25,6,38.4,0.0,48.5,72.0,4615.0,4614.56,0.0,-1.3,0.0,39.7,372.36,199.4,65.0,67.1,58.4
2022-03-10 00:00:00,12:41:25,6,38.3,0.0,48.5,72.0,4615.0,4615.41,0.0,-1.2,0.0,39.7,372.36,199.4,65.0,67.1,58.3
2022-03-10 00:00:00,12:42:25,6,38.2,0.0,48.5,72.0,4615.0,4614.38,0.0,-1.2,0.0,39.7,372.36,199.4,64.9,67.1,58.5
2022-03-10 00:00:00,12:43:25,6,38.0,0.0,48.5,72.0,4615.0,4615.16,0.0,-1.2,0.0,39.7,372.35,199.4,64.9,67.1,58.4
2022-03-10 00:00:00,12:44:25,6,37.9,0.0,48.5,72.0,4615.0,4615.38,0.0,-1.2,0.0,39.7,372.35,199.4,64.8,67.1,58.4
2022-03-10 00:00:00,12:45:25,6,37.9,0.0,48.5,72.0,4615.0,4614.17,0.0,-1.2,0.0,39.7,372.35,199.4,64.8,67.0,58.4
2022-03-10 00:00:00,12:46:25,6,37.7,0.0,48.5,72.0,4615.0,4615.09,0.0,-1.2,0.0,39.7,372.35,199.4,64.7,67.1,58.4
2022-03-10 00:00:00,12:47:25,6,37.7,0.0,48.5,72.0,4615.0,4615.23,0.0,-1.3,0.0,39.7,372.35,199.4,64.8,66.8,58.5
2022-03-10 00:00:00,12:48:25,6,37.6,0.0,48.5,72.0,4615.0,4614.28,0.0,-1.2,0.0,39.7,372.35,199.4,64.8,66.9,58.5
2022-03-10 00:00:00,12:49:25,6,37.6,0.0,48.5,72.0,4615.0,4615.23,0.0,-1.3,0.0,39.7,372.35,199.4,64.7,66.9,58.6
2022-03-10 00:00:00,12:50:25,6,37.4,0.0,48.5,72.0,4615.0,4615.02,0.0,-1.3,0.0,39.7,372.34,199.4,64.8,66.7,58.4
2022-03-10 00:00:00,12:51:25,6,37.4,0.0,48.5,72.0,4615.0,4614.53,0.0,-1.3,0.0,39.7,372.33,199.4,64.7,66.6,58.4
2022-03-10 00:00:00,12:52:25,6,37.4,0.0,48.5,72.0,4615.0,4615.02,0.0,-1.3,0.0,39.7,372.33,199.4,64.7,66.8,58.3
2022-03-10 00:00:00,12:53:25,6,37.4,0.0,48.5,72.0,4615.0,4615.09,0.0,-1.3,0.0,39.7,372.34,199.4,64.5,66.9,58.4
2022-03-10 00:00:00,12:54:25,6,37.3,0.0,48.5,72.0,4615.0,4614.24,0.0,-1.3,0.0,39.7,372.33,199.4,64.7,66.9,58.4
2022-03-10 00:00:00,12:55:25,6,37.4,0.0,48.5,72.0,4615.0,4615.09,0.0,-1.2,0.0,39.7,372.33,199.4,64.6,66.7,58.6
2022-03-10 00:00:00,12:56:25,6,37.4,0.0,48.5,72.0,4615.0,4615.13,0.0,-1.2,0.0,39.7,372.33,199.4,64.8,66.9,58.5
2022-03-10 00:00:00,12:57:25,6,38.0,0.0,48.5,72.0,4615.0,4614.31,0.0,-1.2,0.0,39.7,372.32,199.4,65.0,67.1,58.6
2022-03-10 00:00:00,12:58:25,6,38.2,0.0,48.5,72.0,4615.0,4614.99,0.0,-1.2,0.0,39.7,372.32,199.4,65.0,67.0,58.7
2022-03-10 00:00:00,12:59:25,6,38.4,0.0,48.5,72.0,4615.0,4615.06,0.0,-1.3,0.0,39.7,372.32,199.4,65.0,67.1,58.5
2022-03-10 00:00:00,13:00:25,6,38.4,0.0,48.5,72.0,4615.0,4614.17,0.0,-1.3,0.0,39.7,372.32,199.4,65.2,67.0,58.4
2022-03-10 00:00:00,13:01:25,6,38.5,0.0,48.5,72.0,4615.0,4615.23,0.0,-1.2,0.0,39.7,372.32,199.4,65.2,67.2,58.4
2022-03-10 00:00:00,13:02:25,6,38.6,0.0,48.5,72.0,4615.0,4615.13,0.0,-1.2,0.0,39.7,372.32,199.4,65.3,67.3,58.4
2022-03-10 00:00:00,13:03:25,6,38.7,0.0,48.5,72.0,4615.0,4614.14,0.0,-1.2,0.0,39.7,372.31,199.4,65.4,67.3,58.3
2022-03-10 00:00:00,13:04:25,6,38.8,0.0,48.5,72.0,4615.0,4615.16,0.0,-1.2,0.0,39.7,372.31,199.4,65.4,67.2,58.2
2022-03-10 00:00:00,13:05:25,6,38.9,0.0,48.5,72.0,4615.0,4615.06,0.0,-1.2,0.0,39.7,372.32,199.4,65.5,67.3,58.3
2022-03-10 00:00:00,13:06:25,6,38.9,0.0,48.5,72.0,4615.0,4614.28,0.0,-1.2,0.0,39.7,372.3,199.4,65.5,67.3,58.3
2022-03-10 00:00:00,13:07:25,6,38.9,0.0,48.5,72.0,4615.0,4614.46,0.0,-1.2,0.0,39.7,372.31,199.4,65.5,67.4,58.4
2022-03-10 00:00:00,13:08:25,6,38.9,0.0,48.5,72.0,4615.0,4614.88,0.0,-1.2,0.0,39.6,372.31,199.4,65.5,67.4,58.3
2022-03-10 00:00:00,13:09:25,6,38.9,0.0,48.5,72.0,4615.0,4614.56,0.0,-1.2,0.0,39.6,372.29,199.4,65.7,67.4,58.3
2022-03-10 00:00:00,13:10:25,6,38.8,0.0,48.5,72.0,4615.0,4614.31,0.0,-1.2,0.0,39.7,372.3,199.4,65.5,67.5,58.3
2022-03-10 00:00:00,13:11:25,6,38.7,0.0,48.5,72.0,4615.0,4615.09,0.0,-1.2,0.0,39.6,372.29,199.4,65.4,67.4,58.4
2022-03-10 00:00:00,13:12:25,6,38.6,0.0,48.5,72.0,4615.0,4615.16,0.0,-1.2,0.0,39.6,372.3,199.4,65.4,67.4,58.5
2022-03-10 00:00:00,13:13:25,6,38.5,0.0,48.5,72.0,4615.0,4614.35,0.0,-1.3,0.0,39.6,372.29,199.4,65.3,67.3,58.4
2022-03-10 00:00:00,13:14:25,6,38.3,0.0,48.5,72.0,4615.0,4614.95,0.0,-1.3,0.0,39.7,372.28,199.4,65.3,67.3,58.5
2022-03-10 00:00:00,13:15:25,6,38.1,0.0,48.5,72.0,4615.0,4614.84,0.0,-1.2,0.0,39.7,372.29,199.4,65.2,67.3,58.6
2022-03-10 00:00:00,13:16:25,6,38.0,0.0,48.5,72.0,4615.0,4615.16,0.0,-1.3,0.0,39.6,372.28,199.4,65.2,67.3,58.6
2022-03-10 00:00:00,13:17:25,6,37.9,0.0,48.5,72.0,4615.0,4614.6,0.0,-1.3,0.0,39.7,372.29,199.4,65.2,67.3,58.6
2022-03-10 00:00:00,13:18:25,6,37.8,0.0,48.5,72.0,4615.0,4614.74,0.0,-1.2,0.0,39.7,372.28,199.4,65.2,67.2,58.6
2022-03-10 00:00:00,13:19:25,6,37.8,0.0,48.5,72.0,4615.0,4615.13,0.0,-1.2,0.0,39.7,372.29,199.4,65.1,67.2,58.7
2022-03-10 00:00:00,13:20:25,6,37.6,0.0,48.5,72.0,4615.0,4614.42,0.0,-1.2,0.0,39.6,372.29,199.4,65.0,67.1,58.5
2022-03-10 00:00:00,13:21:25,6,37.5,0.0,48.5,72.0,4615.0,4614.81,0.0,-1.2,0.0,39.7,372.28,199.4,64.9,67.3,58.7
2022-03-10 00:00:00,13:22:25,6,37.5,0.0,48.5,72.0,4615.0,4614.99,0.0,-1.2,0.0,39.6,372.29,199.4,65.0,67.1,58.4
2022-03-10 00:00:00,13:23:25,6,37.4,0.0,48.5,72.0,4615.0,4615.16,0.0,-1.2,0.0,39.7,372.26,199.4,64.9,67.1,58.6
2022-03-10 00:00:00,13:24:25,6,37.3,0.0,48.5,72.0,4615.0,4614.28,0.0,-1.2,0.0,39.6,372.28,199.4,64.9,67.1,58.6
2022-03-10 00:00:00,13:25:25,6,37.4,0.0,48.5,72.0,4615.0,4614.92,0.0,-1.2,0.0,39.6,372.29,199.4,64.9,67.1,58.7
2022-03-10 00:00:00,13:26:25,6,37.4,0.0,48.5,72.0,4615.0,4615.16,0.0,-1.2,0.0,39.6,372.28,199.4,64.9,66.9,58.6
2022-03-10 00:00:00,13:27:25,6,37.5,0.0,48.5,72.0,4615.0,4614.28,0.0,-1.2,0.0,39.6,372.28,199.4,65.0,67.1,58.6
2022-03-10 00:00:00,13:28:25,6,37.7,0.0,48.5,72.0,4615.0,4614.49,0.0,-1.2,0.0,39.6,372.28,199.4,65.2,67.1,58.8
2022-03-10 00:00:00,13:29:25,6,38.1,0.0,48.5,72.0,4615.0,4614.99,0.0,-1.3,0.0,39.6,372.27,199.4,65.2,67.3,58.8
2022-03-10 00:00:00,13:30:25,6,38.3,0.0,48.5,72.0,4615.0,4615.3,0.0,-1.3,0.0,39.6,372.27,199.4,65.2,67.2,58.8
2022-03-10 00:00:00,13:31:25,6,38.4,0.0,48.5,72.0,4615.0,4613.85,0.0,-1.3,0.0,39.6,372.28,199.4,65.3,67.2,58.6
2022-03-10 00:00:00,13:32:25,6,38.5,0.0,48.5,72.0,4615.0,4615.02,0.0,-1.2,0.0,39.6,372.27,199.4,65.4,67.3,58.6
2022-03-10 00:00:00,13:33:25,6,38.5,0.0,48.5,72.0,4615.0,4615.16,0.0,-1.3,0.0,39.6,372.25,199.4,65.5,67.3,58.5
2022-03-10 00:00:00,13:34:25,6,38.6,0.0,48.5,72.0,4615.0,4614.99,0.0,-1.2,0.0,39.6,372.26,199.4,65.5,67.3,58.5
2022-03-10 00:00:00,13:35:25,6,38.7,0.0,48.5,72.0,4615.0,4614.17,0.0,-1.2,0.0,39.6,372.27,199.4,65.6,67.4,58.5
2022-03-10 00:00:00,13:36:25,6,38.8,0.0,48.5,72.0,4615.0,4615.3,0.0,-1.2,0.0,39.6,372.26,199.4,65.6,67.4,58.4
2022-03-10 00:00:00,13:37:25,6,38.9,0.0,48.5,72.0,4615.0,4615.2,0.0,-1.2,0.0,39.6,372.27,199.4,65.5,67.6,58.5
2022-03-10 00:00:00,13:38:25,6,39.0,0.0,48.5,72.0,4615.0,4614.95,0.0,-1.3,0.0,39.6,372.25,199.4,65.7,67.5,58.5
2022-03-10 00:00:00,13:39:25,6,38.9,0.0,48.5,72.0,4615.0,4614.38,0.0,-1.2,0.0,39.6,372.25,199.4,65.9,67.5,58.3
2022-03-10 00:00:00,13:40:25,6,38.9,0.0,48.5,72.0,4615.0,4615.41,0.0,-1.2,0.0,39.6,372.25,199.4,65.7,67.7,58.5
2022-03-10 00:00:00,13:41:25,6,38.9,0.0,48.5,72.0,4615.0,4615.13,0.0,-1.2,0.0,39.6,372.24,199.4,65.7,67.6,58.5
2022-03-10 00:00:00,13:42:25,6,38.8,0.0,48.5,72.0,4615.0,4615.38,0.0,-1.2,0.0,39.6,372.25,199.4,65.6,67.5,58.4
2022-03-10 00:00:00,13:43:25,6,38.6,0.0,48.5,72.0,4615.0,4614.38,0.0,-1.2,0.0,39.6,372.25,199.4,65.5,67.5,58.5
2022-03-10 00:00:00,13:44:25,6,38.5,0.0,48.5,72.0,4615.0,4615.16,0.0,-1.2,0.0,39.6,372.25,199.4,65.5,67.6,58.4
2022-03-10 00:00:00,13:45:25,6,38.4,0.0,48.5,72.0,4615.0,4615.16,0.0,-1.2,0.0,39.6,372.23,199.4,65.4,67.5,58.7
2022-03-10 00:00:00,13:46:25,6,38.2,0.0,48.5,72.0,4615.0,4615.23,0.0,-1.3,0.0,39.6,372.25,199.4,65.5,67.5,58.6
2022-03-10 00:00:00,13:47:25,6,38.1,0.0,48.5,72.0,4615.0,4614.17,0.0,-1.3,0.0,39.6,372.24,199.4,65.4,67.6,58.8
2022-03-10 00:00:00,13:48:25,6,37.9,0.0,48.5,72.0,4615.0,4614.88,0.0,-1.3,0.0,39.6,372.23,199.4,65.4,67.4,58.6
2022-03-10 00:00:00,13:49:25,6,38.0,0.0,48.5,72.0,4615.0,4615.09,0.0,-1.3,0.0,39.6,372.24,199.4,65.2,67.5,58.8
2022-03-10 00:00:00,13:50:25,6,37.7,0.0,48.5,72.0,4615.0,4615.23,0.0,-1.3,0.0,39.6,372.24,199.4,65.1,67.4,58.8
2022-03-10 00:00:00,13:51:25,6,37.5,0.0,48.5,72.0,4615.0,4614.0,0.0,-1.2,0.0,39.6,372.24,199.4,65.1,67.2,58.7
2022-03-10 00:00:00,13:52:25,6,37.7,0.0,48.5,72.0,4615.0,4615.13,0.0,-1.2,0.0,39.6,372.24,199.4,65.2,67.3,58.8
2022-03-10 00:00:00,13:53:25,6,37.6,0.0,48.5,72.0,4615.0,4614.77,0.0,-1.2,0.0,39.6,372.24,199.4,65.2,67.2,58.8
2022-03-10 00:00:00,13:54:25,6,37.3,0.0,48.5,72.0,4615.0,4615.06,0.0,-1.2,0.0,39.6,372.24,199.4,64.9,67.4,58.7
2022-03-10 00:00:00,13:55:25,6,37.4,0.0,48.5,72.0,4615.0,4614.07,0.0,-1.2,0.0,39.6,372.23,199.4,65.0,67.2,58.7
2022-03-10 00:00:00,13:56:25,6,37.2,0.0,48.5,72.0,4615.0,4614.84,0.0,-1.2,0.0,39.6,372.24,199.4,64.9,67.2,58.8
2022-03-10 00:00:00,13:57:25,6,37.2,0.0,48.5,72.0,4615.0,4614.88,0.0,-1.2,0.0,39.6,372.23,199.4,64.9,67.2,58.6
2022-03-10 00:00:00,13:58:25,6,37.3,0.0,48.5,72.0,4615.0,4614.92,0.0,-1.3,0.0,39.6,372.23,199.4,65.0,67.1,58.6
2022-03-10 00:00:00,13:59:25,6,37.5,0.0,48.5,72.0,4615.0,4614.7,0.0,-1.3,0.0,39.6,372.24,199.4,65.1,67.2,58.9
2022-03-10 00:00:00,14:00:25,6,37.8,0.0,48.5,72.0,4615.0,4614.35,0.0,-1.2,0.0,39.6,372.22,199.4,65.2,67.3,58.8
2022-03-10 00:00:00,14:01:25,6,38.0,0.0,48.5,72.0,4615.0,4615.13,0.0,-1.3,0.0,39.6,372.23,199.4,65.3,67.4,59.0
2022-03-10 00:00:00,14:02:25,6,38.3,0.0,48.5,72.0,4615.0,4615.52,0.0,-1.2,0.0,39.6,372.23,199.4,65.3,67.4,58.9
2022-03-10 00:00:00,14:03:25,6,38.4,0.0,48.5,72.0,4615.0,4614.99,0.0,-1.3,0.0,39.6,372.22,199.4,65.4,67.4,58.6
2022-03-10 00:00:00,14:04:25,6,38.4,0.0,48.5,72.0,4615.0,4614.21,0.0,-1.2,0.0,39.6,372.23,199.4,65.5,67.3,58.5
2022-03-10 00:00:00,14:05:25,6,38.5,0.0,48.5,72.0,4615.0,4615.13,0.0,-1.2,0.0,39.6,372.23,199.4,65.6,67.4,58.6
2022-03-10 00:00:00,14:06:25,6,38.6,0.0,48.5,72.0,4615.0,4615.27,0.0,-1.3,0.0,39.6,372.22,199.4,65.7,67.3,58.5
2022-03-10 00:00:00,14:07:25,6,38.7,0.0,48.5,72.0,4615.0,4615.09,0.0,-1.3,0.0,39.6,372.22,199.4,65.7,67.5,58.6
2022-03-10 00:00:00,14:08:25,6,38.8,0.0,48.5,72.0,4615.0,4614.7,0.0,-1.3,0.0,39.6,372.22,199.4,65.7,67.6,58.5
2022-03-10 00:00:00,14:09:25,6,38.9,0.0,48.5,72.0,4615.0,4614.67,0.0,-1.2,0.0,39.6,372.22,199.4,65.9,67.6,58.4
2022-03-10 00:00:00,14:10:25,6,38.9,0.0,48.5,72.0,4615.0,4614.84,0.0,-1.2,0.0,39.6,372.22,199.4,65.8,67.5,58.5
2022-03-10 00:00:00,14:11:25,6,39.0,0.0,48.5,72.0,4615.0,4615.3,0.0,-1.2,0.0,39.5,372.22,199.4,65.9,67.7,58.5
2022-03-10 00:00:00,14:12:25,6,38.9,0.0,48.5,72.0,4615.0,4615.45,0.0,-1.2,0.0,39.6,372.21,199.4,65.9,67.7,58.4
2022-03-10 00:00:00,14:13:25,6,38.9,0.0,48.5,72.0,4615.0,4614.35,0.0,-1.3,0.0,39.5,372.22,199.4,65.8,67.8,58.5
2022-03-10 00:00:00,14:14:25,6,38.8,0.0,48.5,72.0,4615.0,4614.67,0.0,-1.3,0.0,39.6,372.22,199.4,65.8,67.6,58.6
2022-03-10 00:00:00,14:15:25,6,38.6,0.0,48.5,72.0,4615.0,4615.13,0.0,-1.3,0.0,39.5,372.21,199.4,65.7,67.6,58.6
2022-03-10 00:00:00,14:16:25,6,38.5,0.0,48.5,72.0,4615.0,4615.2,0.0,-1.2,0.0,39.6,372.2,199.4,65.6,67.6,58.6
2022-03-10 00:00:00,14:17:25,6,38.4,0.0,48.5,72.0,4615.0,4614.67,0.0,-1.2,0.0,39.6,372.21,199.4,65.5,67.7,58.7
2022-03-10 00:00:00,14:18:25,6,38.2,0.0,48.5,72.0,4615.0,4614.28,0.0,-1.2,0.0,39.6,372.21,199.4,65.5,67.7,58.8
2022-03-10 00:00:00,14:19:25,6,38.2,0.0,48.5,72.0,4615.0,4615.06,0.0,-1.2,0.0,39.6,372.2,199.4,65.4,67.6,58.7
2022-03-10 00:00:00,14:20:25,6,38.0,0.0,48.5,72.0,4615.0,4614.84,0.0,-1.2,0.0,39.6,372.21,199.4,65.3,67.6,58.8
2022-03-10 00:00:00,14:21:25,6,38.0,0.0,48.5,72.0,4615.0,4615.34,0.0,-1.2,0.0,39.6,372.2,199.4,65.4,67.5,58.7
2022-03-10 00:00:00,14:22:25,6,37.9,0.0,48.5,72.0,4615.0,4614.84,0.0,-1.3,0.0,39.6,372.2,199.4,65.4,67.4,58.8
2022-03-10 00:00:00,14:23:25,6,37.8,0.0,48.5,72.0,4615.0,4614.31,0.0,-1.3,0.0,39.6,372.19,199.4,65.1,67.4,58.8
2022-03-10 00:00:00,14:24:25,6,37.8,0.0,48.5,72.0,4615.0,4615.2,0.0,-1.3,0.0,39.6,372.2,199.4,65.2,67.5,58.8
2022-03-10 00:00:00,14:25:25,6,37.6,0.0,48.5,72.0,4615.0,4615.23,0.0,-1.3,0.0,39.6,372.21,199.4,65.2,67.4,58.9
2022-03-10 00:00:00,14:26:25,6,37.6,0.0,48.5,72.0,4615.0,4615.34,0.0,-1.3,0.0,39.6,372.2,199.4,65.0,67.4,58.7
2022-03-10 00:00:00,14:27:25,6,37.7,0.0,48.5,72.0,4615.0,4614.88,0.0,-1.2,0.0,39.6,372.2,199.4,65.1,67.4,58.8
2022-03-10 00:00:00,14:28:25,6,37.4,0.0,48.5,72.0,4615.0,4614.38,0.0,-1.3,0.0,39.6,372.19,199.4,65.2,67.3,58.8
2022-03-10 00:00:00,14:29:25,6,37.5,0.0,48.5,72.0,4615.0,4615.06,0.0,-1.3,0.0,39.6,372.19,199.4,65.1,67.3,58.7
2022-03-10 00:00:00,14:30:25,6,37.3,0.0,48.5,72.0,4615.0,4615.2,0.0,-1.3,0.0,39.6,372.19,199.4,64.9,67.3,58.8
2022-03-10 00:00:00,14:31:25,6,37.5,0.0,48.5,72.0,4615.0,4615.38,0.0,-1.3,0.0,39.6,372.19,199.4,65.1,67.3,58.8
2022-03-10 00:00:00,14:32:25,6,37.6,0.0,48.5,72.0,4615.0,4614.99,0.0,-1.2,0.0,39.6,372.2,199.4,65.2,67.4,58.8
2022-03-10 00:00:00,14:33:25,6,38.1,0.0,48.5,72.0,4615.0,4614.24,0.0,-1.2,0.0,39.5,372.19,199.4,65.3,67.4,59.0
2022-03-10 00:00:00,14:34:25,6,38.3,0.0,48.5,72.0,4615.0,4614.99,0.0,-1.2,0.0,39.6,372.19,199.4,65.6,67.4,59.0
2022-03-10 00:00:00,14:35:25,6,38.4,0.0,48.5,72.0,4615.0,4614.99,0.0,-1.3,0.0,39.5,372.19,199.4,65.4,67.5,58.8
2022-03-10 00:00:00,14:36:25,6,38.5,0.0,48.5,72.0,4615.0,4615.27,0.0,-1.2,0.0,39.5,372.19,199.4,65.5,67.4,58.8
2022-03-10 00:00:00,14:37:25,6,38.5,0.0,48.5,72.0,4615.0,4614.88,0.0,-1.2,0.0,39.5,372.19,199.4,65.6,67.5,58.7
2022-03-10 00:00:00,14:38:25,6,38.6,0.0,48.5,72.0,4615.0,4614.42,0.0,-1.3,0.0,39.5,372.19,199.4,65.6,67.6,58.7
2022-03-10 00:00:00,14:39:25,6,38.6,0.0,48.5,72.0,4615.0,4614.74,0.0,-1.3,0.0,39.5,372.19,199.4,65.7,67.5,58.7
2022-03-10 00:00:00,14:40:25,6,38.7,0.0,48.5,72.0,4615.0,4614.74,0.0,-1.3,0.0,39.5,372.19,199.4,65.7,67.6,58.6
2022-03-10 00:00:00,14:41:25,6,38.8,0.0,48.5,72.0,4615.0,4615.48,0.0,-1.2,0.0,39.5,372.19,199.4,65.7,67.7,58.6
2022-03-10 00:00:00,14:42:25,6,38.9,0.0,48.5,72.0,4615.0,4615.52,0.0,-1.2,0.0,39.5,372.19,199.4,65.9,67.6,58.5
2022-03-10 00:00:00,14:43:25,6,38.9,0.0,48.5,72.0,4615.0,4614.24,0.0,-1.2,0.0,39.5,372.19,199.4,66.0,67.7,58.6
2022-03-10 00:00:00,14:44:25,6,39.0,0.0,48.5,72.0,4615.0,4614.31,0.0,-1.2,0.0,39.5,372.18,199.4,65.9,67.8,58.7
2022-03-10 00:00:00,14:45:25,6,38.9,0.0,48.5,72.0,4615.0,4615.41,0.0,-1.3,0.0,39.5,372.18,199.4,65.9,67.7,58.7
2022-03-10 00:00:00,14:46:25,6,38.8,0.0,48.5,72.0,4615.0,4614.81,0.0,-1.3,0.0,39.6,372.18,199.4,65.9,67.7,58.6
2022-03-10 00:00:00,14:47:25,6,38.8,0.0,48.5,72.0,4615.0,4615.23,0.0,-1.3,0.0,39.5,372.18,199.4,65.8,67.8,58.5
2022-03-10 00:00:00,14:48:25,6,38.6,0.0,48.5,72.0,4615.0,4615.16,0.0,-1.3,0.0,39.5,372.17,199.4,65.6,67.8,58.7
2022-03-10 00:00:00,14:49:25,6,38.5,0.0,48.5,72.0,4615.0,4613.96,0.0,-1.2,0.0,39.5,372.17,199.4,65.5,67.8,58.8
2022-03-10 00:00:00,14:50:25,6,38.3,0.0,48.5,72.0,4615.0,4614.38,0.0,-1.3,0.0,39.5,372.18,199.4,65.7,67.7,58.9
2022-03-10 00:00:00,14:51:25,6,38.1,0.0,48.5,72.0,4615.0,4615.3,0.0,-1.2,0.0,39.5,372.17,199.4,65.5,67.7,58.7
2022-03-10 00:00:00,14:52:25,6,38.1,0.0,48.5,72.0,4615.0,4615.06,0.0,-1.2,0.0,39.5,372.16,199.4,65.4,67.7,58.9
2022-03-10 00:00:00,14:53:25,6,38.0,0.0,48.5,72.0,4615.0,4615.02,0.0,-1.3,0.0,39.5,372.17,199.4,65.5,67.7,58.9
2022-03-10 00:00:00,14:54:25,6,37.9,0.0,48.5,72.0,4615.0,4615.13,0.0,-1.3,0.0,39.5,372.17,199.4,65.4,67.7,58.9
2022-03-10 00:00:00,14:55:25,6,37.8,0.0,48.5,72.0,4615.0,4614.24,0.0,-1.3,0.0,39.5,372.17,199.4,65.3,67.6,58.9
2022-03-10 00:00:00,14:56:25,6,37.7,0.0,48.5,72.0,4615.0,4614.14,0.0,-1.3,0.0,39.6,372.16,199.4,65.3,67.6,58.8
2022-03-10 00:00:00,14:57:25,6,37.7,0.0,48.5,72.0,4615.0,4615.45,0.0,-1.3,0.0,39.6,372.17,199.4,65.4,67.5,58.8
2022-03-10 00:00:00,14:58:25,6,37.6,0.0,48.5,72.0,4615.0,4615.13,0.0,-1.3,0.0,39.6,372.17,199.4,65.3,67.5,58.9
2022-03-10 00:00:00,14:59:25,6,37.6,0.0,48.5,72.0,4615.0,4615.13,0.0,-1.2,0.0,39.6,372.16,199.4,65.3,67.4,58.9
2022-03-10 00:00:00,15:00:25,6,37.5,0.0,48.5,72.0,4615.0,4614.99,0.0,-1.3,0.0,39.6,372.16,199.4,65.3,67.4,58.8
2022-03-10 00:00:00,15:01:25,6,37.5,0.0,48.5,72.0,4615.0,4614.38,0.0,-1.3,0.0,39.6,372.17,199.4,65.1,67.4,58.8
2022-03-10 00:00:00,15:02:25,6,37.4,0.0,48.5,72.0,4615.0,4614.38,0.0,-1.3,0.0,39.6,372.17,199.4,65.1,67.3,58.8
2022-03-10 00:00:00,15:03:25,6,37.4,0.0,48.5,72.0,4615.0,4615.09,0.0,-1.3,0.0,39.6,372.16,199.4,65.2,67.3,58.9
2022-03-10 00:00:00,15:04:25,6,37.5,0.0,48.5,72.0,4615.0,4615.27,0.0,-1.3,0.0,39.5,372.17,199.4,65.2,67.4,58.9
2022-03-10 00:00:00,15:05:25,6,37.9,0.0,48.5,72.0,4615.0,4615.06,0.0,-1.3,0.0,39.5,372.17,199.4,65.2,67.5,58.9
2022-03-10 00:00:00,15:06:25,6,38.2,0.0,48.5,72.0,4615.0,4614.67,0.0,-1.2,0.0,39.5,372.16,199.4,65.4,67.6,59.0
2022-03-10 00:00:00,15:07:25,6,38.4,0.0,48.5,72.0,4615.0,4614.49,0.0,-1.2,0.0,39.5,372.16,199.4,65.6,67.4,58.9
2022-03-10 00:00:00,15:08:25,6,38.5,0.0,48.5,72.0,4615.0,4614.46,0.0,-1.2,0.0,39.5,372.16,199.4,65.5,67.5,59.0
2022-03-10 00:00:00,15:09:25,6,38.6,0.0,48.5,72.0,4615.0,4615.55,0.0,-1.3,0.0,39.5,372.16,199.4,65.8,67.5,58.7
2022-03-10 00:00:00,15:10:25,6,38.6,0.0,48.5,72.0,4615.0,4615.3,0.0,-1.3,0.0,39.5,372.16,199.4,65.7,67.6,58.5
2022-03-10 00:00:00,15:11:25,6,38.7,0.0,48.5,72.0,4615.0,4615.48,0.0,-1.3,0.0,39.5,372.15,199.4,65.7,67.6,58.7
2022-03-10 00:00:00,15:12:25,6,38.7,0.0,48.5,72.0,4615.0,4615.02,0.0,-1.3,0.0,39.5,372.16,199.4,65.8,67.7,58.6
2022-03-10 00:00:00,15:13:25,6,38.9,0.0,48.5,72.0,4615.0,4614.67,0.0,-1.3,0.0,39.5,372.15,199.4,65.9,67.7,58.7
2022-03-10 00:00:00,15:14:25,6,38.9,0.0,48.5,72.0,4615.0,4614.35,0.0,-1.3,0.0,39.5,372.15,199.4,65.9,67.7,58.7
2022-03-10 00:00:00,15:15:25,6,39.0,0.0,48.5,72.0,4615.0,4615.06,0.0,-1.3,0.0,39.5,372.15,199.4,66.0,67.7,58.7
2022-03-10 00:00:00,15:16:25,6,39.0,0.0,48.5,72.0,4615.0,4615.16,0.0,-1.3,0.0,39.5,372.15,199.4,66.1,67.8,58.8
2022-03-10 00:00:00,15:17:25,6,39.0,0.0,48.6,72.0,4615.0,4615.41,0.0,-1.3,0.0,39.5,372.15,199.4,66.2,67.9,58.7
2022-03-10 00:00:00,15:18:25,6,39.0,0.0,48.5,72.0,4615.0,4615.27,0.0,-1.3,0.0,39.5,372.15,199.4,66.0,67.9,58.5
2022-03-10 00:00:00,15:19:25,6,38.9,0.0,48.5,72.0,4615.0,4614.7,0.0,-1.2,0.0,39.5,372.14,199.4,65.8,67.9,58.7
2022-03-10 00:00:00,15:20:25,6,38.7,0.0,48.5,72.0,4615.0,4614.49,0.0,-1.2,0.0,39.5,372.14,199.4,65.8,67.8,58.7
2022-03-10 00:00:00,15:21:25,6,38.7,0.0,48.5,72.0,4615.0,4614.46,0.0,-1.2,0.0,39.5,372.15,199.4,65.8,67.9,58.6
2022-03-10 00:00:00,15:22:25,6,38.5,0.0,48.5,72.0,4615.0,4615.27,0.0,-1.2,0.0,39.5,372.15,199.4,65.7,67.8,58.8
2022-03-10 00:00:00,15:23:25,6,38.4,0.0,48.5,72.0,4615.0,4615.06,0.0,-1.2,0.0,39.5,372.15,199.4,65.5,67.9,58.8
2022-03-10 00:00:00,15:24:25,6,38.2,0.0,48.5,72.0,4615.0,4615.2,0.0,-1.3,0.0,39.5,372.14,199.4,65.6,67.8,58.7
2022-03-10 00:00:00,15:25:25,6,38.0,0.0,48.5,72.0,4615.0,4615.23,0.0,-1.3,0.0,39.5,372.15,199.4,65.5,67.8,58.9
2022-03-10 00:00:00,15:26:25,6,37.9,0.0,48.5,72.0,4615.0,4614.63,0.0,-1.3,0.0,39.5,372.15,199.4,65.5,67.9,58.8
2022-03-10 00:00:00,15:27:25,6,38.0,0.0,48.5,72.0,4615.0,4614.17,0.0,-1.3,0.0,39.5,372.14,199.4,65.5,67.7,58.8
2022-03-10 00:00:00,15:28:25,6,37.8,0.0,48.5,72.0,4615.0,4614.42,0.0,-1.3,0.0,39.5,372.14,199.4,65.4,67.7,59.0
2022-03-10 00:00:00,15:29:25,6,37.8,0.0,48.5,72.0,4615.0,4614.99,0.0,-1.2,0.0,39.5,372.14,199.4,65.3,67.6,59.0
2022-03-10 00:00:00,15:30:25,6,37.5,0.0,48.5,72.0,4615.0,4615.34,0.0,-1.2,0.0,39.5,372.13,199.4,65.2,67.7,58.9
2022-03-10 00:00:00,15:31:25,6,37.6,0.0,48.5,72.0,4615.0,4615.06,0.0,-1.2,0.0,39.5,372.13,199.4,65.3,67.5,58.9
2022-03-10 00:00:00,15:32:25,6,37.4,0.0,48.5,72.0,4615.0,4615.34,0.0,-1.2,0.0,39.5,372.14,199.4,65.2,67.5,58.9
2022-03-10 00:00:00,15:33:25,6,37.5,0.0,48.5,72.0,4615.0,4615.41,0.0,-1.2,0.0,39.5,372.14,199.4,65.2,67.5,58.8
2022-03-10 00:00:00,15:34:25,6,37.4,0.0,48.5,72.0,4615.0,4614.21,0.0,-1.2,0.0,39.5,372.13,199.4,65.2,67.5,58.7
2022-03-10 00:00:00,15:35:25,6,37.3,0.0,48.5,72.0,4615.0,4614.03,0.0,-1.2,0.0,39.5,372.14,199.4,65.2,67.4,58.8
2022-03-10 00:00:00,15:36:25,6,37.5,0.0,48.5,72.0,4615.0,4614.84,0.0,-1.2,0.0,39.6,372.14,199.4,65.2,67.4,58.8
2022-03-10 00:00:00,15:37:25,6,37.3,0.0,48.5,72.0,4615.0,4615.13,0.0,-1.2,0.0,39.6,372.14,199.4,65.2,67.6,59.0
2022-03-10 00:00:00,15:38:25,6,37.7,0.0,48.5,72.0,4615.0,4614.84,0.0,-1.3,0.0,39.5,372.13,199.4,65.3,67.6,59.1
2022-03-10 00:00:00,15:39:25,6,38.1,0.0,48.5,72.0,4615.0,4615.16,0.0,-1.3,0.0,39.5,372.13,199.4,65.5,67.5,59.0
2022-03-10 00:00:00,15:40:25,6,38.3,0.0,48.5,72.0,4615.0,4615.41,0.0,-1.3,0.0,39.5,372.13,199.4,65.6,67.5,58.9
2022-03-10 00:00:00,15:41:25,6,38.5,0.0,48.5,72.0,4615.0,4614.28,0.0,-1.3,0.0,39.5,372.13,199.4,65.6,67.6,58.9
2022-03-10 00:00:00,15:42:25,6,38.5,0.0,48.5,72.0,4615.0,4614.07,0.0,-1.2,0.0,39.5,372.13,199.4,65.7,67.6,58.9
2022-03-10 00:00:00,15:43:25,6,38.6,0.0,48.5,72.0,4615.0,4614.7,0.0,-1.3,0.0,39.5,372.13,199.4,65.7,67.7,58.9
2022-03-10 00:00:00,15:44:25,6,38.7,0.0,48.5,72.0,4615.0,4614.92,0.0,-1.3,0.0,39.5,372.13,199.4,65.8,67.7,58.8
2022-03-10 00:00:00,15:45:25,6,38.7,0.0,48.5,72.0,4615.0,4614.74,0.0,-1.3,0.0,39.5,372.12,199.4,65.8,67.8,58.7
2022-03-10 00:00:00,15:46:25,6,38.8,0.0,48.5,72.0,4615.0,4615.48,0.0,-1.2,0.0,39.5,372.12,199.4,66.0,67.7,58.7
2022-03-10 00:00:00,15:47:25,6,39.0,0.0,48.6,72.0,4615.0,4615.34,0.0,-1.2,0.0,39.5,372.12,199.4,65.9,67.8,58.7
2022-03-10 00:00:00,15:48:25,6,39.0,0.0,48.5,72.0,4615.0,4614.77,0.0,-1.2,0.0,39.5,372.12,199.4,65.9,67.9,58.7
2022-03-10 00:00:00,15:49:25,6,39.0,0.0,48.6,72.0,4615.0,4614.46,0.0,-1.2,0.0,39.5,372.12,199.4,66.1,67.9,58.8
2022-03-10 00:00:00,15:50:25,6,39.0,0.0,48.6,72.0,4615.0,4614.31,0.0,-1.2,0.0,39.5,372.12,199.4,66.0,67.9,58.6
2022-03-10 00:00:00,15:51:25,6,39.0,0.0,48.6,72.0,4615.0,4614.35,0.0,-1.3,0.0,39.5,372.12,199.4,66.1,67.9,58.7
2022-03-10 00:00:00,15:52:25,6,38.9,0.0,48.5,72.0,4615.0,4615.13,0.0,-1.2,0.0,39.5,372.12,199.4,65.9,67.9,58.6
2022-03-10 00:00:00,15:53:25,6,38.7,0.0,48.5,72.0,4615.0,4615.45,0.0,-1.2,0.0,39.5,372.12,199.4,65.7,67.9,58.7
2022-03-10 00:00:00,15:54:25,6,38.6,0.0,48.5,72.0,4615.0,4614.92,0.0,-1.2,0.0,39.5,372.12,199.4,65.7,67.9,58.8
2022-03-10 00:00:00,15:55:25,6,38.4,0.0,48.5,72.0,4615.0,4614.99,0.0,-1.2,0.0,39.5,372.12,199.4,65.8,67.8,58.8
2022-03-10 00:00:00,15:56:25,6,38.4,0.0,48.5,72.0,4615.0,4615.45,0.0,-1.3,0.0,39.5,372.11,199.4,65.7,67.9,58.8
2022-03-10 00:00:00,15:57:25,6,38.1,0.0,48.5,72.0,4615.0,4614.38,0.0,-1.3,0.0,39.5,372.11,199.4,65.6,67.9,59.1
2022-03-10 00:00:00,15:58:25,6,38.1,0.0,48.5,72.0,4615.0,4614.14,0.0,-1.3,0.0,39.5,372.12,199.4,65.5,67.8,59.0
2022-03-10 00:00:00,15:59:25,6,38.1,0.0,48.5,72.0,4615.0,4614.31,0.0,-1.2,0.0,39.5,372.12,199.4,65.4,67.8,58.9
2022-03-10 00:00:00,16:00:25,6,37.9,0.0,48.5,72.0,4615.0,4614.7,0.0,-1.2,0.0,39.5,372.12,199.4,65.4,67.9,58.9
2022-03-10 00:00:00,16:01:25,6,37.8,0.0,48.5,72.0,4615.0,4615.2,0.0,-1.2,0.0,39.5,372.11,199.4,65.5,67.6,58.9
2022-03-10 00:00:00,16:02:25,6,37.7,0.0,48.5,72.0,4615.0,4615.45,0.0,-1.2,0.0,39.6,372.11,199.4,65.4,67.6,58.9
2022-03-10 00:00:00,16:03:25,6,37.7,0.0,48.5,72.0,4615.0,4615.41,0.0,-1.3,0.0,39.5,372.11,199.4,65.3,67.7,59.0
2022-03-10 00:00:00,16:04:25,6,37.6,0.0,48.5,72.0,4615.0,4615.34,0.0,-1.3,0.0,39.5,372.12,199.4,65.4,67.6,58.8
2022-03-10 00:00:00,16:05:25,6,37.6,0.0,48.5,72.0,4615.0,4615.48,0.0,-1.3,0.0,39.5,372.11,199.4,65.3,67.5,58.9
2022-03-10 00:00:00,16:06:25,6,37.6,0.0,48.5,72.0,4615.0,4614.7,0.0,-1.3,0.0,39.5,372.12,199.4,65.3,67.6,58.8
2022-03-10 00:00:00,16:07:25,6,37.4,0.0,48.5,72.0,4615.0,4614.14,0.0,-1.3,0.0,39.5,372.11,199.4,65.3,67.5,58.8
2022-03-10 00:00:00,16:08:25,6,37.3,0.0,48.5,72.0,4615.0,4614.24,0.0,-1.3,0.0,39.5,372.11,199.4,65.2,67.5,59.1
2022-03-10 00:00:00,16:09:25,6,37.5,0.0,48.5,72.0,4615.0,4614.77,0.0,-1.2,0.0,39.5,372.12,199.4,65.2,67.5,58.8
2022-03-10 00:00:00,16:10:25,6,37.5,0.0,48.5,72.0,4615.0,4615.06,0.0,-1.2,0.0,39.5,372.11,199.4,65.2,67.5,58.9
2022-03-10 00:00:00,16:11:25,6,37.5,0.0,48.5,72.0,4615.0,4614.92,0.0,-1.2,0.0,39.5,372.1,199.4,65.3,67.5,59.0
2022-03-10 00:00:00,16:12:25,6,37.8,0.0,48.5,72.0,4615.0,4615.23,0.0,-1.2,0.0,39.5,372.12,199.4,65.4,67.6,59.0
2022-03-10 00:00:00,16:13:25,6,38.2,0.0,48.5,72.0,4615.0,4615.38,0.0,-1.3,0.0,39.5,372.12,199.4,65.6,67.7,59.0
2022-03-10 00:00:00,16:14:25,6,38.4,0.0,48.6,72.0,4615.0,4615.09,0.0,-1.3,0.0,39.5,372.1,199.4,65.5,67.6,59.1
2022-03-10 00:00:00,16:15:25,6,38.5,0.0,48.5,72.0,4615.0,4614.92,0.0,-1.3,0.0,39.5,372.11,199.4,65.6,67.6,58.9
2022-03-10 00:00:00,16:16:25,6,38.5,0.0,48.5,72.0,4615.0,4614.07,0.0,-1.2,0.0,39.5,372.1,199.4,65.8,67.6,58.8
2022-03-10 00:00:00,16:17:25,6,38.6,0.0,48.5,72.0,4615.0,4614.17,0.0,-1.3,0.0,39.5,372.1,199.4,65.8,67.6,58.8
2022-03-10 00:00:00,16:18:25,6,38.7,0.0,48.5,72.0,4615.0,4614.38,0.0,-1.2,0.0,39.5,372.1,199.4,65.8,67.8,58.7
2022-03-10 00:00:00,16:19:25,6,38.8,0.0,48.6,72.0,4615.0,4615.06,0.0,-1.3,0.0,39.5,372.1,199.4,65.9,67.8,58.6
2022-03-10 00:00:00,16:20:25,6,38.8,0.0,48.5,72.0,4615.0,4614.81,0.0,-1.2,0.0,39.5,372.11,199.4,65.9,67.8,58.7
2022-03-10 00:00:00,16:21:25,6,38.9,0.0,48.6,72.0,4615.0,4615.09,0.0,-1.2,0.0,39.5,372.1,199.4,66.0,67.8,58.7
2022-03-10 00:00:00,16:22:25,6,38.9,0.0,48.6,72.0,4615.0,4615.52,0.0,-1.3,0.0,39.5,372.09,199.4,66.0,67.9,58.8
2022-03-10 00:00:00,16:23:25,6,39.0,0.0,48.6,72.0,4615.0,4615.41,0.0,-1.3,0.0,39.5,372.09,199.4,66.0,67.8,58.8
2022-03-10 00:00:00,16:24:25,6,39.0,0.0,48.6,72.0,4615.0,4615.41,0.0,-1.3,0.0,39.5,372.09,199.4,66.0,68.0,58.8
2022-03-10 00:00:00,16:25:25,6,39.0,0.0,48.6,72.0,4615.0,4615.02,0.0,-1.3,0.0,39.5,372.09,199.4,66.0,67.9,58.8
2022-03-10 00:00:00,16:26:25,6,38.9,0.0,48.6,72.0,4615.0,4614.1,0.0,-1.2,0.0,39.5,372.09,199.4,65.9,68.0,58.7
2022-03-10 00:00:00,16:27:25,6,38.8,0.0,48.6,72.0,4615.0,4614.1,0.0,-1.3,0.0,39.5,372.09,199.4,65.8,68.0,58.6
2022-03-10 00:00:00,16:28:25,6,38.7,0.0,48.6,72.0,4615.0,4614.14,0.0,-1.2,0.0,39.5,372.09,199.4,66.0,68.0,58.9
2022-03-10 00:00:00,16:29:25,6,38.5,0.0,48.6,72.0,4615.0,4614.84,0.0,-1.2,0.0,39.5,372.09,199.4,65.7,68.0,58.8
2022-03-10 00:00:00,16:30:25,6,38.5,0.0,48.5,72.0,4615.0,4614.74,0.0,-1.3,0.0,39.5,372.09,199.4,65.6,67.9,58.9
2022-03-10 00:00:00,16:31:25,6,38.3,0.0,48.6,72.0,4615.0,4615.13,0.0,-1.3,0.0,39.5,372.09,199.4,65.7,67.9,58.9
2022-03-10 00:00:00,16:32:25,6,38.1,0.0,48.6,72.0,4615.0,4615.13,0.0,-1.2,0.0,39.5,372.09,199.4,65.5,68.0,59.0
2022-03-10 00:00:00,16:33:25,6,38.1,0.0,48.5,72.0,4615.0,4615.16,0.0,-1.2,0.0,39.5,372.09,199.4,65.6,67.8,59.0
2022-03-10 00:00:00,16:34:25,6,37.9,0.0,48.5,72.0,4615.0,4615.06,0.0,-1.2,0.0,39.5,372.09,199.4,65.5,67.7,59.0
2022-03-10 00:00:00,16:35:25,6,37.9,0.0,48.5,72.0,4615.0,4615.38,0.0,-1.2,0.0,39.5,372.09,199.4,65.5,67.7,59.0
2022-03-10 00:00:00,16:36:25,6,37.8,0.0,48.5,72.0,4615.0,4614.95,0.0,-1.2,0.0,39.5,372.09,199.4,65.5,67.7,58.9
2022-03-10 00:00:00,16:37:25,6,38.0,0.0,48.5,72.0,4615.0,4614.24,0.0,-1.2,0.0,39.5,372.09,199.4,65.4,67.7,59.0
2022-03-10 00:00:00,16:38:25,6,37.8,0.0,48.5,72.0,4615.0,4614.56,0.0,-1.3,0.0,39.5,372.09,199.4,65.2,67.8,59.0
2022-03-10 00:00:00,16:39:25,6,37.6,0.0,48.5,72.0,4615.0,4614.1,0.0,-1.3,0.0,39.5,372.09,199.4,65.4,67.7,59.0
2022-03-10 00:00:00,16:40:25,6,37.6,0.0,48.5,72.0,4615.0,4614.17,0.0,-1.3,0.0,39.5,372.08,199.4,65.3,67.6,59.0
2022-03-10 00:00:00,16:41:25,6,37.5,0.0,48.5,72.0,4615.0,4614.92,0.0,-1.3,0.0,39.5,372.09,199.4,65.2,67.6,59.0
2022-03-10 00:00:00,16:42:25,6,37.4,0.0,48.5,72.0,4615.0,4615.16,0.0,-1.3,0.0,39.5,372.09,199.4,65.2,67.6,59.0
2022-03-10 00:00:00,16:43:25,6,37.2,0.0,48.5,72.0,4615.0,4614.77,0.0,-1.3,0.0,39.5,372.08,199.4,65.3,67.4,58.8
2022-03-10 00:00:00,16:44:25,6,37.4,0.0,48.5,72.0,4615.0,4615.23,0.0,-1.3,0.0,39.5,372.09,199.4,65.2,67.5,59.1
2022-03-10 00:00:00,16:45:25,6,37.4,0.0,48.5,72.0,4615.0,4615.62,0.0,-1.3,0.0,39.5,372.08,199.4,65.3,67.6,59.1
2022-03-10 00:00:00,16:46:25,6,37.8,0.0,48.6,72.0,4615.0,4615.09,0.0,-1.2,0.0,39.5,372.08,199.4,65.3,67.6,59.0
2022-03-10 00:00:00,16:47:25,6,38.1,0.0,48.6,72.0,4615.0,4615.27,0.0,-1.3,0.0,39.5,372.09,199.4,65.5,67.7,59.1
2022-03-10 00:00:00,16:48:25,6,38.4,0.0,48.6,72.0,4615.0,4615.3,0.0,-1.3,0.0,39.5,372.09,199.4,65.5,67.7,59.0
2022-03-10 00:00:00,16:49:25,6,38.5,0.0,48.6,72.0,4615.0,4614.42,0.0,-1.3,0.0,39.5,372.09,199.4,65.8,67.6,58.9
2022-03-10 00:00:00,16:50:25,6,38.5,0.0,48.6,72.0,4615.0,4614.17,0.0,-1.3,0.0,39.5,372.08,199.4,65.8,67.7,58.9
2022-03-10 00:00:00,16:51:25,6,38.6,0.0,48.6,72.0,4615.0,4614.21,0.0,-1.3,0.0,39.5,372.08,199.4,65.7,67.8,58.8
2022-03-10 00:00:00,16:52:25,6,38.6,0.0,48.6,72.0,4615.0,4614.38,0.0,-1.3,0.0,39.5,372.08,199.4,65.8,67.7,58.9
2022-03-10 00:00:00,16:53:25,6,38.7,0.0,48.6,72.0,4615.0,4614.6,0.0,-1.2,0.0,39.5,372.07,199.4,65.9,67.9,58.6
2022-03-10 00:00:00,16:54:25,6,38.8,0.0,48.6,72.0,4615.0,4615.2,0.0,-1.3,0.0,39.5,372.07,199.4,66.0,67.9,58.8
2022-03-10 00:00:00,16:55:25,6,38.9,0.0,48.6,72.0,4615.0,4615.23,0.0,-1.2,0.0,39.5,372.07,199.4,66.0,67.9,58.7
2022-03-10 00:00:00,16:56:25,6,39.0,0.0,48.6,72.0,4615.0,4614.88,0.0,-1.3,0.0,39.5,372.07,199.4,66.0,68.0,58.7
2022-03-10 00:00:00,16:57:25,6,39.0,0.0,48.6,72.0,4615.0,4615.34,0.0,-1.2,0.0,39.5,372.07,199.4,66.1,68.0,58.8
2022-03-10 00:00:00,16:58:25,6,39.0,0.0,48.6,72.0,4615.0,4615.3,0.0,-1.3,0.0,39.5,372.07,199.4,66.1,68.0,58.8
2022-03-10 00:00:00,16:59:25,6,38.9,0.0,48.6,72.0,4615.0,4615.02,0.0,-1.3,0.0,39.5,372.06,199.4,66.1,67.9,58.7
2022-03-10 00:00:00,17:00:25,6,38.8,0.0,48.6,72.0,4615.0,4615.41,0.0,-1.3,0.0,39.5,372.06,199.4,66.0,68.0,58.8
2022-03-10 00:00:00,17:01:25,6,38.7,0.0,48.6,72.0,4615.0,4615.45,0.0,-1.2,0.0,39.5,372.06,199.4,65.8,67.9,58.8
2022-03-10 00:00:00,17:02:25,6,38.6,0.0,48.6,72.0,4615.0,4614.88,0.0,-1.2,0.0,39.5,372.06,199.4,65.8,68.0,58.9
2022-03-10 00:00:00,17:03:25,6,38.5,0.0,48.6,72.0,4615.0,4614.49,0.0,-1.3,0.0,39.5,372.07,199.4,65.7,67.9,59.0
2022-03-10 00:00:00,17:04:25,6,38.3,0.0,48.6,72.0,4615.0,4614.53,0.0,-1.3,0.0,39.5,372.06,199.4,65.6,67.9,58.9
2022-03-10 00:00:00,17:05:25,6,38.3,0.0,48.6,72.0,4615.0,4614.31,0.0,-1.3,0.0,39.5,372.06,199.4,65.5,67.9,59.0
2022-03-10 00:00:00,17:06:25,6,38.1,0.0,48.6,72.0,4615.0,4614.28,0.0,-1.3,0.0,39.5,372.06,199.4,65.6,67.9,59.0
2022-03-10 00:00:00,17:07:25,6,38.0,0.0,48.6,72.0,4615.0,4614.67,0.0,-1.3,0.0,39.5,372.05,199.4,65.5,67.8,59.1
2022-03-10 00:00:00,17:08:25,6,37.9,0.0,48.6,72.0,4615.0,4614.74,0.0,-1.2,0.0,39.5,372.06,199.4,65.5,67.9,58.9
2022-03-10 00:00:00,17:09:25,6,37.8,0.0,48.6,72.0,4615.0,4615.2,0.0,-1.2,0.0,39.5,372.07,199.4,65.4,67.7,58.9
2022-03-10 00:00:00,17:10:25,6,37.8,0.0,48.5,72.0,4615.0,4615.38,0.0,-1.2,0.0,39.5,372.07,199.4,65.5,67.7,58.9
2022-03-10 00:00:00,17:11:25,6,37.7,0.0,48.5,72.0,4615.0,4615.13,0.0,-1.2,0.0,39.5,372.05,199.4,65.5,67.7,58.8
2022-03-10 00:00:00,17:12:25,6,37.6,0.0,48.5,72.0,4615.0,4615.13,0.0,-1.2,0.0,39.5,372.06,199.4,65.4,67.6,58.8
2022-03-10 00:00:00,17:13:25,6,37.7,0.0,48.5,72.0,4615.0,4615.3,0.0,-1.2,0.0,39.5,372.05,199.4,65.3,67.6,58.9
2022-03-10 00:00:00,17:14:25,6,37.5,0.0,48.5,72.0,4615.0,4615.34,0.0,-1.3,0.0,39.5,372.06,199.4,65.3,67.6,59.0
2022-03-10 00:00:00,17:15:25,6,37.5,0.0,48.5,72.0,4615.0,4615.3,0.0,-1.2,0.0,39.5,372.05,199.4,65.2,67.6,58.9
2022-03-10 00:00:00,17:16:25,6,37.3,0.0,48.5,72.0,4615.0,4615.23,0.0,-1.3,0.0,39.5,372.06,199.4,65.3,67.6,58.7
2022-03-10 00:00:00,17:17:25,6,37.4,0.0,48.5,72.0,4615.0,4615.66,0.0,-1.3,0.0,39.5,372.06,199.4,65.3,67.5,59.0
2022-03-10 00:00:00,17:18:25,6,37.7,0.0,48.6,72.0,4615.0,4615.55,0.0,-1.3,0.0,39.5,372.06,199.4,65.5,67.7,59.2
2022-03-10 00:00:00,17:19:25,6,38.2,0.0,48.6,72.0,4615.0,4614.53,0.0,-1.3,0.0,39.5,372.05,199.4,65.5,67.7,59.3
2022-03-10 00:00:00,17:20:25,6,38.3,0.0,48.6,72.0,4615.0,4614.53,0.0,-1.3,0.0,39.5,372.06,199.4,65.7,67.8,59.0
2022-03-10 00:00:00,17:21:25,6,38.4,0.0,48.6,72.0,4615.0,4614.46,0.0,-1.3,0.0,39.5,372.05,199.4,65.7,67.6,59.0
2022-03-10 00:00:00,17:22:25,6,38.5,0.0,48.6,72.0,4615.0,4613.89,0.0,-1.3,0.0,39.5,372.05,199.4,65.8,67.8,59.0
2022-03-10 00:00:00,17:23:25,6,38.5,0.0,48.6,72.0,4615.0,4614.17,0.0,-1.3,0.0,39.5,372.06,199.4,65.8,67.7,58.7
2022-03-10 00:00:00,17:24:25,6,38.7,0.0,48.6,72.0,4615.0,4614.81,0.0,-1.3,0.0,39.5,372.05,199.4,65.9,67.7,58.8
2022-03-10 00:00:00,17:25:25,6,38.8,0.0,48.6,72.0,4615.0,4614.56,0.0,-1.3,0.0,39.5,372.05,199.4,66.0,67.8,58.8
2022-03-10 00:00:00,17:26:25,6,38.8,0.0,48.6,72.0,4615.0,4615.09,0.0,-1.3,0.0,39.5,372.05,199.4,65.9,67.9,58.8
2022-03-10 00:00:00,17:27:25,6,38.9,0.0,48.6,72.0,4615.0,4615.52,0.0,-1.3,0.0,39.5,372.05,199.4,66.1,67.9,58.7
2022-03-10 00:00:00,17:28:25,6,39.0,0.0,48.6,72.0,4615.0,4615.13,0.0,-1.3,0.0,39.5,372.05,199.4,66.0,67.9,58.8
2022-03-10 00:00:00,17:29:25,6,39.0,0.0,48.6,72.0,4615.0,4614.88,0.0,-1.3,0.0,39.5,372.04,199.4,66.1,68.0,58.8
2022-03-10 00:00:00,17:30:25,6,38.9,0.0,48.6,72.0,4615.0,4615.41,0.0,-1.3,0.0,39.5,372.05,199.4,66.3,68.0,58.7
2022-03-10 00:00:00,17:31:25,6,38.9,0.0,48.6,72.0,4615.0,4615.23,0.0,-1.3,0.0,39.5,372.05,199.4,66.1,68.1,58.8
2022-03-10 00:00:00,17:32:25,6,38.8,0.0,48.6,72.0,4615.0,4615.27,0.0,-1.3,0.0,39.5,372.05,199.4,66.0,68.1,58.7
2022-03-10 00:00:00,17:33:25,6,38.7,0.0,48.6,72.0,4615.0,4615.59,0.0,-1.3,0.0,39.5,372.04,199.4,65.8,68.1,58.8
2022-03-10 00:00:00,17:34:25,6,38.6,0.0,48.6,72.0,4615.0,4615.38,0.0,-1.3,0.0,39.5,372.04,199.4,65.8,68.0,58.7
2022-03-10 00:00:00,17:35:25,6,38.4,0.0,48.6,72.0,4615.0,4615.09,0.0,-1.3,0.0,39.5,372.05,199.4,65.8,67.9,58.9
2022-03-10 00:00:00,17:36:25,6,38.3,0.0,48.6,72.0,4615.0,4615.3,0.0,-1.3,0.0,39.5,372.05,199.4,65.7,67.9,58.9
2022-03-10 00:00:00,17:37:25,6,38.2,0.0,48.6,72.0,4615.0,4615.8,0.0,-1.3,0.0,39.5,372.05,199.4,65.7,67.8,58.9
2022-03-10 00:00:00,17:38:25,6,38.0,0.0,48.6,72.0,4615.0,4614.92,0.0,-1.3,0.0,39.5,372.04,199.4,65.6,67.8,59.0
2022-03-10 00:00:00,17:39:25,6,37.9,0.0,48.6,72.0,4615.0,4614.99,0.0,-1.2,0.0,39.5,372.04,199.4,65.7,67.9,59.1
2022-03-10 00:00:00,17:40:25,6,37.9,0.0,48.5,72.0,4615.0,4614.84,0.0,-1.2,0.0,39.5,372.04,199.4,65.5,67.9,59.1
2022-03-10 00:00:00,17:41:25,6,37.7,0.0,48.6,72.0,4615.0,4614.46,0.0,-1.3,0.0,39.5,372.05,199.4,65.4,67.7,59.0
2022-03-10 00:00:00,17:42:25,6,37.7,0.0,48.6,72.0,4615.0,4614.17,0.0,-1.3,0.0,39.5,372.03,199.4,65.5,67.7,58.9
2022-03-10 00:00:00,17:43:25,6,37.8,0.0,48.5,72.0,4615.0,4614.42,0.0,-1.3,0.0,39.5,372.04,199.4,65.4,67.8,59.1
2022-03-10 00:00:00,17:44:25,6,37.6,0.0,48.6,72.0,4615.0,4614.28,0.0,-1.3,0.0,39.5,372.04,199.4,65.3,67.6,59.1
2022-03-10 00:00:00,17:45:25,6,37.6,0.0,48.5,72.0,4615.0,4614.14,0.0,-1.3,0.0,39.5,372.04,199.4,65.4,67.6,59.1
2022-03-10 00:00:00,17:46:25,6,37.4,0.0,48.5,72.0,4615.0,4614.6,0.0,-1.3,0.0,39.5,372.04,199.4,65.2,67.6,59.1
2022-03-10 00:00:00,17:47:25,6,37.3,0.0,48.5,72.0,4615.0,4614.49,0.0,-1.3,0.0,39.5,372.04,199.4,65.2,67.5,58.9
2022-03-10 00:00:00,17:48:25,6,37.3,0.0,48.5,72.0,4615.0,4614.7,0.0,-1.3,0.0,39.5,372.04,199.4,65.2,67.4,59.0
2022-03-10 00:00:00,17:49:25,6,37.5,0.0,48.5,72.0,4615.0,4615.2,0.0,-1.3,0.0,39.5,372.04,199.4,65.3,67.7,59.2
2022-03-10 00:00:00,17:50:25,6,37.8,0.0,48.6,72.0,4615.0,4615.16,0.0,-1.3,0.0,39.5,372.03,199.4,65.5,67.7,59.2
2022-03-10 00:00:00,17:51:25,6,38.2,0.0,48.6,72.0,4615.0,4615.16,0.0,-1.2,0.0,39.5,372.04,199.4,65.7,67.6,59.1
2022-03-10 00:00:00,17:52:25,6,38.3,0.0,48.6,72.0,4615.0,4615.34,0.0,-1.3,0.0,39.5,372.05,199.4,65.7,67.7,59.1
2022-03-10 00:00:00,17:53:25,6,38.4,0.0,48.6,72.0,4615.0,4615.55,0.0,-1.3,0.0,39.5,372.03,199.4,65.6,67.8,59.1
2022-03-10 00:00:00,17:54:25,6,38.6,0.0,48.6,72.0,4615.0,4615.13,0.0,-1.3,0.0,39.5,372.04,199.4,65.9,67.7,58.8
2022-03-10 00:00:00,17:55:25,6,38.6,0.0,48.6,72.0,4615.0,4615.09,0.0,-1.3,0.0,39.5,372.04,199.4,65.8,67.8,59.0
2022-03-10 00:00:00,17:56:25,6,38.6,0.0,48.6,72.0,4615.0,4615.16,0.0,-1.3,0.0,39.5,372.03,199.4,65.8,67.8,58.9
2022-03-10 00:00:00,17:57:25,6,38.7,0.0,48.6,72.0,4615.0,4615.38,0.0,-1.2,0.0,39.5,372.03,199.4,65.9,67.8,58.7
2022-03-10 00:00:00,17:58:25,6,38.8,0.0,48.6,72.0,4615.0,4615.16,0.0,-1.3,0.0,39.5,372.04,199.4,65.9,67.9,58.9
2022-03-10 00:00:00,17:59:25,6,38.9,0.0,48.6,72.0,4615.0,4615.52,0.0,-1.3,0.0,39.5,372.03,199.4,65.9,68.0,58.9
2022-03-10 00:00:00,18:00:25,6,39.0,0.0,48.6,72.0,4615.0,4615.34,0.0,-1.3,0.0,39.5,372.02,199.4,66.1,67.9,58.7
2022-03-10 00:00:00,18:01:25,6,39.0,0.0,48.6,72.0,4615.0,4615.2,0.0,-1.3,0.0,39.5,372.03,199.4,66.2,68.0,58.8
2022-03-10 00:00:00,18:02:25,6,39.0,0.0,48.6,72.0,4615.0,4615.3,0.0,-1.3,0.0,39.5,372.03,199.4,66.3,68.1,58.9
2022-03-10 00:00:00,18:03:25,6,39.0,0.0,48.6,72.0,4615.0,4615.3,0.0,-1.3,0.0,39.5,372.02,199.4,66.2,68.0,58.9
2022-03-10 00:00:00,18:04:25,6,39.0,0.0,48.6,72.0,4615.0,4615.38,0.0,-1.3,0.0,39.5,372.02,199.4,66.2,68.1,58.9
2022-03-10 00:00:00,18:05:25,6,38.9,0.0,48.6,72.0,4615.0,4615.3,0.0,-1.3,0.0,39.5,372.02,199.4,66.0,68.0,58.8
2022-03-10 00:00:00,18:06:25,6,38.8,0.0,48.6,72.0,4615.0,4615.45,0.0,-1.3,0.0,39.5,372.02,199.4,65.9,68.0,58.9
2022-03-10 00:00:00,18:07:25,6,38.7,0.0,48.6,72.0,4615.0,4615.52,0.0,-1.3,0.0,39.5,372.02,199.4,65.7,68.2,58.9
2022-03-10 00:00:00,18:08:25,6,38.5,0.0,48.6,72.0,4615.0,4615.09,0.0,-1.3,0.0,39.5,372.02,199.4,65.8,68.0,59.2
2022-03-10 00:00:00,18:09:25,6,38.4,0.0,48.6,72.0,4615.0,4615.02,0.0,-1.3,0.0,39.5,372.02,199.4,65.7,68.0,59.2
2022-03-10 00:00:00,18:10:25,6,38.2,0.0,48.6,72.0,4615.0,4614.99,0.0,-1.2,0.0,39.5,372.02,199.4,65.8,67.9,59.1
2022-03-10 00:00:00,18:11:25,6,38.2,0.0,48.6,72.0,4615.0,4614.67,0.0,-1.3,0.0,39.5,372.02,199.4,65.6,68.0,59.3
2022-03-10 00:00:00,18:12:25,6,38.0,0.0,48.6,72.0,4615.0,4614.81,0.0,-1.3,0.0,39.5,372.02,199.4,65.6,67.9,59.2
2022-03-10 00:00:00,18:13:25,6,38.0,0.0,48.6,72.0,4615.0,4614.95,0.0,-1.3,0.0,39.5,372.02,199.4,65.6,67.8,59.4
2022-03-10 00:00:00,18:14:25,6,37.9,0.0,48.6,72.0,4615.0,4614.21,0.0,-1.3,0.0,39.5,372.02,199.4,65.5,67.9,59.2
2022-03-10 00:00:00,18:15:25,6,37.8,0.0,48.6,72.0,4615.0,4614.42,0.0,-1.3,0.0,39.5,372.02,199.4,65.5,67.8,59.2
2022-03-10 00:00:00,18:16:25,6,37.7,0.0,48.6,72.0,4615.0,4614.56,0.0,-1.3,0.0,39.5,372.02,199.4,65.5,67.8,59.1
2022-03-10 00:00:00,18:17:25,6,37.7,0.0,48.6,72.0,4615.0,4613.92,0.0,-1.2,0.0,39.5,372.02,199.4,65.5,67.7,59.1
2022-03-10 00:00:00,18:18:25,6,37.7,0.0,48.6,72.0,4615.0,4614.17,0.0,-1.3,0.0,39.5,372.02,199.4,65.4,67.7,59.0
2022-03-10 00:00:00,18:19:25,6,37.4,0.0,48.6,72.0,4615.0,4614.17,0.0,-1.3,0.0,39.5,372.02,199.4,65.4,67.7,58.9
2022-03-10 00:00:00,18:20:25,6,37.4,0.0,48.6,72.0,4615.0,4614.0,0.0,-1.3,0.0,39.5,372.02,199.4,65.4,67.6,58.9
2022-03-10 00:00:00,18:21:25,6,37.7,0.0,48.5,72.0,4615.0,4614.03,0.0,-1.3,0.0,39.5,372.02,199.4,65.2,67.5,59.1
2022-03-10 00:00:00,18:22:25,6,37.5,0.0,48.6,72.0,4615.0,4614.46,0.0,-1.2,0.0,39.5,372.02,199.4,65.1,67.6,58.8
2022-03-10 00:00:00,18:23:25,6,37.4,0.0,48.5,72.0,4615.0,4614.21,0.0,-1.3,0.0,39.5,372.02,199.4,65.3,67.5,59.0
2022-03-10 00:00:00,18:24:25,6,37.4,0.0,48.5,72.0,4615.0,4614.14,0.0,-1.3,0.0,39.5,372.02,199.4,65.5,67.6,59.2
2022-03-10 00:00:00,18:25:25,6,38.0,0.0,48.6,72.0,4615.0,4614.42,0.0,-1.3,0.0,39.5,372.02,199.4,65.5,67.7,59.1
2022-03-10 00:00:00,18:26:25,6,38.3,0.0,48.6,72.0,4615.0,4614.03,0.0,-1.3,0.0,39.5,372.02,199.4,65.5,67.6,59.3
2022-03-10 00:00:00,18:27:25,6,38.4,0.0,48.6,72.0,4615.0,4614.07,0.0,-1.3,0.0,39.5,372.01,199.4,65.8,67.7,59.0
2022-03-10 00:00:00,18:28:25,6,38.5,0.0,48.6,72.0,4615.0,4614.17,0.0,-1.3,0.0,39.5,372.01,199.4,65.8,67.8,58.9
2022-03-10 00:00:00,18:29:25,6,38.6,0.0,48.6,72.0,4615.0,4614.46,0.0,-1.2,0.0,39.5,372.0,199.4,65.8,67.7,59.0
2022-03-10 00:00:00,18:30:25,6,38.6,0.0,48.6,72.0,4615.0,4614.03,0.0,-1.3,0.0,39.5,372.02,199.4,65.8,67.7,58.9
2022-03-10 00:00:00,18:31:25,6,38.7,0.0,48.6,72.0,4615.0,4614.56,0.0,-1.3,0.0,39.5,372.0,199.4,65.9,67.8,58.8
2022-03-10 00:00:00,18:32:25,6,38.8,0.0,48.6,72.0,4615.0,4614.6,0.0,-1.3,0.0,39.5,372.01,199.4,66.1,67.8,58.8
2022-03-10 00:00:00,18:33:25,6,38.9,0.0,48.6,72.0,4615.0,4614.6,0.0,-1.3,0.0,39.5,372.0,199.4,65.9,67.9,58.9
2022-03-10 00:00:00,18:34:25,6,39.0,0.0,48.6,72.0,4615.0,4614.42,0.0,-1.3,0.0,39.5,372.01,199.4,66.0,68.0,58.9
2022-03-10 00:00:00,18:35:25,6,39.0,0.0,48.6,72.0,4615.0,4614.88,0.0,-1.3,0.0,39.5,372.01,199.4,66.0,68.1,58.8
2022-03-10 00:00:00,18:36:25,6,39.1,0.0,48.6,72.0,4615.0,4614.67,0.0,-1.3,0.0,39.5,371.99,199.4,66.2,68.0,58.9
2022-03-10 00:00:00,18:37:25,6,39.1,0.0,48.6,72.0,4615.0,4614.21,0.0,-1.3,0.0,39.5,372.0,199.4,66.3,68.1,58.9
2022-03-10 00:00:00,18:38:25,6,39.0,0.0,48.6,72.0,4615.0,4614.74,0.0,-1.3,0.0,39.5,372.0,199.4,66.1,68.1,58.9
2022-03-10 00:00:00,18:39:25,6,38.9,0.0,48.6,72.0,4615.0,4614.7,0.0,-1.3,0.0,39.5,372.01,199.4,66.1,68.0,58.8
2022-03-10 00:00:00,18:40:25,6,38.8,0.0,48.6,72.0,4615.0,4614.56,0.0,-1.3,0.0,39.5,372.0,199.4,65.9,68.2,58.9
2022-03-10 00:00:00,18:41:25,6,38.7,0.0,48.6,72.0,4615.0,4614.49,0.0,-1.3,0.0,39.5,372.0,199.4,65.9,68.0,59.0
2022-03-10 00:00:00,18:42:25,6,38.5,0.0,48.6,72.0,4615.0,4614.77,0.0,-1.3,0.0,39.5,372.0,199.4,65.8,68.0,58.8
2022-03-10 00:00:00,18:43:25,6,38.3,0.0,48.6,72.0,4615.0,4614.53,0.0,-1.3,0.0,39.5,372.0,199.4,65.8,68.0,59.0
2022-03-10 00:00:00,18:44:25,6,38.2,0.0,48.6,72.0,4615.0,4614.77,0.0,-1.3,0.0,39.5,372.01,199.4,65.7,67.9,59.0
2022-03-10 00:00:00,18:45:25,6,38.1,0.0,48.6,72.0,4615.0,4614.67,0.0,-1.3,0.0,39.5,372.0,199.4,65.7,68.0,58.9
2022-03-10 00:00:00,18:46:25,6,38.0,0.0,48.6,72.0,4615.0,4614.42,0.0,-1.3,0.0,39.5,371.99,199.4,65.6,67.9,59.0
2022-03-10 00:00:00,18:47:25,6,38.0,0.0,48.6,72.0,4615.0,4614.42,0.0,-1.3,0.0,39.5,371.99,199.4,65.6,67.9,59.1
2022-03-10 00:00:00,18:48:25,6,37.8,0.0,48.6,72.0,4615.0,4614.6,0.0,-1.3,0.0,39.5,372.0,199.4,65.4,68.0,59.1
2022-03-10 00:00:00,18:49:25,6,37.8,0.0,48.6,72.0,4615.0,4614.6,0.0,-1.3,0.0,39.5,371.99,199.4,65.5,67.8,59.1
2022-03-10 00:00:00,18:50:25,6,37.6,0.0,48.6,72.0,4615.0,4614.31,0.0,-1.3,0.0,39.5,371.99,199.4,65.6,67.8,59.3
2022-03-10 00:00:00,18:51:25,6,37.6,0.0,48.6,72.0,4615.0,4614.53,0.0,-1.3,0.0,39.5,371.99,199.4,65.5,67.8,58.9
2022-03-10 00:00:00,18:52:25,6,37.5,0.0,48.6,72.0,4615.0,4614.53,0.0,-1.3,0.0,39.5,372.0,199.4,65.5,67.7,59.0
2022-03-10 00:00:00,18:53:25,6,37.6,0.0,48.6,72.0,4615.0,4614.07,0.0,-1.3,0.0,39.5,371.99,199.4,65.4,67.6,59.1
2022-03-10 00:00:00,18:54:25,6,37.5,0.0,48.5,72.0,4615.0,4614.38,0.0,-1.3,0.0,39.5,371.99,199.4,65.4,67.6,59.0
2022-03-10 00:00:00,18:55:25,6,37.3,0.0,48.5,72.0,4615.0,4614.21,0.0,-1.3,0.0,39.5,372.0,199.4,65.2,67.7,59.1
2022-03-10 00:00:00,18:56:25,6,37.3,0.0,48.6,72.0,4615.0,4614.21,0.0,-1.3,0.0,39.5,371.99,199.4,65.3,67.6,58.9
2022-03-10 00:00:00,18:57:25,6,37.4,0.0,48.6,72.0,4615.0,4614.03,0.0,-1.3,0.0,39.5,371.99,199.4,65.4,67.6,58.9
2022-03-10 00:00:00,18:58:25,6,37.4,0.0,48.6,72.0,4615.0,4614.1,0.0,-1.3,0.0,39.5,371.99,199.4,65.4,67.6,59.4
2022-03-10 00:00:00,18:59:25,6,37.9,0.0,48.5,72.0,4615.0,4614.14,0.0,-1.3,0.0,39.5,372.0,199.4,65.5,67.7,59.2
2022-03-10 00:00:00,19:00:25,6,38.2,0.0,48.6,72.0,4615.0,4614.31,0.0,-1.3,0.0,39.5,372.01,199.4,65.7,67.6,59.3
2022-03-10 00:00:00,19:01:25,6,38.4,0.0,48.6,72.0,4615.0,4614.42,0.0,-1.3,0.0,39.5,372.0,199.4,65.7,67.7,59.2
2022-03-10 00:00:00,19:02:25,6,38.5,0.0,48.6,72.0,4615.0,4614.28,0.0,-1.3,0.0,39.5,371.99,199.4,65.7,67.7,59.1
2022-03-10 00:00:00,19:03:25,6,38.5,0.0,48.6,72.0,4615.0,4614.24,0.0,-1.3,0.0,39.5,371.99,199.4,65.7,67.8,59.0
2022-03-10 00:00:00,19:04:25,6,38.6,0.0,48.6,72.0,4615.0,4614.53,0.0,-1.3,0.0,39.5,371.99,199.4,65.9,67.8,58.9
2022-03-10 00:00:00,19:05:25,6,38.6,0.0,48.6,72.0,4615.0,4614.31,0.0,-1.3,0.0,39.5,371.99,199.4,65.9,67.8,59.0
2022-03-10 00:00:00,19:06:25,6,38.7,0.0,48.6,72.0,4615.0,4614.21,0.0,-1.3,0.0,39.5,371.99,199.4,65.9,67.9,58.9
2022-03-10 00:00:00,19:07:25,6,38.8,0.0,48.6,72.0,4615.0,4614.49,0.0,-1.3,0.0,39.4,371.98,199.4,66.0,67.9,58.7
2022-03-10 00:00:00,19:08:25,6,38.9,0.0,48.6,72.0,4615.0,4614.31,0.0,-1.3,0.0,39.5,371.99,199.4,66.0,67.9,58.8
2022-03-10 00:00:00,19:09:25,6,38.9,0.0,48.6,72.0,4615.0,4613.92,0.0,-1.3,0.0,39.5,371.99,199.4,66.1,67.9,58.9
2022-03-10 00:00:00,19:10:25,6,39.0,0.0,48.6,72.0,4615.0,4614.31,0.0,-1.3,0.0,39.5,371.99,199.4,66.2,68.1,58.9
2022-03-10 00:00:00,19:11:25,6,39.1,0.0,48.6,72.0,4615.0,4614.35,0.0,-1.3,0.0,39.5,371.99,199.4,66.3,68.1,58.9
2022-03-10 00:00:00,19:12:25,6,39.0,0.0,48.6,72.0,4615.0,4614.1,0.0,-1.3,0.0,39.5,371.99,199.4,66.2,68.1,59.0
2022-03-10 00:00:00,19:13:25,6,39.0,0.0,48.6,72.0,4615.0,4614.42,0.0,-1.3,0.0,39.5,371.98,199.4,66.2,68.1,58.9
2022-03-10 00:00:00,19:14:25,6,38.9,0.0,48.6,72.0,4615.0,4614.38,0.0,-1.3,0.0,39.5,371.98,199.4,66.2,68.1,58.8
2022-03-10 00:00:00,19:15:25,6,38.8,0.0,48.6,72.0,4615.0,4614.49,0.0,-1.3,0.0,39.5,371.99,199.4,66.0,68.1,58.9
2022-03-10 00:00:00,19:16:25,6,38.7,0.0,48.6,72.0,4615.0,4614.38,0.0,-1.3,0.0,39.5,371.98,199.4,65.9,68.1,59.0
2022-03-10 00:00:00,19:17:25,6,38.5,0.0,48.6,72.0,4615.0,4614.74,0.0,-1.3,0.0,39.5,371.99,199.4,65.8,68.1,58.9
2022-03-10 00:00:00,19:18:25,6,38.4,0.0,48.6,72.0,4615.0,4615.06,0.0,-1.3,0.0,39.5,371.98,199.4,65.7,68.0,59.1
2022-03-10 00:00:00,19:19:25,6,38.1,0.0,48.6,72.0,4615.0,4614.92,0.0,-1.3,0.0,39.5,371.97,199.4,65.6,68.1,59.2
2022-03-10 00:00:00,19:20:25,6,38.0,0.0,48.6,72.0,4615.0,4615.34,0.0,-1.3,0.0,39.5,371.98,199.4,65.7,68.0,59.1
2022-03-10 00:00:00,19:21:25,6,37.9,0.0,48.6,72.0,4615.0,4615.52,0.0,-1.3,0.0,39.5,371.98,199.4,65.6,68.0,59.0
2022-03-10 00:00:00,19:22:25,6,37.9,0.0,48.6,72.0,4615.0,4615.06,0.0,-1.3,0.0,39.5,371.99,199.4,65.7,67.9,59.1
2022-03-10 00:00:00,19:23:25,6,37.9,0.0,48.6,72.0,4615.0,4615.55,0.0,-1.3,0.0,39.5,371.98,199.4,65.6,67.8,59.0
2022-03-10 00:00:00,19:24:25,6,37.5,0.0,48.6,72.0,4615.0,4615.69,0.0,-1.3,0.0,39.5,371.98,199.4,65.6,67.9,59.0
2022-03-10 00:00:00,19:25:25,6,37.6,0.0,48.6,72.0,4615.0,4615.48,0.0,-1.3,0.0,39.5,371.97,199.4,65.5,68.0,59.1
2022-03-10 00:00:00,19:26:25,6,37.7,0.0,48.6,72.0,4615.0,4615.38,0.0,-1.3,0.0,39.5,371.98,199.4,65.4,67.7,59.0
2022-03-10 00:00:00,19:27:25,6,37.5,0.0,48.6,72.0,4615.0,4615.62,0.0,-1.3,0.0,39.5,371.96,199.4,65.4,67.7,59.0
2022-03-10 00:00:00,19:28:25,6,37.4,0.0,48.5,72.0,4615.0,4615.2,0.0,-1.3,0.0,39.5,371.97,199.4,65.4,67.7,58.8
2022-03-10 00:00:00,19:29:25,6,37.4,0.0,48.6,72.0,4615.0,4615.3,0.0,-1.3,0.0,39.5,371.97,199.4,65.3,67.6,59.0
2022-03-10 00:00:00,19:30:25,6,37.4,0.0,48.6,72.0,4615.0,4615.45,0.0,-1.3,0.0,39.5,371.97,199.4,65.3,67.5,59.0
2022-03-10 00:00:00,19:31:25,6,37.4,0.0,48.6,72.0,4615.0,4615.02,0.0,-1.3,0.0,39.5,371.96,199.4,65.4,67.5,58.9
2022-03-10 00:00:00,19:32:25,6,37.5,0.0,48.6,72.0,4615.0,4614.92,0.0,-1.2,0.0,39.5,371.96,199.4,65.5,67.6,59.3
2022-03-10 00:00:00,19:33:25,6,37.9,0.0,48.6,72.0,4615.0,4615.3,0.0,-1.2,0.0,39.5,371.98,199.4,65.4,67.7,59.2
2022-03-10 00:00:00,19:34:25,6,38.2,0.0,48.6,72.0,4615.0,4615.27,0.0,-1.3,0.0,39.5,371.97,199.4,65.7,67.7,59.1
2022-03-10 00:00:00,19:35:25,6,38.4,0.0,48.6,72.0,4615.0,4614.77,0.0,-1.3,0.0,39.5,371.97,199.4,65.7,67.7,59.2
2022-03-10 00:00:00,19:36:25,6,38.4,0.0,48.6,72.0,4615.0,4615.3,0.0,-1.3,0.0,39.5,371.97,199.4,65.7,67.8,59.0
2022-03-10 00:00:00,19:37:25,6,38.6,0.0,48.6,72.0,4615.0,4615.23,0.0,-1.3,0.0,39.5,371.97,199.4,65.9,67.8,58.9
2022-03-10 00:00:00,19:38:25,6,38.6,0.0,48.6,72.0,4615.0,4615.13,0.0,-1.3,0.0,39.5,371.98,199.4,65.9,67.9,58.8
2022-03-10 00:00:00,19:39:25,6,38.7,0.0,48.6,72.0,4615.0,4615.2,0.0,-1.3,0.0,39.5,371.97,199.4,65.9,67.9,59.0
2022-03-10 00:00:00,19:40:25,6,38.7,0.0,48.6,72.0,4615.0,4615.34,0.0,-1.3,0.0,39.5,371.96,199.4,66.0,67.9,58.9
2022-03-10 00:00:00,19:41:25,6,38.9,0.0,48.6,72.0,4615.0,4614.63,0.0,-1.3,0.0,39.5,371.98,199.4,66.2,67.9,58.8
2022-03-10 00:00:00,19:42:25,6,38.9,0.0,48.6,72.0,4615.0,4614.49,0.0,-1.3,0.0,39.5,371.96,199.4,66.1,68.1,58.9
2022-03-10 00:00:00,19:43:25,6,39.0,0.0,48.6,72.0,4615.0,4614.67,0.0,-1.3,0.0,39.5,371.96,199.4,66.1,68.1,58.8
2022-03-10 00:00:00,19:44:25,6,39.0,0.0,48.6,72.0,4615.0,4614.38,0.0,-1.3,0.0,39.5,371.97,199.4,66.0,68.1,58.8
2022-03-10 00:00:00,19:45:25,6,39.0,0.0,48.6,72.0,4615.0,4614.24,0.0,-1.3,0.0,39.4,371.97,199.4,66.3,68.0,59.0
2022-03-10 00:00:00,19:46:25,6,39.0,0.0,48.6,72.0,4615.0,4614.31,0.0,-1.3,0.0,39.4,371.95,199.4,66.1,68.1,58.9
2022-03-10 00:00:00,19:47:25,6,38.9,0.0,48.6,72.0,4615.0,4614.03,0.0,-1.3,0.0,39.4,371.95,199.4,66.1,68.2,58.9
2022-03-10 00:00:00,19:48:25,6,38.8,0.0,48.6,72.0,4615.0,4613.92,0.0,-1.3,0.0,39.4,371.95,199.4,66.0,68.1,59.0
2022-03-10 00:00:00,19:49:25,6,38.7,0.0,48.6,72.0,4615.0,4614.38,0.0,-1.3,0.0,39.5,371.95,199.4,66.0,68.0,58.9
2022-03-10 00:00:00,19:50:25,6,38.4,0.0,48.6,72.0,4615.0,4614.74,0.0,-1.3,0.0,39.5,371.96,199.4,65.9,68.1,59.1
2022-03-10 00:00:00,19:51:25,6,38.3,0.0,48.6,72.0,4615.0,4614.67,0.0,-1.3,0.0,39.5,371.95,199.4,65.8,68.1,59.0
2022-03-10 00:00:00,19:52:25,6,38.2,0.0,48.6,72.0,4615.0,4615.38,0.0,-1.3,0.0,39.5,371.95,199.4,65.6,68.0,59.1
2022-03-10 00:00:00,19:53:25,6,38.2,0.0,48.6,72.0,4615.0,4615.59,0.0,-1.3,0.0,39.5,371.95,199.4,65.7,68.1,59.2
2022-03-10 00:00:00,19:54:25,6,38.0,0.0,48.6,72.0,4615.0,4615.34,0.0,-1.3,0.0,39.5,371.96,199.4,65.6,67.9,59.2
2022-03-10 00:00:00,19:55:25,6,38.0,0.0,48.6,72.0,4615.0,4615.38,0.0,-1.3,0.0,39.5,371.95,199.4,65.6,67.8,59.0
2022-03-10 00:00:00,19:56:25,6,37.8,0.0,48.6,72.0,4615.0,4615.38,0.0,-1.3,0.0,39.5,371.96,199.4,65.5,67.9,59.1
2022-03-10 00:00:00,19:57:25,6,37.9,0.0,48.6,72.0,4615.0,4615.13,0.0,-1.3,0.0,39.5,371.96,199.4,65.5,67.8,59.3
2022-03-10 00:00:00,19:58:25,6,37.8,0.0,48.6,72.0,4615.0,4615.2,0.0,-1.3,0.0,39.5,371.95,199.4,65.5,67.7,59.1
2022-03-10 00:00:00,19:59:25,6,37.7,0.0,48.6,72.0,4615.0,4615.45,0.0,-1.3,0.0,39.5,371.95,199.4,65.3,67.8,59.2
2022-03-10 00:00:00,20:00:25,6,37.6,0.0,48.6,72.0,4615.0,4615.13,0.0,-1.3,0.0,39.5,371.96,199.4,65.3,67.7,59.3
2022-03-10 00:00:00,20:01:25,6,37.5,0.0,48.6,72.0,4615.0,4615.09,0.0,-1.3,0.0,39.5,371.95,199.4,65.3,67.8,59.2
2022-03-10 00:00:00,20:02:25,6,37.4,0.0,48.6,72.0,4615.0,4615.3,0.0,-1.3,0.0,39.5,371.95,199.4,65.3,67.7,59.2
2022-03-10 00:00:00,20:03:25,6,37.5,0.0,48.5,72.0,4615.0,4615.38,0.0,-1.3,0.0,39.5,371.96,199.4,65.3,67.6,59.3
2022-03-10 00:00:00,20:04:25,6,37.4,0.0,48.5,72.0,4615.0,4615.2,0.0,-1.3,0.0,39.5,371.96,199.4,65.3,67.6,59.1
2022-03-10 00:00:00,20:05:25,6,37.3,0.0,48.6,72.0,4615.0,4614.74,0.0,-1.3,0.0,39.5,371.95,199.4,65.3,67.6,59.1
2022-03-10 00:00:00,20:06:25,6,37.5,0.0,48.6,72.0,4615.0,4614.53,0.0,-1.3,0.0,39.5,371.95,199.4,65.4,67.7,59.3
2022-03-10 00:00:00,20:07:25,6,37.9,0.0,48.6,72.0,4615.0,4614.46,0.0,-1.3,0.0,39.5,371.96,199.4,65.5,67.7,59.2
2022-03-10 00:00:00,20:08:25,6,38.2,0.0,48.6,72.0,4615.0,4614.35,0.0,-1.3,0.0,39.5,371.95,199.4,65.7,67.8,59.2
2022-03-10 00:00:00,20:09:25,6,38.4,0.0,48.6,72.0,4615.0,4614.42,0.0,-1.3,0.0,39.5,371.95,199.4,65.7,67.8,59.1
2022-03-10 00:00:00,20:10:25,6,38.5,0.0,48.6,72.0,4615.0,4614.0,0.0,-1.3,0.0,39.5,371.95,199.4,65.8,67.8,58.9
2022-03-10 00:00:00,20:11:25,6,38.6,0.0,48.6,72.0,4615.0,4614.28,0.0,-1.3,0.0,39.5,371.95,199.4,65.9,67.8,58.8
2022-03-10 00:00:00,20:12:25,6,38.6,0.0,48.6,72.0,4615.0,4614.49,0.0,-1.3,0.0,39.5,371.95,199.4,65.9,67.9,58.8
2022-03-10 00:00:00,20:13:25,6,38.7,0.0,48.6,72.0,4615.0,4614.81,0.0,-1.3,0.0,39.5,371.95,199.4,65.9,67.8,58.8
2022-03-10 00:00:00,20:14:25,6,38.7,0.0,48.6,72.0,4615.0,4614.88,0.0,-1.3,0.0,39.5,371.95,199.4,65.9,68.0,58.8
2022-03-10 00:00:00,20:15:25,6,38.9,0.0,48.6,72.0,4615.0,4615.34,0.0,-1.2,0.0,39.5,371.95,199.4,66.0,68.0,58.8
2022-03-10 00:00:00,20:16:25,6,39.0,0.0,48.6,72.0,4615.0,4615.59,0.0,-1.3,0.0,39.5,371.95,199.4,66.0,68.0,58.8
2022-03-10 00:00:00,20:17:25,6,39.0,0.0,48.6,72.0,4615.0,4615.02,0.0,-1.3,0.0,39.5,371.95,199.4,66.1,68.1,58.8
2022-03-10 00:00:00,20:18:25,6,38.9,0.0,48.6,72.0,4615.0,4615.16,0.0,-1.3,0.0,39.5,371.95,199.4,66.1,68.1,58.8
2022-03-10 00:00:00,20:19:25,6,39.0,0.0,48.6,72.0,4615.0,4615.3,0.0,-1.3,0.0,39.5,371.94,199.4,66.2,68.2,58.9
2022-03-10 00:00:00,20:20:25,6,39.0,0.0,48.6,72.0,4615.0,4614.81,0.0,-1.3,0.0,39.4,371.93,199.4,66.3,68.1,59.0
2022-03-10 00:00:00,20:21:25,6,38.9,0.0,48.6,72.0,4615.0,4614.77,0.0,-1.3,0.0,39.5,371.94,199.4,66.1,68.2,58.8
2022-03-10 00:00:00,20:22:25,6,38.8,0.0,48.6,72.0,4615.0,4615.23,0.0,-1.3,0.0,39.5,371.93,199.4,66.0,68.2,58.8
2022-03-10 00:00:00,20:23:25,6,38.6,0.0,48.6,72.0,4615.0,4615.09,0.0,-1.3,0.0,39.5,371.92,199.4,65.9,68.1,59.0
2022-03-10 00:00:00,20:24:25,6,38.5,0.0,48.6,72.0,4615.0,4614.77,0.0,-1.3,0.0,39.5,371.94,199.4,65.8,68.0,59.1
2022-03-10 00:00:00,20:25:25,6,38.4,0.0,48.6,72.0,4615.0,4614.77,0.0,-1.3,0.0,39.5,371.94,199.4,65.7,68.0,59.0
2022-03-10 00:00:00,20:26:25,6,38.3,0.0,48.6,72.0,4615.0,4614.21,0.0,-1.3,0.0,39.5,371.94,199.4,65.8,68.0,59.1
2022-03-10 00:00:00,20:27:25,6,38.0,0.0,48.6,72.0,4615.0,4614.21,0.0,-1.3,0.0,39.5,371.93,199.4,65.6,68.0,59.2
2022-03-10 00:00:00,20:28:25,6,37.9,0.0,48.6,72.0,4615.0,4614.17,0.0,-1.3,0.0,39.5,371.95,199.4,65.6,68.0,59.2
2022-03-10 00:00:00,20:29:25,6,37.8,0.0,48.6,72.0,4615.0,4614.1,0.0,-1.3,0.0,39.5,371.93,199.4,65.6,67.9,59.3
2022-03-10 00:00:00,20:30:25,6,37.7,0.0,48.6,72.0,4615.0,4614.46,0.0,-1.3,0.0,39.5,371.94,199.4,65.6,68.0,59.3
2022-03-10 00:00:00,20:31:25,6,37.6,0.0,48.6,72.0,4615.0,4615.16,0.0,-1.3,0.0,39.5,371.93,199.4,65.5,67.9,59.2
2022-03-10 00:00:00,20:32:25,6,37.6,0.0,48.6,72.0,4615.0,4615.66,0.0,-1.3,0.0,39.5,371.93,199.4,65.5,67.8,59.3
2022-03-10 00:00:00,20:33:25,6,37.6,0.0,48.6,72.0,4615.0,4614.95,0.0,-1.3,0.0,39.5,371.92,199.4,65.5,67.7,59.1
2022-03-10 00:00:00,20:34:25,6,37.4,0.0,48.6,72.0,4615.0,4615.34,0.0,-1.3,0.0,39.5,371.94,199.4,65.4,67.7,59.1
2022-03-10 00:00:00,20:35:25,6,37.5,0.0,48.6,72.0,4615.0,4615.38,0.0,-1.3,0.0,39.5,371.93,199.4,65.3,67.8,59.4
2022-03-10 00:00:00,20:36:25,6,37.6,0.0,48.6,72.0,4615.0,4614.92,0.0,-1.3,0.0,39.5,371.95,199.4,65.3,67.7,59.2
2022-03-10 00:00:00,20:37:25,6,37.5,0.0,48.6,72.0,4615.0,4614.74,0.0,-1.3,0.0,39.5,371.94,199.4,65.3,67.6,59.1
2022-03-10 00:00:00,20:38:25,6,37.3,0.0,48.6,72.0,4615.0,4615.27,0.0,-1.3,0.0,39.5,371.94,199.4,65.3,67.7,59.1
2022-03-10 00:00:00,20:39:25,6,37.4,0.0,48.6,72.0,4615.0,4615.34,0.0,-1.3,0.0,39.5,371.92,199.4,65.4,67.7,59.2
2022-03-10 00:00:00,20:40:25,6,37.5,0.0,48.6,72.0,4615.0,4614.74,0.0,-1.3,0.0,39.5,371.94,199.4,65.5,67.7,59.4
2022-03-10 00:00:00,20:41:25,6,38.0,0.0,48.6,72.0,4615.0,4614.7,0.0,-1.3,0.0,39.5,371.94,199.4,65.5,67.9,59.2
2022-03-10 00:00:00,20:42:25,6,38.3,0.0,48.6,72.0,4615.0,4614.24,0.0,-1.3,0.0,39.5,371.93,199.4,65.8,67.8,59.2
2022-03-10 00:00:00,20:43:25,6,38.4,0.0,48.6,72.0,4615.0,4614.21,0.0,-1.3,0.0,39.5,371.93,199.4,65.7,67.8,59.1
2022-03-10 00:00:00,20:44:25,6,38.5,0.0,48.6,72.0,4615.0,4614.28,0.0,-1.3,0.0,39.5,371.94,199.4,65.9,67.8,58.9
2022-03-10 00:00:00,20:45:25,6,38.6,0.0,48.6,72.0,4615.0,4614.35,0.0,-1.3,0.0,39.5,371.93,199.4,65.9,67.8,58.9
2022-03-10 00:00:00,20:46:25,6,38.6,0.0,48.6,72.0,4615.0,4614.49,0.0,-1.3,0.0,39.5,371.92,199.4,65.9,68.0,58.9
2022-03-10 00:00:00,20:47:25,6,38.6,0.0,48.6,72.0,4615.0,4615.06,0.0,-1.3,0.0,39.5,371.94,199.4,66.0,67.9,58.7
2022-03-10 00:00:00,20:48:25,6,38.8,0.0,48.6,72.0,4615.0,4615.23,0.0,-1.3,0.0,39.5,371.92,199.4,66.1,67.8,58.9
2022-03-10 00:00:00,20:49:25,6,38.8,0.0,48.6,72.0,4615.0,4615.27,0.0,-1.3,0.0,39.5,371.92,199.4,66.1,67.9,58.9
2022-03-10 00:00:00,20:50:25,6,38.9,0.0,48.6,72.0,4615.0,4615.16,0.0,-1.3,0.0,39.5,371.93,199.4,66.2,68.0,58.9
2022-03-10 00:00:00,20:51:25,6,39.0,0.0,48.6,72.0,4615.0,4615.34,0.0,-1.3,0.0,39.5,371.92,199.4,66.1,68.0,58.9
2022-03-10 00:00:00,20:52:25,6,39.0,0.0,48.6,72.0,4615.0,4614.81,0.0,-1.3,0.0,39.5,371.92,199.4,66.2,68.1,58.9
2022-03-10 00:00:00,20:53:25,6,39.0,0.0,48.6,72.0,4615.0,4615.3,0.0,-1.3,0.0,39.4,371.93,199.4,66.2,68.2,59.0
2022-03-10 00:00:00,20:54:25,6,39.0,0.0,48.6,72.0,4615.0,4615.3,0.0,-1.3,0.0,39.4,371.93,199.4,66.3,68.1,58.8
2022-03-10 00:00:00,20:55:25,6,39.0,0.0,48.6,72.0,4615.0,4614.49,0.0,-1.3,0.0,39.4,371.92,199.4,66.1,68.1,58.7
2022-03-10 00:00:00,20:56:25,6,38.8,0.0,48.6,72.0,4615.0,4614.28,0.0,-1.3,0.0,39.5,371.92,199.4,66.1,68.1,58.9
2022-03-10 00:00:00,20:57:25,6,38.7,0.0,48.6,72.0,4615.0,4614.1,0.0,-1.3,0.0,39.5,371.92,199.4,65.9,68.2,58.9
2022-03-10 00:00:00,20:58:25,6,38.6,0.0,48.6,72.0,4615.0,4614.21,0.0,-1.3,0.0,39.5,371.92,199.4,65.8,68.2,59.3
2022-03-10 00:00:00,20:59:25,6,38.4,0.0,48.6,72.0,4615.0,4614.49,0.0,-1.3,0.0,39.5,371.92,199.4,65.8,68.1,59.0
2022-03-10 00:00:00,21:00:25,6,38.3,0.0,48.6,72.0,4615.0,4615.06,0.0,-1.3,0.0,39.5,371.92,199.4,65.7,68.0,59.2
2022-03-10 00:00:00,21:01:25,6,38.0,0.0,48.6,72.0,4615.0,4615.62,0.0,-1.2,0.0,39.5,371.92,199.4,65.7,68.1,59.0
2022-03-10 00:00:00,21:02:25,6,38.1,0.0,48.6,72.0,4615.0,4615.27,0.0,-1.3,0.0,39.5,371.92,199.4,65.6,68.0,59.2
2022-03-10 00:00:00,21:03:25,6,38.0,0.0,48.6,72.0,4615.0,4615.06,0.0,-1.3,0.0,39.5,371.92,199.4,65.7,67.9,59.2
2022-03-10 00:00:00,21:04:25,6,37.8,0.0,48.6,72.0,4615.0,4615.3,0.0,-1.3,0.0,39.5,371.92,199.4,65.5,68.0,59.4
2022-03-10 00:00:00,21:05:25,6,37.8,0.0,48.6,72.0,4615.0,4615.16,0.0,-1.3,0.0,39.5,371.92,199.4,65.6,67.9,59.3
2022-03-10 00:00:00,21:06:25,6,37.6,0.0,48.6,72.0,4615.0,4615.06,0.0,-1.3,0.0,39.5,371.92,199.4,65.5,67.9,59.3
2022-03-10 00:00:00,21:07:25,6,37.5,0.0,48.6,72.0,4615.0,4614.56,0.0,-1.3,0.0,39.5,371.92,199.4,65.4,67.7,59.3
2022-03-10 00:00:00,21:08:25,6,37.7,0.0,48.6,72.0,4615.0,4614.53,0.0,-1.2,0.0,39.5,371.92,199.4,65.4,67.8,59.3
2022-03-10 00:00:00,21:09:25,6,37.7,0.0,48.6,72.0,4615.0,4613.89,0.0,-1.3,0.0,39.5,371.91,199.4,65.4,67.8,59.2
2022-03-10 00:00:00,21:10:25,6,37.5,0.0,48.6,72.0,4615.0,4614.0,0.0,-1.3,0.0,39.5,371.92,199.4,65.4,67.8,59.3
2022-03-10 00:00:00,21:11:25,6,37.4,0.0,48.6,72.0,4615.0,4614.53,0.0,-1.3,0.0,39.5,371.92,199.4,65.3,67.7,59.3
2022-03-10 00:00:00,21:12:25,6,37.3,0.0,48.6,72.0,4615.0,4614.67,0.0,-1.3,0.0,39.5,371.92,199.4,65.3,67.7,59.3
2022-03-10 00:00:00,21:13:25,6,37.3,0.0,48.6,72.0,4615.0,4615.13,0.0,-1.3,0.0,39.5,371.92,199.4,65.4,67.7,59.2
2022-03-10 00:00:00,21:14:25,6,37.4,0.0,48.6,72.0,4615.0,4615.41,0.0,-1.3,0.0,39.5,371.92,199.4,65.5,67.8,59.4
2022-03-10 00:00:00,21:15:25,6,37.9,0.0,48.6,72.0,4615.0,4615.2,0.0,-1.3,0.0,39.5,371.92,199.4,65.6,67.8,59.3
2022-03-10 00:00:00,21:16:25,6,38.2,0.0,48.6,72.0,4615.0,4614.95,0.0,-1.3,0.0,39.5,371.92,199.4,65.8,67.7,59.5
2022-03-10 00:00:00,21:17:25,6,38.4,0.0,48.6,72.0,4615.0,4615.27,0.0,-1.3,0.0,39.5,371.92,199.4,65.8,67.7,59.1
2022-03-10 00:00:00,21:18:25,6,38.5,0.0,48.6,72.0,4615.0,4615.34,0.0,-1.3,0.0,39.5,371.92,199.4,65.9,67.8,59.0
2022-03-10 00:00:00,21:19:25,6,38.5,0.0,48.6,72.0,4615.0,4614.77,0.0,-1.3,0.0,39.5,371.92,199.4,65.9,67.9,59.0
2022-03-10 00:00:00,21:20:25,6,38.6,0.0,48.6,72.0,4615.0,4614.6,0.0,-1.3,0.0,39.5,371.92,199.4,65.8,67.9,59.1
2022-03-10 00:00:00,21:21:25,6,38.7,0.0,48.6,72.0,4615.0,4614.53,0.0,-1.3,0.0,39.5,371.91,199.4,66.0,67.9,59.0
2022-03-10 00:00:00,21:22:25,6,38.7,0.0,48.6,72.0,4615.0,4613.92,0.0,-1.3,0.0,39.5,371.91,199.4,66.0,68.0,58.9
2022-03-10 00:00:00,21:23:25,6,38.8,0.0,48.6,72.0,4615.0,4614.6,0.0,-1.3,0.0,39.4,371.91,199.4,66.0,68.0,58.8
2022-03-10 00:00:00,21:24:25,6,38.9,0.0,48.6,72.0,4615.0,4615.16,0.0,-1.3,0.0,39.4,371.91,199.4,66.0,68.1,59.0
2022-03-10 00:00:00,21:25:25,6,39.0,0.0,48.6,72.0,4615.0,4615.13,0.0,-1.2,0.0,39.4,371.91,199.4,66.1,68.2,58.9
2022-03-10 00:00:00,21:26:25,6,39.0,0.0,48.6,72.0,4615.0,4615.45,0.0,-1.3,0.0,39.4,371.91,199.4,66.1,68.2,59.0
2022-03-10 00:00:00,21:27:25,6,39.1,0.0,48.6,72.0,4615.0,4615.3,0.0,-1.3,0.0,39.4,371.92,199.4,66.3,68.2,59.1
2022-03-10 00:00:00,21:28:25,6,39.1,0.0,48.6,72.0,4615.0,4615.23,0.0,-1.3,0.0,39.4,371.92,199.4,66.2,68.1,59.0
2022-03-10 00:00:00,21:29:25,6,39.0,0.0,48.6,72.0,4615.0,4615.13,0.0,-1.3,0.0,39.4,371.91,199.4,66.3,68.1,58.8
2022-03-10 00:00:00,21:30:25,6,38.8,0.0,48.6,72.0,4615.0,4615.13,0.0,-1.3,0.0,39.4,371.9,199.4,66.1,68.2,58.9
2022-03-10 00:00:00,21:31:25,6,38.7,0.0,48.6,72.0,4615.0,4614.46,0.0,-1.3,0.0,39.4,371.9,199.4,66.0,68.3,58.9
2022-03-10 00:00:00,21:32:25,6,38.5,0.0,48.6,72.0,4615.0,4614.1,0.0,-1.3,0.0,39.4,371.89,199.4,65.9,68.2,59.1
2022-03-10 00:00:00,21:33:25,6,38.4,0.0,48.6,72.0,4615.0,4614.31,0.0,-1.3,0.0,39.5,371.9,199.4,65.9,68.1,59.2
2022-03-10 00:00:00,21:34:25,6,38.3,0.0,48.6,72.0,4615.0,4615.02,0.0,-1.3,0.0,39.5,371.91,199.4,65.7,68.3,59.2
2022-03-10 00:00:00,21:35:25,6,38.1,0.0,48.6,72.0,4615.0,4615.16,0.0,-1.3,0.0,39.5,371.9,199.4,65.7,68.1,59.3
2022-03-10 00:00:00,21:36:25,6,38.0,0.0,48.6,72.0,4615.0,4615.27,0.0,-1.3,0.0,39.5,371.89,199.4,65.7,68.1,59.3
2022-03-10 00:00:00,21:37:25,6,37.9,0.0,48.6,72.0,4615.0,4615.59,0.0,-1.3,0.0,39.5,371.91,199.4,65.8,68.1,59.3
2022-03-10 00:00:00,21:38:25,6,37.8,0.0,48.6,72.0,4615.0,4614.92,0.0,-1.3,0.0,39.5,371.9,199.4,65.6,68.1,59.3
2022-03-10 00:00:00,21:39:25,6,37.7,0.0,48.6,72.0,4615.0,4615.34,0.0,-1.3,0.0,39.5,371.89,199.4,65.5,68.0,59.3
2022-03-10 00:00:00,21:40:25,6,37.6,0.0,48.6,72.0,4615.0,4615.2,0.0,-1.3,0.0,39.5,371.9,199.4,65.6,68.0,59.1
2022-03-10 00:00:00,21:41:25,6,37.6,0.0,48.6,72.0,4615.0,4614.42,0.0,-1.3,0.0,39.5,371.9,199.4,65.5,68.0,59.2
2022-03-10 00:00:00,21:42:25,6,37.5,0.0,48.6,72.0,4615.0,4614.21,0.0,-1.3,0.0,39.5,371.89,199.4,65.5,67.8,59.3
2022-03-10 00:00:00,21:43:25,6,37.4,0.0,48.6,72.0,4615.0,4614.31,0.0,-1.3,0.0,39.5,371.89,199.4,65.5,67.7,59.1
2022-03-10 00:00:00,21:44:25,6,37.4,0.0,48.6,72.0,4615.0,4615.02,0.0,-1.2,0.0,39.5,371.9,199.4,65.5,67.7,59.1
2022-03-10 00:00:00,21:45:25,6,37.3,0.0,48.6,72.0,4615.0,4615.27,0.0,-1.3,0.0,39.5,371.9,199.4,65.5,67.8,59.2
2022-03-10 00:00:00,21:46:25,6,37.3,0.0,48.6,72.0,4615.0,4615.48,0.0,-1.3,0.0,39.5,371.9,199.4,65.4,67.6,59.2
2022-03-10 00:00:00,21:47:25,6,37.3,0.0,48.6,72.0,4615.0,4615.2,0.0,-1.3,0.0,39.5,371.9,199.4,65.3,67.7,59.0
2022-03-10 00:00:00,21:48:25,6,37.4,0.0,48.6,72.0,4615.0,4615.02,0.0,-1.3,0.0,39.5,371.9,199.4,65.5,67.6,59.2
2022-03-10 00:00:00,21:49:25,6,37.5,0.0,48.6,72.0,4615.0,4615.38,0.0,-1.3,0.0,39.5,371.89,199.4,65.6,67.7,59.3
2022-03-10 00:00:00,21:50:25,6,38.0,0.0,48.6,72.0,4615.0,4614.84,0.0,-1.3,0.0,39.5,371.91,199.4,65.6,67.8,59.3
2022-03-10 00:00:00,21:51:25,6,38.2,0.0,48.6,72.0,4615.0,4614.31,0.0,-1.2,0.0,39.5,371.9,199.4,65.8,67.8,59.3
2022-03-10 00:00:00,21:52:25,6,38.3,0.0,48.6,72.0,4615.0,4614.03,0.0,-1.3,0.0,39.5,371.9,199.4,65.7,67.8,59.2
2022-03-10 00:00:00,21:53:25,6,38.4,0.0,48.6,72.0,4615.0,4614.28,0.0,-1.3,0.0,39.5,371.9,199.4,65.8,67.9,59.1
2022-03-10 00:00:00,21:54:25,6,38.5,0.0,48.6,72.0,4615.0,4615.23,0.0,-1.3,0.0,39.5,371.9,199.4,65.9,67.8,59.0
2022-03-10 00:00:00,21:55:25,6,38.6,0.0,48.6,72.0,4615.0,4615.34,0.0,-1.3,0.0,39.5,371.89,199.4,66.0,67.9,58.8
2022-03-10 00:00:00,21:56:25,6,38.6,0.0,48.6,72.0,4615.0,4615.38,0.0,-1.3,0.0,39.5,371.9,199.4,65.9,67.9,59.0
2022-03-10 00:00:00,21:57:25,6,38.8,0.0,48.6,72.0,4615.0,4615.48,0.0,-1.3,0.0,39.5,371.9,199.4,66.1,67.9,58.9
2022-03-10 00:00:00,21:58:25,6,38.8,0.0,48.6,72.0,4615.0,4615.09,0.0,-1.3,0.0,39.4,371.89,199.4,66.1,68.0,58.8
2022-03-10 00:00:00,21:59:25,6,38.9,0.0,48.6,72.0,4615.0,4615.59,0.0,-1.2,0.0,39.5,371.89,199.4,66.2,68.0,58.9
2022-03-10 00:00:00,22:00:25,6,38.9,0.0,48.6,72.0,4615.0,4614.67,0.0,-1.2,0.0,39.4,371.89,199.4,66.1,68.1,59.0
2022-03-10 00:00:00,22:01:25,6,39.0,0.0,48.6,72.0,4615.0,4614.1,0.0,-1.2,0.0,39.4,371.89,199.4,66.2,68.1,59.0
2022-03-10 00:00:00,22:02:25,6,39.0,0.0,48.6,72.0,4615.0,4614.31,0.0,-1.2,0.0,39.5,371.88,199.4,66.2,68.3,59.0
2022-03-10 00:00:00,22:03:25,6,39.0,0.0,48.6,72.0,4615.0,4615.41,0.0,-1.3,0.0,39.4,371.89,199.4,66.2,68.2,58.9
2022-03-10 00:00:00,22:04:25,6,38.9,0.0,48.6,72.0,4615.0,4615.16,0.0,-1.3,0.0,39.4,371.89,199.4,66.0,68.3,59.0
2022-03-10 00:00:00,22:05:25,6,38.8,0.0,48.6,72.0,4615.0,4615.45,0.0,-1.2,0.0,39.4,371.89,199.4,66.0,68.2,58.9
2022-03-10 00:00:00,22:06:25,6,38.5,0.0,48.6,72.0,4615.0,4615.38,0.0,-1.2,0.0,39.4,371.88,199.4,65.9,68.2,59.1
2022-03-10 00:00:00,22:07:25,6,38.4,0.0,48.6,72.0,4615.0,4615.27,0.0,-1.3,0.0,39.5,371.89,199.4,65.9,68.1,59.3
2022-03-10 00:00:00,22:08:25,6,38.2,0.0,48.6,72.0,4615.0,4615.02,0.0,-1.3,0.0,39.4,371.89,199.4,65.8,68.1,59.3
2022-03-10 00:00:00,22:09:25,6,38.1,0.0,48.6,72.0,4615.0,4614.42,0.0,-1.3,0.0,39.5,371.87,199.4,65.8,68.2,59.2
2022-03-10 00:00:00,22:10:25,6,38.0,0.0,48.6,72.0,4615.0,4614.21,0.0,-1.3,0.0,39.5,371.88,199.4,65.9,68.1,59.2
2022-03-10 00:00:00,22:11:25,6,38.0,0.0,48.6,72.0,4615.0,4614.03,0.0,-1.3,0.0,39.5,371.89,199.4,65.7,68.1,59.1
2022-03-10 00:00:00,22:12:25,6,37.9,0.0,48.6,72.0,4615.0,4615.27,0.0,-1.3,0.0,39.5,371.89,199.4,65.6,68.0,59.2
2022-03-10 00:00:00,22:13:25,6,37.7,0.0,48.6,72.0,4615.0,4615.45,0.0,-1.2,0.0,39.5,371.88,199.4,65.6,68.0,59.2
2022-03-10 00:00:00,22:14:25,6,37.6,0.0,48.6,72.0,4615.0,4615.27,0.0,-1.2,0.0,39.5,371.89,199.4,65.7,67.9,59.2
2022-03-10 00:00:00,22:15:25,6,37.7,0.0,48.6,72.0,4615.0,4615.23,0.0,-1.2,0.0,39.5,371.89,199.4,65.5,67.8,59.3
2022-03-10 00:00:00,22:16:25,6,37.6,0.0,48.6,72.0,4615.0,4615.34,0.0,-1.2,0.0,39.5,371.88,199.4,65.4,67.8,59.3
2022-03-10 00:00:00,22:17:25,6,37.5,0.0,48.6,72.0,4615.0,4614.53,0.0,-1.3,0.0,39.5,371.88,199.4,65.4,67.9,59.2
2022-03-10 00:00:00,22:18:25,6,37.3,0.0,48.6,72.0,4615.0,4614.24,0.0,-1.3,0.0,39.5,371.89,199.4,65.4,67.8,59.1
2022-03-10 00:00:00,22:19:25,6,37.5,0.0,48.6,72.0,4615.0,4614.53,0.0,-1.3,0.0,39.5,371.88,199.4,65.4,67.7,59.3
2022-03-10 00:00:00,22:20:25,6,37.2,0.0,48.6,72.0,4615.0,4614.6,0.0,-1.2,0.0,39.5,371.88,199.4,65.4,67.7,59.2
2022-03-10 00:00:00,22:21:25,6,37.4,0.0,48.6,72.0,4615.0,4615.48,0.0,-1.2,0.0,39.5,371.89,199.4,65.5,67.7,59.2
2022-03-10 00:00:00,22:22:25,6,37.4,0.0,48.6,72.0,4615.0,4615.66,0.0,-1.3,0.0,39.5,371.89,199.4,65.5,67.8,59.3
2022-03-10 00:00:00,22:23:25,6,37.8,0.0,48.6,72.0,4615.0,4615.16,0.0,-1.3,0.0,39.5,371.88,199.4,65.5,67.8,59.3
2022-03-10 00:00:00,22:24:25,6,38.2,0.0,48.6,72.0,4615.0,4615.13,0.0,-1.3,0.0,39.4,371.89,199.4,65.6,68.0,59.2
2022-03-10 00:00:00,22:25:25,6,38.4,0.0,48.6,72.0,4615.0,4615.27,0.0,-1.3,0.0,39.5,371.89,199.4,65.7,67.8,59.2
2022-03-10 00:00:00,22:26:25,6,38.5,0.0,48.6,72.0,4615.0,4614.38,0.0,-1.3,0.0,39.4,371.88,199.4,65.8,67.9,59.0
2022-03-10 00:00:00,22:27:25,6,38.5,0.0,48.6,72.0,4615.0,4614.1,0.0,-1.2,0.0,39.5,371.89,199.4,65.9,67.8,59.0
2022-03-10 00:00:00,22:28:25,6,38.6,0.0,48.6,72.0,4615.0,4614.46,0.0,-1.2,0.0,39.5,371.88,199.4,65.9,67.9,58.8
2022-03-10 00:00:00,22:29:25,6,38.7,0.0,48.6,72.0,4615.0,4615.2,0.0,-1.2,0.0,39.5,371.87,199.4,66.0,67.9,58.8
2022-03-10 00:00:00,22:30:25,6,38.7,0.0,48.6,72.0,4615.0,4615.3,0.0,-1.3,0.0,39.5,371.89,199.4,66.0,68.0,58.9
2022-03-10 00:00:00,22:31:25,6,38.8,0.0,48.6,72.0,4615.0,4615.27,0.0,-1.3,0.0,39.5,371.87,199.4,66.1,68.0,58.8
2022-03-10 00:00:00,22:32:25,6,38.9,0.0,48.6,72.0,4615.0,4615.34,0.0,-1.3,0.0,39.5,371.89,199.4,66.1,68.1,58.8
2022-03-10 00:00:00,22:33:25,6,38.9,0.0,48.6,72.0,4615.0,4615.16,0.0,-1.3,0.0,39.4,371.87,199.4,66.2,68.2,59.1
2022-03-10 00:00:00,22:34:25,6,39.0,0.0,48.6,72.0,4615.0,4614.24,0.0,-1.3,0.0,39.5,371.88,199.4,66.2,68.3,58.8
2022-03-10 00:00:00,22:35:25,6,38.9,0.0,48.6,72.0,4615.0,4614.31,0.0,-1.3,0.0,39.5,371.88,199.4,66.2,68.2,59.0
2022-03-10 00:00:00,22:36:25,6,38.9,0.0,48.6,72.0,4615.0,4614.63,0.0,-1.3,0.0,39.4,371.87,199.4,66.3,68.1,58.9
2022-03-10 00:00:00,22:37:25,6,38.8,0.0,48.6,72.0,4615.0,4615.2,0.0,-1.2,0.0,39.4,371.88,199.4,66.1,68.1,58.9
2022-03-10 00:00:00,22:38:25,6,38.7,0.0,48.6,72.0,4615.0,4615.41,0.0,-1.2,0.0,39.4,371.85,199.4,66.0,68.1,58.9
2022-03-10 00:00:00,22:39:25,6,38.5,0.0,48.6,72.0,4615.0,4615.13,0.0,-1.2,0.0,39.5,371.87,199.4,66.0,68.1,58.9
2022-03-10 00:00:00,22:40:25,6,38.4,0.0,48.6,72.0,4615.0,4615.27,0.0,-1.2,0.0,39.5,371.87,199.4,65.9,68.1,59.1
2022-03-10 00:00:00,22:41:25,6,38.2,0.0,48.6,72.0,4615.0,4615.06,0.0,-1.2,0.0,39.4,371.86,199.4,65.8,68.2,59.0
2022-03-10 00:00:00,22:42:25,6,38.1,0.0,48.6,72.0,4615.0,4614.21,0.0,-1.3,0.0,39.5,371.86,199.4,65.7,68.1,59.1
2022-03-10 00:00:00,22:43:25,6,38.0,0.0,48.6,72.0,4615.0,4614.31,0.0,-1.3,0.0,39.5,371.86,199.4,65.7,68.2,59.2
2022-03-10 00:00:00,22:44:25,6,37.8,0.0,48.6,72.0,4615.0,4614.95,0.0,-1.3,0.0,39.5,371.85,199.4,65.7,68.0,59.3
2022-03-10 00:00:00,22:45:25,6,37.9,0.0,48.6,72.0,4615.0,4615.34,0.0,-1.3,0.0,39.5,371.88,199.4,65.7,68.0,59.3
2022-03-10 00:00:00,22:46:25,6,37.8,0.0,48.6,72.0,4615.0,4615.41,0.0,-1.3,0.0,39.5,371.86,199.4,65.7,67.9,59.1
2022-03-10 00:00:00,22:47:25,6,37.7,0.0,48.6,72.0,4615.0,4614.67,0.0,-1.3,0.0,39.5,371.86,199.4,65.7,67.8,59.0
2022-03-10 00:00:00,22:48:25,6,37.5,0.0,48.6,72.0,4615.0,4615.23,0.0,-1.3,0.0,39.5,371.86,199.4,65.5,67.9,59.2
2022-03-10 00:00:00,22:49:25,6,37.7,0.0,48.6,72.0,4615.0,4614.6,0.0,-1.3,0.0,39.5,371.86,199.4,65.5,67.9,59.0
2022-03-10 00:00:00,22:50:25,6,37.7,0.0,48.6,72.0,4615.0,4614.24,0.0,-1.3,0.0,39.5,371.87,199.4,65.4,67.8,59.3
2022-03-10 00:00:00,22:51:25,6,37.5,0.0,48.6,72.0,4615.0,4614.7,0.0,-1.3,0.0,39.5,371.88,199.4,65.4,67.7,59.2
2022-03-10 00:00:00,22:52:25,6,37.5,0.0,48.6,72.0,4615.0,4615.48,0.0,-1.3,0.0,39.5,371.86,199.4,65.4,67.7,59.2
2022-03-10 00:00:00,22:53:25,6,37.3,0.0,48.6,72.0,4615.0,4615.06,0.0,-1.3,0.0,39.5,371.86,199.4,65.4,67.7,59.2
2022-03-10 00:00:00,22:54:25,6,37.4,0.0,48.6,72.0,4615.0,4615.2,0.0,-1.3,0.0,39.5,371.87,199.4,65.5,67.6,59.2
2022-03-10 00:00:00,22:55:25,6,37.6,0.0,48.6,72.0,4615.0,4615.52,0.0,-1.3,0.0,39.5,371.86,199.4,65.5,67.9,59.4
2022-03-10 00:00:00,22:56:25,6,38.1,0.0,48.6,72.0,4615.0,4614.38,0.0,-1.3,0.0,39.4,371.86,199.4,65.7,67.9,59.3
2022-03-10 00:00:00,22:57:25,6,38.2,0.0,48.6,72.0,4615.0,4614.17,0.0,-1.3,0.0,39.5,371.86,199.4,65.8,67.9,59.3
2022-03-10 00:00:00,22:58:25,6,38.4,0.0,48.6,72.0,4615.0,4614.17,0.0,-1.3,0.0,39.5,371.86,199.4,65.8,67.9,59.1
2022-03-10 00:00:00,22:59:25,6,38.4,0.0,48.6,72.0,4615.0,4615.38,0.0,-1.3,0.0,39.5,371.86,199.4,65.7,67.9,59.1
2022-03-10 00:00:00,23:00:25,6,38.6,0.0,48.6,72.0,4615.0,4615.13,0.0,-1.3,0.0,39.5,371.87,199.4,65.9,67.9,59.0
2022-03-10 00:00:00,23:01:25,6,38.6,0.0,48.6,72.0,4615.0,4615.41,0.0,-1.3,0.0,39.4,371.85,199.4,66.1,68.0,58.9
2022-03-10 00:00:00,23:02:25,6,38.6,0.0,48.6,72.0,4615.0,4615.52,0.0,-1.3,0.0,39.5,371.85,199.4,66.0,68.0,58.8
2022-03-10 00:00:00,23:03:25,6,38.7,0.0,48.6,72.0,4615.0,4614.81,0.0,-1.3,0.0,39.4,371.87,199.4,66.0,68.1,58.8
2022-03-10 00:00:00,23:04:25,6,38.8,0.0,48.6,72.0,4615.0,4614.17,0.0,-1.3,0.0,39.5,371.86,199.4,66.1,68.1,58.9
2022-03-10 00:00:00,23:05:25,6,38.9,0.0,48.6,72.0,4615.0,4614.14,0.0,-1.2,0.0,39.4,371.87,199.4,66.1,68.1,59.0
2022-03-10 00:00:00,23:06:25,6,38.9,0.0,48.6,72.0,4615.0,4614.95,0.0,-1.3,0.0,39.4,371.85,199.4,66.3,68.2,58.9
2022-03-10 00:00:00,23:07:25,6,39.0,0.0,48.6,72.0,4615.0,4615.13,0.0,-1.3,0.0,39.4,371.85,199.4,66.2,68.2,58.8
2022-03-10 00:00:00,23:08:25,6,38.9,0.0,48.6,72.0,4615.0,4615.3,0.0,-1.3,0.0,39.4,371.86,199.4,66.3,68.2,58.9
2022-03-10 00:00:00,23:09:25,6,38.9,0.0,48.6,72.0,4615.0,4614.99,0.0,-1.3,0.0,39.4,371.85,199.4,66.2,68.2,58.8
2022-03-10 00:00:00,23:10:25,6,38.8,0.0,48.6,72.0,4615.0,4614.53,0.0,-1.3,0.0,39.4,371.85,199.4,66.0,68.2,58.9
2022-03-10 00:00:00,23:11:25,6,38.7,0.0,48.6,72.0,4615.0,4614.56,0.0,-1.3,0.0,39.4,371.85,199.4,66.0,68.3,58.9
2022-03-10 00:00:00,23:12:25,6,38.5,0.0,48.6,72.0,4615.0,4614.38,0.0,-1.3,0.0,39.5,371.85,199.4,66.0,68.1,59.0
2022-03-10 00:00:00,23:13:25,6,38.5,0.0,48.6,72.0,4615.0,4615.06,0.0,-1.3,0.0,39.5,371.85,199.4,65.9,68.2,59.2
2022-03-10 00:00:00,23:14:25,6,38.3,0.0,48.6,72.0,4615.0,4615.27,0.0,-1.3,0.0,39.5,371.84,199.4,65.8,68.1,59.1
2022-03-10 00:00:00,23:15:25,6,38.0,0.0,48.6,72.0,4615.0,4614.95,0.0,-1.3,0.0,39.5,371.84,199.4,65.8,68.1,59.2
2022-03-10 00:00:00,23:16:25,6,37.9,0.0,48.6,72.0,4615.0,4615.09,0.0,-1.3,0.0,39.5,371.84,199.4,65.9,68.2,59.2
2022-03-10 00:00:00,23:17:25,6,37.9,0.0,48.6,72.0,4615.0,4614.49,0.0,-1.3,0.0,39.5,371.85,199.4,65.8,68.0,59.2
2022-03-10 00:00:00,23:18:25,6,37.7,0.0,48.6,72.0,4615.0,4614.38,0.0,-1.2,0.0,39.5,371.85,199.4,65.7,68.0,59.2
2022-03-10 00:00:00,23:19:25,6,37.8,0.0,48.6,72.0,4615.0,4614.35,0.0,-1.2,0.0,39.5,371.84,199.4,65.6,68.0,59.4
2022-03-10 00:00:00,23:20:25,6,37.7,0.0,48.6,72.0,4615.0,4615.27,0.0,-1.3,0.0,39.5,371.85,199.4,65.6,68.0,59.3
2022-03-10 00:00:00,23:21:25,6,37.5,0.0,48.6,72.0,4615.0,4615.48,0.0,-1.3,0.0,39.4,371.85,199.4,65.5,67.9,59.3
2022-03-10 00:00:00,23:22:25,6,37.6,0.0,48.6,72.0,4615.0,4614.53,0.0,-1.3,0.0,39.5,371.84,199.4,65.5,67.9,59.2
2022-03-10 00:00:00,23:23:25,6,37.4,0.0,48.6,72.0,4615.0,4615.2,0.0,-1.3,0.0,39.5,371.85,199.4,65.6,67.8,59.0
2022-03-10 00:00:00,23:24:25,6,37.3,0.0,48.6,72.0,4615.0,4614.35,0.0,-1.3,0.0,39.5,371.85,199.4,65.4,67.8,59.2
2022-03-10 00:00:00,23:25:25,6,37.3,0.0,48.6,72.0,4615.0,4614.03,0.0,-1.3,0.0,39.5,371.85,199.4,65.4,67.7,59.1
2022-03-10 00:00:00,23:26:25,6,37.3,0.0,48.6,72.0,4615.0,4614.74,0.0,-1.3,0.0,39.5,371.85,199.4,65.4,67.7,59.1
2022-03-10 00:00:00,23:27:25,6,37.2,0.0,48.6,72.0,4615.0,4615.38,0.0,-1.3,0.0,39.5,371.85,199.4,65.4,67.8,59.3
2022-03-10 00:00:00,23:28:25,6,37.5,0.0,48.6,72.0,4615.0,4615.13,0.0,-1.3,0.0,39.5,371.85,199.4,65.6,67.8,59.2
2022-03-10 00:00:00,23:29:25,6,38.0,0.0,48.6,72.0,4615.0,4615.27,0.0,-1.3,0.0,39.4,371.85,199.4,65.6,67.9,59.3
2022-03-10 00:00:00,23:30:25,6,38.3,0.0,48.6,72.0,4615.0,4614.7,0.0,-1.3,0.0,39.5,371.84,199.4,65.7,67.9,59.3
2022-03-10 00:00:00,23:31:25,6,38.4,0.0,48.6,72.0,4615.0,4614.38,0.0,-1.3,0.0,39.4,371.85,199.4,65.8,67.9,59.0
2022-03-10 00:00:00,23:32:25,6,38.5,0.0,48.6,72.0,4615.0,4614.38,0.0,-1.3,0.0,39.5,371.85,199.4,65.8,67.9,59.0
2022-03-10 00:00:00,23:33:25,6,38.5,0.0,48.6,72.0,4615.0,4615.48,0.0,-1.2,0.0,39.5,371.85,199.4,65.8,67.9,58.9
2022-03-10 00:00:00,23:34:25,6,38.5,0.0,48.6,72.0,4615.0,4615.45,0.0,-1.2,0.0,39.5,371.85,199.4,66.0,68.0,58.9
2022-03-10 00:00:00,23:35:25,6,38.6,0.0,48.6,72.0,4615.0,4614.88,0.0,-1.3,0.0,39.4,371.85,199.4,66.0,68.0,59.0
2022-03-10 00:00:00,23:36:25,6,38.7,0.0,48.6,72.0,4615.0,4614.88,0.0,-1.3,0.0,39.4,371.84,199.4,66.0,68.1,58.9
2022-03-10 00:00:00,23:37:25,6,38.9,0.0,48.6,72.0,4615.0,4614.28,0.0,-1.3,0.0,39.5,371.83,199.4,66.1,68.1,58.9
2022-03-10 00:00:00,23:38:25,6,38.9,0.0,48.6,72.0,4615.0,4614.14,0.0,-1.3,0.0,39.4,371.84,199.4,66.0,68.1,59.1
2022-03-10 00:00:00,23:39:25,6,39.0,0.0,48.6,72.0,4615.0,4615.06,0.0,-1.3,0.0,39.4,371.84,199.4,66.2,68.2,59.0
2022-03-10 00:00:00,23:40:25,6,39.0,0.0,48.6,72.0,4615.0,4615.41,0.0,-1.3,0.0,39.4,371.82,199.4,66.2,68.3,59.1
2022-03-10 00:00:00,23:41:25,6,39.0,0.0,48.6,72.0,4615.0,4615.16,0.0,-1.3,0.0,39.4,371.84,199.4,66.2,68.3,58.9
2022-03-10 00:00:00,23:42:25,6,39.0,0.0,48.6,72.0,4615.0,4614.84,0.0,-1.3,0.0,39.4,371.84,199.4,66.4,68.1,59.0
2022-03-10 00:00:00,23:43:25,6,38.9,0.0,48.6,72.0,4615.0,4614.35,0.0,-1.2,0.0,39.4,371.84,199.4,66.2,68.2,59.0
2022-03-10 00:00:00,23:44:25,6,38.8,0.0,48.6,72.0,4615.0,4614.38,0.0,-1.2,0.0,39.4,371.84,199.4,66.0,68.2,59.0
2022-03-10 00:00:00,23:45:25,6,38.6,0.0,48.6,72.0,4615.0,4614.7,0.0,-1.2,0.0,39.4,371.83,199.4,65.9,68.3,59.0
2022-03-10 00:00:00,23:46:25,6,38.4,0.0,48.6,72.0,4615.0,4615.27,0.0,-1.2,0.0,39.5,371.84,199.4,65.8,68.2,59.3
2022-03-10 00:00:00,23:47:25,6,38.3,0.0,48.6,72.0,4615.0,4615.23,0.0,-1.3,0.0,39.4,371.84,199.4,65.8,68.2,59.2
2022-03-10 00:00:00,23:48:25,6,38.3,0.0,48.6,72.0,4615.0,4615.16,0.0,-1.2,0.0,39.4,371.83,199.4,65.9,68.2,59.2
2022-03-10 00:00:00,23:49:25,6,38.0,0.0,48.6,72.0,4615.0,4614.17,0.0,-1.3,0.0,39.5,371.82,199.4,65.9,68.1,59.0
2022-03-10 00:00:00,23:50:25,6,37.9,0.0,48.6,72.0,4615.0,4614.31,0.0,-1.3,0.0,39.5,371.83,199.4,65.7,68.2,59.3
2022-03-10 00:00:00,23:51:25,6,38.0,0.0,48.6,72.0,4615.0,4615.06,0.0,-1.3,0.0,39.4,371.83,199.4,65.8,68.1,59.2
2022-03-10 00:00:00,23:52:25,6,37.8,0.0,48.6,72.0,4615.0,4615.23,0.0,-1.2,0.0,39.5,371.83,199.4,65.7,68.1,59.4
2022-03-10 00:00:00,23:53:25,6,37.7,0.0,48.6,72.0,4615.0,4615.06,0.0,-1.2,0.0,39.4,371.82,199.4,65.6,68.1,59.2
2022-03-10 00:00:00,23:54:25,6,37.5,0.0,48.6,72.0,4615.0,4615.23,0.0,-1.3,0.0,39.5,371.84,199.4,65.5,67.9,59.2
2022-03-10 00:00:00,23:55:25,6,37.6,0.0,48.6,72.0,4615.0,4614.24,0.0,-1.3,0.0,39.5,371.83,199.4,65.5,67.9,59.3
2022-03-10 00:00:00,23:56:25,6,37.6,0.0,48.6,72.0,4615.0,4614.31,0.0,-1.3,0.0,39.5,371.84,199.4,65.6,67.8,59.3
2022-03-10 00:00:00,23:57:25,6,37.3,0.0,48.6,72.0,4615.0,4615.55,0.0,-1.3,0.0,39.5,371.84,199.4,65.5,67.8,59.1
2022-03-10 00:00:00,23:58:25,6,37.6,0.0,48.6,72.0,4615.0,4615.09,0.0,-1.3,0.0,39.5,371.83,199.4,65.4,67.8,59.3
2022-03-10 00:00:00,23:59:25,6,37.5,0.0,48.6,72.0,4615.0,4614.99,0.0,-1.3,0.0,39.5,371.83,199.4,65.5,67.7,59.1
2022-03-11 00:00:00,00:00:25,6,37.3,0.0,48.6,72.0,4615.0,4615.13,0.0,-1.3,0.0,39.5,371.83,199.4,65.4,67.7,59.2
2022-03-11 00:00:00,00:01:25,6,37.2,0.0,48.6,72.0,4615.0,4614.21,0.0,-1.3,0.0,39.5,371.83,199.4,65.5,67.7,59.5
2022-03-11 00:00:00,00:02:25,6,37.6,0.0,48.6,72.0,4615.0,4614.14,0.0,-1.2,0.0,39.5,371.83,199.4,65.4,67.9,59.3
2022-03-11 00:00:00,00:03:25,6,38.0,0.0,48.6,72.0,4615.0,4615.45,0.0,-1.3,0.0,39.4,371.84,199.4,65.5,68.0,59.4
2022-03-11 00:00:00,00:04:25,6,38.2,0.0,48.6,72.0,4615.0,4615.13,0.0,-1.3,0.0,39.4,371.84,199.4,65.7,68.1,59.4
2022-03-11 00:00:00,00:05:25,6,38.4,0.0,48.6,72.0,4615.0,4614.81,0.0,-1.3,0.0,39.4,371.83,199.4,65.8,67.9,59.1
2022-03-11 00:00:00,00:06:25,6,38.5,0.0,48.6,72.0,4615.0,4615.23,0.0,-1.3,0.0,39.4,371.83,199.4,65.8,68.0,59.1
2022-03-11 00:00:00,00:07:25,6,38.6,0.0,48.6,72.0,4615.0,4614.38,0.0,-1.2,0.0,39.4,371.82,199.4,66.0,68.0,59.1
2022-03-11 00:00:00,00:08:25,6,38.6,0.0,48.6,72.0,4615.0,4614.49,0.0,-1.2,0.0,39.4,371.82,199.4,66.0,68.1,58.8
2022-03-11 00:00:00,00:09:25,6,38.7,0.0,48.6,72.0,4615.0,4615.38,0.0,-1.3,0.0,39.4,371.83,199.4,66.0,68.2,59.0
2022-03-11 00:00:00,00:10:25,7,38.7,0.0,48.6,72.0,4615.0,4615.2,0.0,-1.2,0.0,39.4,371.82,199.4,66.1,68.1,58.9
2022-03-11 00:00:00,00:10:42,7,38.8,0.0,48.3,72.0,4970.0,4972.0,0.0,-1.2,0.0,42.4,372.14,199.4,66.3,68.2,59.1
2022-03-11 00:00:00,00:11:43,7,38.9,0.0,48.3,72.0,4970.0,4969.62,0.0,-1.2,0.0,42.3,372.15,199.4,66.3,68.5,59.2
2022-03-11 00:00:00,00:12:43,7,39.0,0.0,48.3,72.0,4970.0,4969.31,0.0,-1.3,0.0,42.3,372.14,199.4,66.7,68.5,59.5
2022-03-11 00:00:00,00:13:43,7,39.0,0.0,48.3,72.0,4970.0,4969.38,0.0,-1.3,0.0,42.3,372.14,199.4,66.9,68.5,59.5
2022-03-11 00:00:00,00:14:43,7,39.1,0.0,48.3,72.0,4970.0,4970.47,0.0,-1.2,0.0,42.3,372.12,199.4,67.1,68.5,59.7
2022-03-11 00:00:00,00:15:43,7,39.0,0.0,48.3,72.0,4970.0,4970.05,0.0,-1.3,0.0,42.3,372.13,199.4,67.2,68.7,60.1
2022-03-11 00:00:00,00:16:43,7,39.0,0.0,48.3,72.0,4970.0,4970.4,0.0,-1.3,0.0,42.3,372.12,199.4,67.2,68.7,59.8
2022-03-11 00:00:00,00:17:43,7,38.9,0.0,48.3,72.0,4970.0,4969.98,0.0,-1.2,0.0,42.3,372.09,199.4,67.2,68.7,59.9
2022-03-11 00:00:00,00:18:43,7,38.8,0.0,48.3,72.0,4970.0,4970.12,0.0,-1.3,0.0,42.3,372.1,199.4,67.1,68.7,60.1
2022-03-11 00:00:00,00:19:43,7,38.7,0.0,48.3,72.0,4970.0,4969.62,0.0,-1.3,0.0,42.3,372.09,199.4,67.0,68.7,60.2
2022-03-11 00:00:00,00:20:43,7,38.5,0.0,48.3,72.0,4970.0,4969.24,0.0,-1.3,0.0,42.3,372.09,199.4,67.0,68.7,60.2
2022-03-11 00:00:00,00:21:43,7,38.4,0.0,48.3,72.0,4970.0,4969.27,0.0,-1.3,0.0,42.2,372.09,199.4,67.0,68.7,60.4
2022-03-11 00:00:00,00:22:43,7,38.2,0.0,48.3,72.0,4970.0,4969.66,0.0,-1.3,0.0,42.2,372.08,199.4,67.1,68.7,60.4
2022-03-11 00:00:00,00:23:43,7,38.2,0.0,48.3,72.0,4970.0,4969.41,0.0,-1.3,0.0,42.2,372.09,199.4,67.1,68.7,60.4
2022-03-11 00:00:00,00:24:43,7,38.0,0.0,48.3,72.0,4970.0,4970.12,0.0,-1.2,0.0,42.2,372.06,199.4,67.0,68.8,60.5
2022-03-11 00:00:00,00:25:43,7,37.8,0.0,48.3,72.0,4970.0,4970.3,0.0,-1.3,0.0,42.2,372.07,199.4,67.0,68.6,60.4
2022-03-11 00:00:00,00:26:43,7,37.9,0.0,48.3,72.0,4970.0,4970.26,0.0,-1.3,0.0,42.2,372.05,199.4,67.0,68.6,60.6
2022-03-11 00:00:00,00:27:43,7,37.8,0.0,48.3,72.0,4970.0,4969.94,0.0,-1.3,0.0,42.2,372.05,199.4,67.1,68.6,60.5
2022-03-11 00:00:00,00:28:43,7,37.8,0.0,48.3,72.0,4970.0,4970.62,0.0,-1.3,0.0,42.2,372.05,199.4,66.9,68.5,60.5
2022-03-11 00:00:00,00:29:43,7,37.7,0.0,48.3,72.0,4970.0,4970.05,0.0,-1.3,0.0,42.2,372.05,199.4,66.8,68.6,60.6
2022-03-11 00:00:00,00:30:43,7,37.6,0.0,48.3,72.0,4970.0,4970.33,0.0,-1.2,0.0,42.2,372.04,199.4,66.9,68.6,60.5
2022-03-11 00:00:00,00:31:43,7,37.4,0.0,48.3,72.0,4970.0,4970.3,0.0,-1.2,0.0,42.2,372.05,199.4,66.8,68.6,60.6
2022-03-11 00:00:00,00:32:43,7,37.5,0.0,48.3,72.0,4970.0,4970.26,0.0,-1.3,0.0,42.2,372.04,199.4,66.7,68.6,60.7
2022-03-11 00:00:00,00:33:43,7,37.3,0.0,48.3,72.0,4970.0,4969.84,0.0,-1.2,0.0,42.2,372.04,199.4,66.7,68.6,60.6
2022-03-11 00:00:00,00:34:43,7,37.3,0.0,48.3,72.0,4970.0,4970.3,0.0,-1.3,0.0,42.2,372.05,199.4,66.6,68.6,60.6
2022-03-11 00:00:00,00:35:43,7,37.4,0.0,48.3,72.0,4970.0,4969.66,0.0,-1.3,0.0,42.2,372.04,199.4,66.8,68.5,60.7
2022-03-11 00:00:00,00:36:43,7,37.4,0.0,48.3,72.0,4970.0,4969.24,0.0,-1.3,0.0,42.1,372.02,199.4,66.8,68.7,60.7
2022-03-11 00:00:00,00:37:43,7,37.5,0.0,48.3,72.0,4970.0,4969.31,0.0,-1.3,0.0,42.1,372.02,199.4,67.1,68.7,60.8
2022-03-11 00:00:00,00:38:43,7,38.0,0.0,48.3,72.0,4970.0,4969.2,0.0,-1.3,0.0,42.0,372.02,199.4,67.1,68.7,60.8
2022-03-11 00:00:00,00:39:43,7,38.3,0.0,48.3,72.0,4970.0,4969.16,0.0,-1.2,0.0,42.0,372.02,199.4,67.2,68.6,61.0
2022-03-11 00:00:00,00:40:43,7,38.4,0.0,48.3,72.0,4970.0,4969.31,0.0,-1.2,0.0,42.0,372.01,199.4,67.3,68.7,60.6
2022-03-11 00:00:00,00:41:43,7,38.5,0.0,48.3,72.0,4970.0,4969.7,0.0,-1.3,0.0,41.9,372.02,199.4,67.4,68.8,60.6
2022-03-11 00:00:00,00:42:43,7,38.5,0.0,48.3,72.0,4970.0,4968.95,0.0,-1.3,0.0,41.9,372.01,199.4,67.6,68.8,60.6
2022-03-11 00:00:00,00:43:43,7,38.6,0.0,48.3,72.0,4970.0,4969.06,0.0,-1.3,0.0,41.9,372.01,199.4,67.6,68.7,60.4
2022-03-11 00:00:00,00:44:43,7,38.7,0.0,48.3,72.0,4970.0,4969.2,0.0,-1.3,0.0,41.9,372.01,199.4,67.5,68.9,60.5
2022-03-11 00:00:00,00:45:43,7,38.8,0.0,48.3,72.0,4970.0,4969.31,0.0,-1.3,0.0,41.9,372.0,199.4,67.6,69.0,60.5
2022-03-11 00:00:00,00:46:43,7,38.8,0.0,48.3,72.0,4970.0,4968.95,0.0,-1.3,0.0,41.9,371.99,199.4,67.8,69.0,60.4
2022-03-11 00:00:00,00:47:43,7,38.9,0.0,48.3,72.0,4970.0,4969.31,0.0,-1.2,0.0,41.9,371.99,199.4,67.7,69.1,60.5
2022-03-11 00:00:00,00:48:43,7,39.0,0.0,48.3,72.0,4970.0,4969.38,0.0,-1.2,0.0,41.9,371.99,199.4,67.8,69.1,60.4
2022-03-11 00:00:00,00:49:43,7,39.0,0.0,48.3,72.0,4970.0,4969.09,0.0,-1.2,0.0,41.9,371.99,199.4,67.8,69.1,60.4
2022-03-11 00:00:00,00:50:43,7,39.0,0.0,48.3,72.0,4970.0,4969.34,0.0,-1.3,0.0,41.9,371.99,199.4,68.0,69.2,60.5
2022-03-11 00:00:00,00:51:43,7,39.0,0.0,48.3,72.0,4970.0,4969.34,0.0,-1.3,0.0,41.9,371.98,199.4,68.0,69.2,60.5
2022-03-11 00:00:00,00:52:43,7,38.9,0.0,48.3,72.0,4970.0,4969.02,0.0,-1.3,0.0,41.9,371.98,199.4,67.9,69.2,60.6
2022-03-11 00:00:00,00:53:43,7,38.8,0.0,48.3,72.0,4970.0,4969.06,0.0,-1.3,0.0,41.9,371.97,199.4,67.7,69.1,60.6
2022-03-11 00:00:00,00:54:43,7,38.6,0.0,48.3,72.0,4970.0,4969.27,0.0,-1.3,0.0,41.9,371.98,199.4,67.6,69.3,60.7
2022-03-11 00:00:00,00:55:43,7,38.4,0.0,48.3,72.0,4970.0,4969.52,0.0,-1.3,0.0,41.9,371.97,199.4,67.7,69.2,60.7
2022-03-11 00:00:00,00:56:43,7,38.3,0.0,48.3,72.0,4970.0,4969.62,0.0,-1.3,0.0,41.9,371.98,199.4,67.5,69.2,60.9
2022-03-11 00:00:00,00:57:43,7,38.3,0.0,48.3,72.0,4970.0,4970.19,0.0,-1.2,0.0,41.9,371.96,199.4,67.4,69.2,60.9
2022-03-11 00:00:00,00:58:43,7,38.2,0.0,48.3,72.0,4970.0,4970.33,0.0,-1.3,0.0,41.9,371.95,199.4,67.4,69.1,61.0
2022-03-11 00:00:00,00:59:43,7,38.0,0.0,48.3,72.0,4970.0,4970.51,0.0,-1.3,0.0,41.9,371.95,199.4,67.4,69.1,61.0
2022-03-11 00:00:00,01:00:43,7,37.9,0.0,48.3,72.0,4970.0,4970.51,0.0,-1.3,0.0,41.9,371.95,199.4,67.4,69.1,61.0
2022-03-11 00:00:00,01:01:43,7,37.7,0.0,48.3,72.0,4970.0,4970.19,0.0,-1.3,0.0,41.9,371.95,199.4,67.4,69.2,61.0
2022-03-11 00:00:00,01:02:43,7,37.8,0.0,48.3,72.0,4970.0,4970.23,0.0,-1.2,0.0,41.9,371.96,199.4,67.5,69.0,60.9
2022-03-11 00:00:00,01:03:43,7,37.7,0.0,48.3,72.0,4970.0,4970.23,0.0,-1.3,0.0,41.9,371.95,199.4,67.5,68.9,60.9
2022-03-11 00:00:00,01:04:43,7,37.8,0.0,48.3,72.0,4970.0,4970.19,0.0,-1.2,0.0,41.9,371.95,199.4,67.4,69.0,60.8
2022-03-11 00:00:00,01:05:43,7,37.5,0.0,48.3,72.0,4970.0,4970.16,0.0,-1.2,0.0,41.9,371.95,199.4,67.3,69.0,60.9
2022-03-11 00:00:00,01:06:43,7,37.5,0.0,48.3,72.0,4970.0,4969.91,0.0,-1.3,0.0,41.9,371.95,199.4,67.2,68.9,60.9
2022-03-11 00:00:00,01:07:43,7,37.4,0.0,48.3,72.0,4970.0,4970.26,0.0,-1.3,0.0,41.9,371.94,199.4,67.2,68.9,60.8
2022-03-11 00:00:00,01:08:43,7,37.4,0.0,48.3,72.0,4970.0,4970.01,0.0,-1.3,0.0,41.9,371.96,199.4,67.3,68.8,60.8
2022-03-11 00:00:00,01:09:43,7,37.3,0.0,48.3,72.0,4970.0,4969.98,0.0,-1.2,0.0,41.9,371.95,199.4,67.2,68.9,60.8
2022-03-11 00:00:00,01:10:43,7,37.4,0.0,48.3,72.0,4970.0,4969.8,0.0,-1.3,0.0,41.9,371.94,199.4,67.3,68.8,60.8
2022-03-11 00:00:00,01:11:43,7,37.5,0.0,48.3,72.0,4970.0,4969.38,0.0,-1.3,0.0,41.9,371.95,199.4,67.3,69.0,61.0
2022-03-11 00:00:00,01:12:43,7,37.9,0.0,48.3,72.0,4970.0,4969.13,0.0,-1.3,0.0,41.8,371.94,199.4,67.4,68.9,60.9
2022-03-11 00:00:00,01:13:43,7,38.2,0.0,48.3,72.0,4970.0,4969.2,0.0,-1.3,0.0,41.8,371.95,199.4,67.6,69.0,61.1
2022-03-11 00:00:00,01:14:43,7,38.3,0.0,48.3,72.0,4970.0,4969.31,0.0,-1.3,0.0,41.8,371.94,199.4,67.6,69.1,60.8
2022-03-11 00:00:00,01:15:43,7,38.5,0.0,48.3,72.0,4970.0,4969.34,0.0,-1.2,0.0,41.8,371.94,199.4,67.7,69.0,61.0
2022-03-11 00:00:00,01:16:43,7,38.6,0.0,48.3,72.0,4970.0,4969.66,0.0,-1.3,0.0,41.8,371.95,199.4,67.7,69.0,60.8
2022-03-11 00:00:00,01:17:43,7,38.6,0.0,48.3,72.0,4970.0,4970.3,0.0,-1.3,0.0,41.8,371.93,199.4,67.8,69.0,60.6
2022-03-11 00:00:00,01:18:43,7,38.7,0.0,48.3,72.0,4970.0,4970.05,0.0,-1.3,0.0,41.8,371.93,199.4,67.8,69.2,60.6
2022-03-11 00:00:00,01:19:43,7,38.8,0.0,48.3,72.0,4970.0,4970.26,0.0,-1.3,0.0,41.8,371.93,199.4,67.9,69.2,60.7
2022-03-11 00:00:00,01:20:43,7,38.9,0.0,48.3,72.0,4970.0,4970.4,0.0,-1.3,0.0,41.8,371.92,199.4,67.9,69.3,60.7
2022-03-11 00:00:00,01:21:43,7,38.9,0.0,48.3,72.0,4970.0,4969.91,0.0,-1.3,0.0,41.8,371.92,199.4,67.9,69.2,60.8
2022-03-11 00:00:00,01:22:43,7,39.0,0.0,48.3,72.0,4970.0,4969.73,0.0,-1.3,0.0,41.8,371.92,199.4,68.1,69.3,60.6
2022-03-11 00:00:00,01:23:43,7,39.0,0.0,48.3,72.0,4970.0,4970.4,0.0,-1.3,0.0,41.9,371.92,199.4,68.2,69.4,60.8
2022-03-11 00:00:00,01:24:43,7,39.0,0.0,48.3,72.0,4970.0,4969.91,0.0,-1.3,0.0,41.8,371.91,199.4,68.1,69.5,60.8
2022-03-11 00:00:00,01:25:43,7,39.1,0.0,48.3,72.0,4970.0,4969.09,0.0,-1.3,0.0,41.8,371.92,199.4,68.0,69.5,60.8
2022-03-11 00:00:00,01:26:43,7,38.9,0.0,48.3,72.0,4970.0,4969.31,0.0,-1.2,0.0,41.8,371.92,199.4,68.1,69.4,60.7
2022-03-11 00:00:00,01:27:43,7,38.7,0.0,48.3,72.0,4970.0,4969.09,0.0,-1.2,0.0,41.8,371.91,199.4,68.0,69.5,60.8
2022-03-11 00:00:00,01:28:43,7,38.6,0.0,48.3,72.0,4970.0,4969.06,0.0,-1.3,0.0,41.8,371.9,199.4,67.8,69.5,60.8
2022-03-11 00:00:00,01:29:43,7,38.6,0.0,48.3,72.0,4970.0,4970.16,0.0,-1.2,0.0,41.8,371.91,199.4,67.8,69.5,60.9
2022-03-11 00:00:00,01:30:43,7,38.4,0.0,48.3,72.0,4970.0,4970.47,0.0,-1.3,0.0,41.8,371.91,199.4,67.7,69.4,61.0
2022-03-11 00:00:00,01:31:43,7,38.2,0.0,48.3,72.0,4970.0,4970.12,0.0,-1.3,0.0,41.8,371.9,199.4,67.7,69.3,61.1
2022-03-11 00:00:00,01:32:43,7,38.1,0.0,48.3,72.0,4970.0,4969.84,0.0,-1.3,0.0,41.8,371.9,199.4,67.8,69.4,61.0
2022-03-11 00:00:00,01:33:43,7,38.0,0.0,48.3,72.0,4970.0,4970.51,0.0,-1.3,0.0,41.8,371.9,199.4,67.7,69.4,61.1
2022-03-11 00:00:00,01:34:43,7,37.8,0.0,48.3,72.0,4970.0,4970.26,0.0,-1.3,0.0,41.8,371.89,199.4,67.6,69.3,61.1
2022-03-11 00:00:00,01:35:43,7,37.6,0.0,48.3,72.0,4970.0,4969.41,0.0,-1.2,0.0,41.8,371.89,199.4,67.7,69.2,61.0
2022-03-11 00:00:00,01:36:43,7,37.6,0.0,48.3,72.0,4970.0,4969.16,0.0,-1.3,0.0,41.8,371.9,199.4,67.6,69.2,61.1
2022-03-11 00:00:00,01:37:43,7,37.6,0.0,48.3,72.0,4970.0,4969.24,0.0,-1.3,0.0,41.8,371.89,199.4,67.5,69.1,61.2
2022-03-11 00:00:00,01:38:43,7,37.6,0.0,48.3,72.0,4970.0,4969.2,0.0,-1.2,0.0,41.8,371.89,199.4,67.5,69.1,61.0
2022-03-11 00:00:00,01:39:43,7,37.5,0.0,48.3,72.0,4970.0,4970.51,0.0,-1.2,0.0,41.8,371.89,199.4,67.6,69.2,60.9
2022-03-11 00:00:00,01:40:43,7,37.5,0.0,48.3,72.0,4970.0,4970.26,0.0,-1.2,0.0,41.8,371.89,199.4,67.4,69.1,61.2
2022-03-11 00:00:00,01:41:43,7,37.4,0.0,48.3,72.0,4970.0,4970.16,0.0,-1.2,0.0,41.8,371.89,199.4,67.4,69.1,61.0
2022-03-11 00:00:00,01:42:43,7,37.4,0.0,48.3,72.0,4970.0,4970.16,0.0,-1.2,0.0,41.9,371.89,199.4,67.4,69.1,61.1
2022-03-11 00:00:00,01:43:43,7,37.2,0.0,48.3,72.0,4970.0,4970.37,0.0,-1.2,0.0,41.9,371.89,199.4,67.3,68.9,61.0
2022-03-11 00:00:00,01:44:43,7,37.1,0.0,48.3,72.0,4970.0,4969.52,0.0,-1.2,0.0,41.9,371.88,199.4,67.2,69.0,61.0
2022-03-11 00:00:00,01:45:43,7,37.3,0.0,48.3,72.0,4970.0,4969.62,0.0,-1.2,0.0,41.9,371.89,199.4,67.4,69.0,61.1
2022-03-11 00:00:00,01:46:43,7,37.6,0.0,48.3,72.0,4970.0,4969.24,0.0,-1.2,0.0,41.8,371.89,199.4,67.5,69.1,61.2
2022-03-11 00:00:00,01:47:43,7,38.0,0.0,48.3,72.0,4970.0,4969.73,0.0,-1.3,0.0,41.8,371.88,199.4,67.6,69.2,61.3
2022-03-11 00:00:00,01:48:43,7,38.3,0.0,48.3,72.0,4970.0,4970.65,0.0,-1.3,0.0,41.8,371.88,199.4,67.7,69.2,61.1
2022-03-11 00:00:00,01:49:43,7,38.4,0.0,48.3,72.0,4970.0,4970.47,0.0,-1.2,0.0,41.8,371.89,199.4,67.8,69.1,61.0
2022-03-11 00:00:00,01:50:43,7,38.5,0.0,48.3,72.0,4970.0,4970.19,0.0,-1.2,0.0,41.8,371.89,199.4,67.8,69.1,60.8
2022-03-11 00:00:00,01:51:43,7,38.5,0.0,48.3,72.0,4970.0,4970.16,0.0,-1.3,0.0,41.8,371.87,199.4,67.8,69.2,60.8
2022-03-11 00:00:00,01:52:43,7,38.6,0.0,48.3,72.0,4970.0,4970.3,0.0,-1.3,0.0,41.8,371.88,199.4,67.9,69.2,60.8
2022-03-11 00:00:00,01:53:43,7,38.7,0.0,48.3,72.0,4970.0,4969.38,0.0,-1.3,0.0,41.8,371.88,199.4,67.9,69.3,60.8
2022-03-11 00:00:00,01:54:43,7,38.8,0.0,48.3,72.0,4970.0,4969.31,0.0,-1.3,0.0,41.8,371.88,199.4,68.1,69.3,60.8
2022-03-11 00:00:00,01:55:43,7,38.8,0.0,48.3,72.0,4970.0,4969.8,0.0,-1.3,0.0,41.8,371.88,199.4,68.0,69.5,60.8
2022-03-11 00:00:00,01:56:43,7,39.0,0.0,48.3,72.0,4970.0,4970.65,0.0,-1.3,0.0,41.8,371.86,199.4,68.1,69.4,60.8
2022-03-11 00:00:00,01:57:43,7,39.0,0.0,48.3,72.0,4970.0,4970.4,0.0,-1.3,0.0,41.8,371.88,199.4,68.3,69.5,60.6
2022-03-11 00:00:00,01:58:43,7,39.0,0.0,48.3,72.0,4970.0,4970.12,0.0,-1.3,0.0,41.8,371.86,199.4,68.3,69.4,60.8
2022-03-11 00:00:00,01:59:43,7,39.1,0.0,48.3,72.0,4970.0,4970.26,0.0,-1.3,0.0,41.8,371.86,199.4,68.3,69.6,60.9
2022-03-11 00:00:00,02:00:43,7,39.1,0.0,48.3,72.0,4970.0,4969.41,0.0,-1.3,0.0,41.8,371.86,199.4,68.3,69.6,60.9
2022-03-11 00:00:00,02:01:43,7,39.0,0.0,48.3,72.0,4970.0,4968.92,0.0,-1.3,0.0,41.8,371.85,199.4,68.2,69.6,60.8
2022-03-11 00:00:00,02:02:43,7,38.8,0.0,48.3,72.0,4970.0,4969.38,0.0,-1.3,0.0,41.8,371.85,199.4,68.1,69.5,60.9
2022-03-11 00:00:00,02:03:43,7,38.7,0.0,48.3,72.0,4970.0,4970.58,0.0,-1.3,0.0,41.8,371.85,199.4,68.0,69.6,60.8
2022-03-11 00:00:00,02:04:43,7,38.6,0.0,48.3,72.0,4970.0,4970.19,0.0,-1.3,0.0,41.8,371.85,199.4,68.0,69.5,60.9
2022-03-11 00:00:00,02:05:43,7,38.5,0.0,48.3,72.0,4970.0,4970.3,0.0,-1.2,0.0,41.8,371.85,199.4,67.9,69.6,61.1
2022-03-11 00:00:00,02:06:43,7,38.4,0.0,48.3,72.0,4970.0,4970.47,0.0,-1.2,0.0,41.8,371.85,199.4,67.9,69.4,61.0
2022-03-11 00:00:00,02:07:43,7,38.1,0.0,48.3,72.0,4970.0,4969.38,0.0,-1.2,0.0,41.8,371.84,199.4,67.9,69.4,61.1
2022-03-11 00:00:00,02:08:43,7,38.0,0.0,48.3,72.0,4970.0,4969.13,0.0,-1.3,0.0,41.8,371.85,199.4,67.7,69.5,61.2
2022-03-11 00:00:00,02:09:43,7,37.8,0.0,48.3,72.0,4970.0,4969.98,0.0,-1.2,0.0,41.8,371.85,199.4,67.8,69.5,61.2
2022-03-11 00:00:00,02:10:43,7,37.9,0.0,48.3,72.0,4970.0,4970.08,0.0,-1.2,0.0,41.8,371.85,199.4,67.7,69.4,61.2
2022-03-11 00:00:00,02:11:43,7,37.7,0.0,48.3,72.0,4970.0,4970.44,0.0,-1.2,0.0,41.8,371.83,199.4,67.7,69.3,61.1
2022-03-11 00:00:00,02:12:43,7,37.5,0.0,48.3,72.0,4970.0,4970.44,0.0,-1.2,0.0,41.8,371.85,199.4,67.8,69.3,61.2
2022-03-11 00:00:00,02:13:43,7,37.7,0.0,48.3,72.0,4970.0,4969.73,0.0,-1.2,0.0,41.8,371.84,199.4,67.6,69.3,61.1
2022-03-11 00:00:00,02:14:43,7,37.7,0.0,48.3,72.0,4970.0,4968.92,0.0,-1.3,0.0,41.8,371.83,199.4,67.6,69.2,61.3
2022-03-11 00:00:00,02:15:43,7,37.5,0.0,48.3,72.0,4970.0,4969.62,0.0,-1.3,0.0,41.8,371.83,199.4,67.5,69.3,61.3
2022-03-11 00:00:00,02:16:43,7,37.6,0.0,48.3,72.0,4970.0,4970.4,0.0,-1.2,0.0,41.8,371.85,199.4,67.5,69.2,61.2
2022-03-11 00:00:00,02:17:43,7,37.4,0.0,48.3,72.0,4970.0,4970.23,0.0,-1.2,0.0,41.8,371.84,199.4,67.6,69.1,60.9
2022-03-11 00:00:00,02:18:43,7,37.3,0.0,48.3,72.0,4970.0,4970.12,0.0,-1.2,0.0,41.8,371.82,199.4,67.5,69.1,61.1
2022-03-11 00:00:00,02:19:43,7,37.2,0.0,48.3,72.0,4970.0,4970.19,0.0,-1.2,0.0,41.8,371.84,199.4,67.3,69.1,61.0
2022-03-11 00:00:00,02:20:43,7,37.3,0.0,48.3,72.0,4970.0,4969.34,0.0,-1.2,0.0,41.8,371.83,199.4,67.6,69.2,61.1
2022-03-11 00:00:00,02:21:43,7,37.5,0.0,48.3,72.0,4970.0,4969.48,0.0,-1.3,0.0,41.8,371.82,199.4,67.6,69.2,61.2
2022-03-11 00:00:00,02:22:43,7,38.0,0.0,48.3,72.0,4970.0,4970.51,0.0,-1.3,0.0,41.8,371.83,199.4,67.7,69.3,61.3
2022-03-11 00:00:00,02:23:43,7,38.3,0.0,48.3,72.0,4970.0,4970.08,0.0,-1.3,0.0,41.8,371.82,199.4,67.8,69.3,61.2
2022-03-11 00:00:00,02:24:43,7,38.4,0.0,48.3,72.0,4970.0,4969.98,0.0,-1.3,0.0,41.8,371.83,199.4,67.9,69.3,61.0
2022-03-11 00:00:00,02:25:43,7,38.5,0.0,48.3,72.0,4970.0,4970.3,0.0,-1.2,0.0,41.8,371.82,199.4,67.9,69.3,61.0
2022-03-11 00:00:00,02:26:43,7,38.6,0.0,48.3,72.0,4970.0,4969.13,0.0,-1.2,0.0,41.8,371.82,199.4,68.0,69.4,60.9
2022-03-11 00:00:00,02:27:43,7,38.6,0.0,48.3,72.0,4970.0,4969.09,0.0,-1.2,0.0,41.8,371.83,199.4,68.1,69.4,61.0
2022-03-11 00:00:00,02:28:43,7,38.7,0.0,48.3,72.0,4970.0,4970.72,0.0,-1.3,0.0,41.8,371.83,199.4,68.0,69.3,61.0
2022-03-11 00:00:00,02:29:43,7,38.8,0.0,48.3,72.0,4970.0,4970.47,0.0,-1.2,0.0,41.8,371.83,199.4,68.1,69.5,60.8
2022-03-11 00:00:00,02:30:43,7,38.9,0.0,48.3,72.0,4970.0,4969.87,0.0,-1.2,0.0,41.8,371.82,199.4,68.2,69.5,60.7
2022-03-11 00:00:00,02:31:43,7,38.9,0.0,48.3,72.0,4970.0,4970.16,0.0,-1.3,0.0,41.8,371.82,199.4,68.2,69.6,60.9
2022-03-11 00:00:00,02:32:43,7,39.0,0.0,48.3,72.0,4970.0,4969.24,0.0,-1.3,0.0,41.8,371.82,199.4,68.2,69.6,60.9
2022-03-11 00:00:00,02:33:43,7,39.0,0.0,48.3,72.0,4970.0,4969.66,0.0,-1.3,0.0,41.8,371.82,199.4,68.3,69.6,60.9
2022-03-11 00:00:00,02:34:43,7,39.0,0.0,48.3,72.0,4970.0,4970.65,0.0,-1.2,0.0,41.8,371.82,199.4,68.3,69.6,61.0
2022-03-11 00:00:00,02:35:43,7,39.0,0.0,48.3,72.0,4970.0,4970.23,0.0,-1.2,0.0,41.8,371.82,199.4,68.3,69.6,61.1
2022-03-11 00:00:00,02:36:43,7,38.7,0.0,48.3,72.0,4970.0,4970.23,0.0,-1.3,0.0,41.8,371.82,199.4,68.2,69.5,60.9
2022-03-11 00:00:00,02:37:43,7,38.6,0.0,48.3,72.0,4970.0,4969.2,0.0,-1.3,0.0,41.8,371.81,199.4,68.1,69.6,61.0
2022-03-11 00:00:00,02:38:43,7,38.6,0.0,48.3,72.0,4970.0,4969.52,0.0,-1.2,0.0,41.8,371.8,199.4,68.0,69.6,61.1
2022-03-11 00:00:00,02:39:43,7,38.4,0.0,48.3,72.0,4970.0,4970.33,0.0,-1.2,0.0,41.8,371.81,199.4,68.0,69.4,61.1
2022-03-11 00:00:00,02:40:43,7,38.3,0.0,48.3,72.0,4970.0,4970.12,0.0,-1.3,0.0,41.8,371.82,199.4,68.0,69.5,61.2
2022-03-11 00:00:00,02:41:43,7,38.1,0.0,48.3,72.0,4970.0,4970.69,0.0,-1.2,0.0,41.8,371.81,199.4,67.8,69.5,61.2
2022-03-11 00:00:00,02:42:43,7,38.0,0.0,48.3,72.0,4970.0,4969.45,0.0,-1.3,0.0,41.8,371.81,199.4,67.8,69.5,61.2
2022-03-11 00:00:00,02:43:43,7,37.8,0.0,48.3,72.0,4970.0,4969.27,0.0,-1.3,0.0,41.8,371.79,199.4,67.8,69.5,61.2
2022-03-11 00:00:00,02:44:43,7,37.7,0.0,48.3,72.0,4970.0,4970.37,0.0,-1.2,0.0,41.8,371.8,199.4,67.7,69.5,61.4
2022-03-11 00:00:00,02:45:43,7,37.7,0.0,48.3,72.0,4970.0,4970.12,0.0,-1.2,0.0,41.8,371.79,199.4,67.6,69.5,61.3
2022-03-11 00:00:00,02:46:43,7,37.7,0.0,48.3,72.0,4970.0,4970.12,0.0,-1.2,0.0,41.8,371.81,199.4,67.6,69.4,61.3
2022-03-11 00:00:00,02:47:43,7,37.9,0.0,48.3,72.0,4970.0,4969.48,0.0,-1.3,0.0,41.8,371.81,199.4,67.7,69.2,61.3
2022-03-11 00:00:00,02:48:43,7,37.7,0.0,48.3,72.0,4970.0,4969.06,0.0,-1.2,0.0,41.8,371.8,199.4,67.7,69.4,61.0
2022-03-11 00:00:00,02:49:43,7,37.4,0.0,48.3,72.0,4970.0,4970.54,0.0,-1.2,0.0,41.8,371.8,199.4,67.4,69.2,61.1
2022-03-11 00:00:00,02:50:43,7,37.6,0.0,48.3,72.0,4970.0,4970.4,0.0,-1.2,0.0,41.8,371.8,199.4,67.6,69.2,61.0
2022-03-11 00:00:00,02:51:43,7,37.3,0.0,48.3,72.0,4970.0,4970.47,0.0,-1.2,0.0,41.8,371.8,199.4,67.5,69.3,61.2
2022-03-11 00:00:00,02:52:43,7,37.3,0.0,48.3,72.0,4970.0,4969.41,0.0,-1.2,0.0,41.8,371.79,199.4,67.5,69.1,61.1
2022-03-11 00:00:00,02:53:43,7,37.2,0.0,48.3,72.0,4970.0,4969.31,0.0,-1.2,0.0,41.8,371.79,199.4,67.5,69.1,61.0
2022-03-11 00:00:00,02:54:43,7,37.4,0.0,48.3,72.0,4970.0,4970.4,0.0,-1.3,0.0,41.8,371.8,199.4,67.5,69.3,61.2
2022-03-11 00:00:00,02:55:43,7,37.8,0.0,48.3,72.0,4970.0,4970.3,0.0,-1.2,0.0,41.8,371.79,199.4,67.7,69.3,61.1
2022-03-11 00:00:00,02:56:43,7,38.1,0.0,48.3,72.0,4970.0,4969.94,0.0,-1.3,0.0,41.8,371.79,199.4,67.8,69.2,61.3
2022-03-11 00:00:00,02:57:43,7,38.3,0.0,48.3,72.0,4970.0,4969.16,0.0,-1.2,0.0,41.8,371.79,199.4,67.8,69.4,61.2
2022-03-11 00:00:00,02:58:43,7,38.4,0.0,48.3,72.0,4970.0,4969.8,0.0,-1.3,0.0,41.8,371.79,199.4,68.0,69.4,60.9
2022-03-11 00:00:00,02:59:43,7,38.5,0.0,48.3,72.0,4970.0,4970.16,0.0,-1.3,0.0,41.8,371.79,199.4,68.1,69.2,60.8
2022-03-11 00:00:00,03:00:43,7,38.6,0.0,48.3,72.0,4970.0,4970.37,0.0,-1.3,0.0,41.8,371.78,199.4,68.1,69.3,60.8
2022-03-11 00:00:00,03:01:43,7,38.6,0.0,48.3,72.0,4970.0,4970.01,0.0,-1.3,0.0,41.7,371.79,199.4,68.0,69.4,60.9
2022-03-11 00:00:00,03:02:43,7,38.7,0.0,48.3,72.0,4970.0,4969.45,0.0,-1.3,0.0,41.8,371.79,199.4,68.1,69.5,60.9
2022-03-11 00:00:00,03:03:43,7,38.8,0.0,48.3,72.0,4970.0,4970.12,0.0,-1.2,0.0,41.8,371.77,199.4,68.2,69.5,60.9
2022-03-11 00:00:00,03:04:43,7,38.9,0.0,48.3,72.0,4970.0,4970.47,0.0,-1.2,0.0,41.8,371.78,199.4,68.2,69.5,60.8
2022-03-11 00:00:00,03:05:43,7,39.0,0.0,48.3,72.0,4970.0,4970.23,0.0,-1.2,0.0,41.8,371.79,199.4,68.2,69.7,60.9
2022-03-11 00:00:00,03:06:43,7,39.0,0.0,48.3,72.0,4970.0,4969.16,0.0,-1.2,0.0,41.7,371.78,199.4,68.3,69.6,60.8
2022-03-11 00:00:00,03:07:43,7,39.0,0.0,48.3,72.0,4970.0,4969.2,0.0,-1.2,0.0,41.7,371.78,199.4,68.4,69.7,60.9
2022-03-11 00:00:00,03:08:43,7,39.0,0.0,48.3,72.0,4970.0,4970.23,0.0,-1.2,0.0,41.7,371.79,199.4,68.5,69.6,60.9
2022-03-11 00:00:00,03:09:43,7,38.9,0.0,48.3,72.0,4970.0,4969.77,0.0,-1.2,0.0,41.7,371.77,199.4,68.4,69.6,60.9
2022-03-11 00:00:00,03:10:43,7,38.8,0.0,48.3,72.0,4970.0,4970.26,0.0,-1.3,0.0,41.7,371.76,199.4,68.3,69.7,61.0
2022-03-11 00:00:00,03:11:43,7,38.6,0.0,48.3,72.0,4970.0,4968.92,0.0,-1.2,0.0,41.7,371.77,199.4,68.2,69.6,61.0
2022-03-11 00:00:00,03:12:43,7,38.4,0.0,48.3,72.0,4970.0,4970.23,0.0,-1.3,0.0,41.8,371.75,199.4,68.0,69.7,61.2
2022-03-11 00:00:00,03:13:43,7,38.4,0.0,48.3,72.0,4970.0,4970.62,0.0,-1.3,0.0,41.8,371.78,199.4,68.1,69.6,61.1
2022-03-11 00:00:00,03:14:43,7,38.3,0.0,48.3,72.0,4970.0,4970.3,0.0,-1.2,0.0,41.8,371.76,199.4,67.9,69.7,61.2
2022-03-11 00:00:00,03:15:43,7,38.1,0.0,48.3,72.0,4970.0,4969.02,0.0,-1.2,0.0,41.8,371.76,199.4,67.9,69.5,61.3
2022-03-11 00:00:00,03:16:43,7,38.0,0.0,48.3,72.0,4970.0,4969.77,0.0,-1.2,0.0,41.8,371.76,199.4,68.0,69.6,61.2
2022-03-11 00:00:00,03:17:43,7,37.9,0.0,48.3,72.0,4970.0,4970.3,0.0,-1.2,0.0,41.8,371.76,199.4,67.9,69.5,61.1
2022-03-11 00:00:00,03:18:43,7,37.6,0.0,48.3,72.0,4970.0,4970.05,0.0,-1.3,0.0,41.8,371.78,199.4,67.8,69.4,61.2
2022-03-11 00:00:00,03:19:43,7,37.6,0.0,48.3,72.0,4970.0,4968.99,0.0,-1.2,0.0,41.7,371.75,199.4,67.8,69.4,61.3
2022-03-11 00:00:00,03:20:43,7,37.7,0.0,48.3,72.0,4970.0,4970.12,0.0,-1.3,0.0,41.8,371.76,199.4,67.7,69.4,61.3
2022-03-11 00:00:00,03:21:43,7,37.8,0.0,48.3,72.0,4970.0,4970.26,0.0,-1.3,0.0,41.8,371.75,199.4,67.7,69.4,61.1
2022-03-11 00:00:00,03:22:43,7,37.6,0.0,48.3,72.0,4970.0,4969.73,0.0,-1.3,0.0,41.8,371.75,199.4,67.6,69.3,61.2
2022-03-11 00:00:00,03:23:43,7,37.5,0.0,48.3,72.0,4970.0,4969.38,0.0,-1.2,0.0,41.8,371.75,199.4,67.7,69.3,61.2
2022-03-11 00:00:00,03:24:43,7,37.5,0.0,48.3,72.0,4970.0,4969.16,0.0,-1.3,0.0,41.8,371.75,199.4,67.6,69.3,61.1
2022-03-11 00:00:00,03:25:43,7,37.4,0.0,48.3,72.0,4970.0,4970.19,0.0,-1.3,0.0,41.8,371.75,199.4,67.5,69.3,61.2
2022-03-11 00:00:00,03:26:43,7,37.4,0.0,48.3,72.0,4970.0,4970.08,0.0,-1.3,0.0,41.8,371.76,199.4,67.4,69.3,61.1
2022-03-11 00:00:00,03:27:43,7,37.4,0.0,48.3,72.0,4970.0,4969.34,0.0,-1.2,0.0,41.8,371.76,199.4,67.5,69.1,61.2
2022-03-11 00:00:00,03:28:43,7,37.3,0.0,48.3,72.0,4970.0,4968.95,0.0,-1.2,0.0,41.8,371.75,199.4,67.6,69.3,61.2
2022-03-11 00:00:00,03:29:43,7,37.4,0.0,48.3,72.0,4970.0,4970.51,0.0,-1.2,0.0,41.8,371.74,199.4,67.6,69.3,61.2
2022-03-11 00:00:00,03:30:43,7,37.9,0.0,48.3,72.0,4970.0,4970.08,0.0,-1.2,0.0,41.8,371.75,199.4,67.7,69.4,61.3
2022-03-11 00:00:00,03:31:43,7,38.2,0.0,48.3,72.0,4970.0,4969.34,0.0,-1.2,0.0,41.7,371.75,199.4,67.9,69.3,61.2
2022-03-11 00:00:00,03:32:43,7,38.3,0.0,48.3,72.0,4970.0,4968.99,0.0,-1.3,0.0,41.7,371.75,199.4,68.0,69.3,61.1
2022-03-11 00:00:00,03:33:43,7,38.4,0.0,48.3,72.0,4970.0,4970.51,0.0,-1.3,0.0,41.8,371.74,199.4,68.1,69.4,60.9
2022-03-11 00:00:00,03:34:43,7,38.5,0.0,48.3,72.0,4970.0,4969.87,0.0,-1.2,0.0,41.8,371.75,199.4,68.2,69.4,61.1
2022-03-11 00:00:00,03:35:43,7,38.6,0.0,48.3,72.0,4970.0,4969.48,0.0,-1.2,0.0,41.8,371.75,199.4,68.1,69.4,60.8
2022-03-11 00:00:00,03:36:43,7,38.7,0.0,48.3,72.0,4970.0,4969.27,0.0,-1.2,0.0,41.7,371.74,199.4,68.1,69.5,60.8
2022-03-11 00:00:00,03:37:43,7,38.7,0.0,48.3,72.0,4970.0,4970.47,0.0,-1.3,0.0,41.7,371.74,199.4,68.2,69.4,61.1
2022-03-11 00:00:00,03:38:43,7,38.8,0.0,48.3,72.0,4970.0,4969.8,0.0,-1.3,0.0,41.7,371.73,199.4,68.2,69.6,61.0
2022-03-11 00:00:00,03:39:43,7,38.9,0.0,48.3,72.0,4970.0,4969.31,0.0,-1.3,0.0,41.7,371.74,199.4,68.3,69.6,60.9
2022-03-11 00:00:00,03:40:43,7,39.0,0.0,48.3,72.0,4970.0,4969.52,0.0,-1.3,0.0,41.7,371.74,199.4,68.4,69.6,60.9
2022-03-11 00:00:00,03:41:43,7,39.0,0.0,48.3,72.0,4970.0,4970.33,0.0,-1.3,0.0,41.7,371.75,199.4,68.3,69.7,61.1
2022-03-11 00:00:00,03:42:43,7,39.0,0.0,48.3,72.0,4970.0,4969.98,0.0,-1.3,0.0,41.7,371.74,199.4,68.4,69.6,61.1
2022-03-11 00:00:00,03:43:18,7,39.0,0.0,46.2,72.0,4970.0,3572.51,0.0,-1.3,0.0,65.6,373.11,199.4,67.8,69.2,61.1
2022-03-11 00:00:00,03:43:19,7,39.0,0.0,44.7,71.9,4970.0,3769.79,0.0,-1.2,0.0,81.4,373.11,199.4,68.1,69.6,61.1
2022-03-11 00:00:00,03:43:19,7,39.0,0.0,44.7,71.9,4970.0,3769.79,0.0,-1.2,0.0,81.4,373.11,199.4,68.1,69.6,61.1
2022-03-11 00:00:00,03:43:20,7,39.0,0.0,43.2,71.8,4970.0,4055.68,0.0,-1.2,0.0,96.9,378.94,199.4,68.0,70.0,61.1
2022-03-11 00:00:00,03:43:20,7,39.0,0.0,43.2,71.8,4970.0,4055.68,0.0,-1.2,0.0,96.9,378.94,199.4,68.0,70.0,61.1
2022-03-11 00:00:00,03:43:21,7,39.0,0.0,41.8,71.8,4970.0,4302.0,0.0,-1.3,0.0,111.3,380.22,199.4,68.2,70.8,61.2
2022-03-11 00:00:00,03:43:21,7,39.0,0.0,41.8,71.8,4970.0,4302.0,0.0,-1.3,0.0,111.3,380.22,199.4,68.2,70.8,61.2
2022-03-11 00:00:00,03:43:22,7,39.0,0.0,40.5,71.7,4970.0,4481.69,0.0,-1.2,0.0,124.1,380.22,199.4,68.7,71.2,61.3
2022-03-11 00:00:00,03:43:22,7,39.0,0.0,40.5,71.7,4970.0,4481.69,0.0,-1.2,0.0,124.1,380.22,199.4,68.7,71.2,61.3
2022-03-11 00:00:00,03:43:22,7,39.1,0.0,40.0,71.7,4970.0,4511.27,0.0,-1.3,0.0,126.2,380.22,199.4,68.7,71.2,61.3
2022-03-11 00:00:00,03:43:22,7,39.1,0.0,40.0,71.7,4970.0,4511.27,0.0,-1.3,0.0,126.2,380.22,199.4,68.7,71.2,61.3
